[2026-08-26 21:16:55Z INFO HostContext] No proxy settings were found based on environmental variables (http_proxy/https_proxy/HTTP_PROXY/HTTPS_PROXY)
[2026-08-26 21:16:55Z INFO HostContext] Well known directory 'Bin': 'D:\actions-runner\bin'
[2026-08-26 21:16:55Z INFO HostContext] Well known directory 'Root': 'D:\actions-runner'
[2026-08-26 21:16:55Z INFO HostContext] Well known config file 'Credentials': 'D:\actions-runner\.credentials'
[2026-08-26 21:16:55Z INFO HostContext] Well known directory 'Bin': 'D:\actions-runner\bin'
[2026-08-26 21:16:55Z INFO HostContext] Well known directory 'Root': 'D:\actions-runner'
[2026-08-26 21:16:55Z INFO HostContext] Well known config file 'Runner': 'D:\actions-runner\.runner'
[2026-08-26 21:16:55Z INFO Worker] Version: 2.336.0
[2026-08-26 21:16:55Z INFO Worker] Commit: 98aabcd429c4e8402406c56ce2d26387fed3b9ce
[2026-08-26 21:16:55Z INFO Worker] Culture: es-MX
[2026-08-26 21:16:55Z INFO Worker] UI Culture: es-MX
[2026-08-26 21:16:55Z INFO Worker] Waiting to receive the job message from the channel.
[2026-08-26 21:16:55Z INFO ProcessChannel] Receiving message of length 21950, with hash 'e9ca0994ad7ac3158876f39220661e5c5d78cb86d21e72ceaee85d4148078e6f'
[2026-08-26 21:16:55Z INFO Worker] Message received.
[2026-08-26 21:16:55Z INFO Worker] Job message:
 {
  "defaults": [
    {
      "type": 2,
      "file": 1,
      "line": 14,
      "col": 7,
      "map": [
        {
          "key": {
            "type": 0,
            "file": 1,
            "line": 14,
            "col": 7,
            "lit": "run"
          },
          "value": {
            "type": 2,
            "file": 1,
            "line": 15,
            "col": 9,
            "map": [
              {
                "key": {
                  "type": 0,
                  "file": 1,
                  "line": 15,
                  "col": 9,
                  "lit": "working-directory"
                },
                "value": {
                  "type": 0,
                  "file": 1,
                  "line": 15,
                  "col": 28,
                  "lit": "signserver-web"
                }
              }
            ]
          }
        }
      ]
    }
  ],
  "fileTable": [
    ".github/workflows/main.yml"
  ],
  "mask": [
    {
      "type": "regex",
      "value": "***"
    },
    {
      "type": "regex",
      "value": "***"
    },
    {
      "type": "regex",
      "value": "***"
    },
    {
      "type": "regex",
      "value": "***"
    },
    {
      "type": "regex",
      "value": "***"
    },
    {
      "type": "regex",
      "value": "***"
    },
    {
      "type": "regex",
      "value": "***"
    },
    {
      "type": "regex",
      "value": "***"
    },
    {
      "type": "regex",
      "value": "***"
    },
    {
      "type": "regex",
      "value": "***"
    },
    {
      "type": "regex",
      "value": "***"
    },
    {
      "type": "regex",
      "value": "***"
    },
    {
      "type": "regex",
      "value": "***"
    },
    {
      "type": "regex",
      "value": "***"
    },
    {
      "type": "regex",
      "value": "***"
    },
    {
      "type": "regex",
      "value": "***"
    },
    {
      "type": "regex",
      "value": "***"
    },
    {
      "type": "regex",
      "value": "***"
    },
    {
      "type": "regex",
      "value": "***"
    },
    {
      "type": "regex",
      "value": "***"
    },
    {
      "type": "regex",
      "value": "***"
    },
    {
      "type": "regex",
      "value": "***"
    },
    {
      "type": "regex",
      "value": "***"
    },
    {
      "type": "regex",
      "value": "***"
    }
  ],
  "steps": [
    {
      "type": "action",
      "reference": {
        "type": "repository",
        "name": "actions/checkout",
        "ref": "v4",
        "repositoryType": "GitHub"
      },
      "displayNameToken": {
        "type": 0,
        "file": 1,
        "line": 18,
        "col": 15,
        "lit": "Checkout"
      },
      "contextName": "__actions_checkout",
      "condition": "success()",
      "id": "02e47711-f797-44b3-b7bb-f3d8d7532a65",
      "name": "__actions_checkout"
    },
    {
      "type": "action",
      "reference": {
        "type": "repository",
        "name": "actions/setup-node",
        "ref": "v4",
        "repositoryType": "GitHub"
      },
      "displayNameToken": {
        "type": 0,
        "file": 1,
        "line": 21,
        "col": 15,
        "lit": "Instalar Node.js"
      },
      "contextName": "__actions_setup-node",
      "inputs": {
        "type": 2,
        "file": 1,
        "line": 24,
        "col": 11,
        "map": [
          {
            "key": {
              "type": 0,
              "file": 1,
              "line": 24,
              "col": 11,
              "lit": "node-version"
            },
            "value": {
              "type": 0,
              "file": 1,
              "line": 24,
              "col": 25,
              "lit": "20"
            }
          },
          {
            "key": {
              "type": 0,
              "file": 1,
              "line": 25,
              "col": 11,
              "lit": "cache"
            },
            "value": {
              "type": 0,
              "file": 1,
              "line": 25,
              "col": 18,
              "lit": "npm"
            }
          },
          {
            "key": {
              "type": 0,
              "file": 1,
              "line": 26,
              "col": 11,
              "lit": "cache-dependency-path"
            },
            "value": {
              "type": 0,
              "file": 1,
              "line": 26,
              "col": 34,
              "lit": "signserver-web/package-lock.json"
            }
          }
        ]
      },
      "condition": "success()",
      "id": "db853178-4200-4b4f-9489-0bad6e6abb5e",
      "name": "__actions_setup-node"
    },
    {
      "type": "action",
      "reference": {
        "type": "script"
      },
      "displayNameToken": {
        "type": 0,
        "file": 1,
        "line": 28,
        "col": 15,
        "lit": "Instalar dependencias"
      },
      "contextName": "__run",
      "inputs": {
        "type": 2,
        "map": [
          {
            "key": "script",
            "value": {
              "type": 0,
              "file": 1,
              "line": 29,
              "col": 14,
              "lit": "npm install"
            }
          }
        ]
      },
      "condition": "success()",
      "id": "6f043a10-b337-49e5-832a-afbd7e7903ea",
      "name": "__run"
    },
    {
      "type": "action",
      "reference": {
        "type": "script"
      },
      "displayNameToken": {
        "type": 0,
        "file": 1,
        "line": 31,
        "col": 15,
        "lit": "Compilar (build de producción)"
      },
      "contextName": "__run_2",
      "inputs": {
        "type": 2,
        "map": [
          {
            "key": "script",
            "value": {
              "type": 0,
              "file": 1,
              "line": 32,
              "col": 14,
              "lit": "npm run build"
            }
          }
        ]
      },
      "condition": "success()",
      "id": "84ae0119-03b5-41b3-87e2-b5d33820fc6a",
      "name": "__run_2"
    },
    {
      "type": "action",
      "reference": {
        "type": "script"
      },
      "displayNameToken": {
        "type": 0,
        "file": 1,
        "line": 34,
        "col": 15,
        "lit": "Publicar en el volumen de nginx"
      },
      "contextName": "__run_3",
      "inputs": {
        "type": 2,
        "map": [
          {
            "key": "script",
            "value": {
              "type": 0,
              "file": 1,
              "line": 36,
              "col": 14,
              "lit": "\n& \"C:\\Users\\aestradam014\\AppData\\Local\\Programs\\Podman\\podman.exe\" cp dist/. signserver-web:/usr/share/nginx/html\n\n& \"C:\\Users\\aestradam014\\AppData\\Local\\Programs\\Podman\\podman.exe\" exec signserver-web nginx -s reload\n"
            }
          }
        ]
      },
      "condition": "success()",
      "id": "0f274f90-5bd8-4030-a8b8-bf25b028891c",
      "name": "__run_3"
    }
  ],
  "variables": {
    "Actions.EnableHttpRedirects": {
      "value": "true"
    },
    "DistributedTask.AddWarningToNode12Action": {
      "value": "true"
    },
    "DistributedTask.AddWarningToNode16Action": {
      "value": "true"
    },
    "DistributedTask.AllowRunnerContainerHooks": {
      "value": "true"
    },
    "DistributedTask.DeprecateStepOutputCommands": {
      "value": "true"
    },
    "DistributedTask.DetailUntarFailure": {
      "value": "true"
    },
    "DistributedTask.EnableCompositeActions": {
      "value": "true"
    },
    "DistributedTask.EnableJobServerQueueTelemetry": {
      "value": "true"
    },
    "DistributedTask.EnhancedAnnotations": {
      "value": "true"
    },
    "DistributedTask.ForceGithubJavascriptActionsToNode16": {
      "value": "true"
    },
    "DistributedTask.ForceGithubJavascriptActionsToNode20": {
      "value": "true"
    },
    "DistributedTask.LogTemplateErrorsAsDebugMessages": {
      "value": "true"
    },
    "DistributedTask.MarkJobAsFailedOnWorkerCrash": {
      "value": "true"
    },
    "DistributedTask.NewActionMetadata": {
      "value": "true"
    },
    "DistributedTask.UploadStepSummary": {
      "value": "true"
    },
    "DistributedTask.UseActionArchiveCache": {
      "value": "true"
    },
    "DistributedTask.UseWhich2": {
      "value": "true"
    },
    "RunService.FixEmbeddedIssues": {
      "value": "true"
    },
    "actions.runner.requirenode24": {
      "value": "false"
    },
    "actions.runner.usenode24bydefault": {
      "value": "true"
    },
    "actions.runner.warnonnode20": {
      "value": "true"
    },
    "actions_add_check_run_id_to_job_context": {
      "value": "true"
    },
    "actions_batch_action_resolution": {
      "value": "false"
    },
    "actions_container_action_runner_temp": {
      "value": "true"
    },
    "actions_display_helpful_actions_download_errors": {
      "value": "true"
    },
    "actions_runner_allow_artifacts_file": {
      "value": "false"
    },
    "actions_runner_compare_workflow_parser": {
      "value": "false"
    },
    "actions_runner_deprecate_linux_arm32": {
      "value": "true"
    },
    "actions_runner_emit_composite_markers": {
      "value": "true"
    },
    "actions_runner_kill_linux_arm32": {
      "value": "false"
    },
    "actions_runner_node20_removal_date": {
      "value": ""
    },
    "actions_runner_node24_default_date": {
      "value": "June 16th, 2026"
    },
    "actions_self_repository": {
      "value": "true"
    },
    "actions_service_container_command": {
      "value": "true"
    },
    "actions_set_orchestration_id_env_for_actions": {
      "value": "true"
    },
    "actions_skip_retry_complete_job_upon_known_errors": {
      "value": "true"
    },
    "actions_snapshot_preflight_hosted_runner_check": {
      "value": "false"
    },
    "actions_snapshot_preflight_image_gen_pool_check": {
      "value": "false"
    },
    "actions_use_bearer_token_for_codeload": {
      "value": "false"
    },
    "actions_uses_cache_service_v2": {
      "value": "true"
    },
    "github_token": {
      "value": "***",
      "isSecret": true
    },
    "system.from_run_service": {
      "value": "true"
    },
    "system.github.job": {
      "value": "deploy"
    },
    "system.github.launch_endpoint": {
      "value": "https://launch.actions.githubusercontent.com"
    },
    "system.github.results_endpoint": {
      "value": "https://results-receiver.actions.githubusercontent.com/"
    },
    "system.github.results_upload_with_sdk": {
      "value": "true"
    },
    "system.github.token": {
      "value": "***",
      "isSecret": true
    },
    "system.github.token.permissions": {
      "value": "{\"Contents\":\"read\",\"Metadata\":\"read\",\"Packages\":\"read\"}"
    },
    "system.orchestrationId": {
      "value": "bf032936-7dc5-41d6-802d-f406f5d00d3c.deploy.__default"
    },
    "system.phaseDisplayName": {
      "value": "deploy"
    },
    "system.runner.lowdiskspacethreshold": {
      "value": "100"
    },
    "system.runnerEnvironment": {
      "value": "self-hosted"
    },
    "system.runnerGroupName": {
      "value": "Default"
    }
  },
  "messageType": "RunnerJobRequest",
  "plan": {
    "scopeIdentifier": "00000000-0000-0000-0000-000000000000",
    "planType": "actions",
    "version": 0,
    "planId": "bf032936-7dc5-41d6-802d-f406f5d00d3c",
    "planGroup": null,
    "artifactUri": null,
    "artifactLocation": null,
    "definition": null,
    "owner": null
  },
  "timeline": {
    "id": "bf032936-7dc5-41d6-802d-f406f5d00d3c",
    "changeId": 0,
    "location": null
  },
  "jobId": "20cd16b7-b615-5328-baf7-27b6ae454c24",
  "jobDisplayName": "deploy",
  "jobName": "__default",
  "requestId": 0,
  "lockedUntil": "0001-01-01T00:00:00",
  "resources": {
    "endpoints": [
      {
        "data": {
          "ServerId": "",
          "ServerName": "",
          "CacheServerUrl": "https://artifactcache.actions.githubusercontent.com/EmAG2M8FINDSjrWclBxv8jvpEp68V4tP5qcz0uU8ldIEJDfNWQ/",
          "FeedStreamUrl": "wss://results-receiver.actions.githubusercontent.com/_ws/ingest.sock",
          "ResultsServiceUrl": "https://results-receiver.actions.githubusercontent.com/",
          "PipelinesServiceUrl": "https://pipelinesghubeus3.actions.githubusercontent.com/EmAG2M8FINDSjrWclBxv8jvpEp68V4tP5qcz0uU8ldIEJDfNWQ/",
          "GenerateIdTokenUrl": "",
          "ConnectivityChecks": "[\"https://broker.actions.githubusercontent.com/health\",\"https://token.actions.githubusercontent.com/ready\",\"https://run.actions.githubusercontent.com/health\"]",
          "ConnectivityAndDNSChecks": ""
        },
        "name": "SystemVssConnection",
        "url": "https://run-actions-2-azure-eastus.actions.githubusercontent.com/82/",
        "authorization": {
          "parameters": {
            "AccessToken": "***"
          },
          "scheme": "OAuth"
        },
        "isShared": false,
        "isReady": true
      }
    ]
  },
  "contextData": {
    "github": {
      "t": 2,
      "d": [
        {
          "k": "ref",
          "v": "refs/heads/main"
        },
        {
          "k": "sha",
          "v": "38779c0c592e8fec964147541d4931576b920315"
        },
        {
          "k": "repository",
          "v": "ElAlecs69/SignServer"
        },
        {
          "k": "repository_owner",
          "v": "ElAlecs69"
        },
        {
          "k": "repository_owner_id",
          "v": "182047642"
        },
        {
          "k": "repositoryUrl",
          "v": "git://github.com/ElAlecs69/SignServer.git"
        },
        {
          "k": "run_id",
          "v": "33014590956"
        },
        {
          "k": "run_number",
          "v": "5"
        },
        {
          "k": "retention_days",
          "v": "90"
        },
        {
          "k": "run_attempt",
          "v": "1"
        },
        {
          "k": "artifact_cache_size_limit",
          "v": "10"
        },
        {
          "k": "repository_visibility",
          "v": "private"
        },
        {
          "k": "actor_id",
          "v": "182047642"
        },
        {
          "k": "actor",
          "v": "ElAlecs69"
        },
        {
          "k": "workflow",
          "v": "Build y desplegar signserver-web"
        },
        {
          "k": "head_ref",
          "v": ""
        },
        {
          "k": "base_ref",
          "v": ""
        },
        {
          "k": "event_name",
          "v": "workflow_dispatch"
        },
        {
          "k": "server_url",
          "v": "https://github.com"
        },
        {
          "k": "api_url",
          "v": "https://api.github.com"
        },
        {
          "k": "graphql_url",
          "v": "https://api.github.com/graphql"
        },
        {
          "k": "ref_name",
          "v": "main"
        },
        {
          "k": "ref_protected",
          "v": false
        },
        {
          "k": "ref_type",
          "v": "branch"
        },
        {
          "k": "secret_source",
          "v": "Actions"
        },
        {
          "k": "event",
          "v": {
            "t": 2,
            "d": [
              {
                "k": "ref",
                "v": "refs/heads/main"
              },
              {
                "k": "workflow",
                "v": ".github/workflows/main.yml"
              },
              {
                "k": "inputs",
                "v": null
              },
              {
                "k": "repository",
                "v": {
                  "t": 2,
                  "d": [
                    {
                      "k": "id",
                      "v": 1346827750.0
                    },
                    {
                      "k": "node_id",
                      "v": "R_kgDOUEb15g"
                    },
                    {
                      "k": "name",
                      "v": "SignServer"
                    },
                    {
                      "k": "full_name",
                      "v": "ElAlecs69/SignServer"
                    },
                    {
                      "k": "private",
                      "v": true
                    },
                    {
                      "k": "owner",
                      "v": {
                        "t": 2,
                        "d": [
                          {
                            "k": "login",
                            "v": "ElAlecs69"
                          },
                          {
                            "k": "id",
                            "v": 182047642.0
                          },
                          {
                            "k": "node_id",
                            "v": "U_kgDOCtnTmg"
                          },
                          {
                            "k": "avatar_url",
                            "v": "https://avatars.githubusercontent.com/u/182047642?v=4"
                          },
                          {
                            "k": "gravatar_id",
                            "v": ""
                          },
                          {
                            "k": "url",
                            "v": "https://api.github.com/users/ElAlecs69"
                          },
                          {
                            "k": "html_url",
                            "v": "https://github.com/ElAlecs69"
                          },
                          {
                            "k": "followers_url",
                            "v": "https://api.github.com/users/ElAlecs69/followers"
                          },
                          {
                            "k": "following_url",
                            "v": "https://api.github.com/users/ElAlecs69/following{/other_user}"
                          },
                          {
                            "k": "gists_url",
                            "v": "https://api.github.com/users/ElAlecs69/gists{/gist_id}"
                          },
                          {
                            "k": "starred_url",
                            "v": "https://api.github.com/users/ElAlecs69/starred{/owner}{/repo}"
                          },
                          {
                            "k": "subscriptions_url",
                            "v": "https://api.github.com/users/ElAlecs69/subscriptions"
                          },
                          {
                            "k": "organizations_url",
                            "v": "https://api.github.com/users/ElAlecs69/orgs"
                          },
                          {
                            "k": "repos_url",
                            "v": "https://api.github.com/users/ElAlecs69/repos"
                          },
                          {
                            "k": "events_url",
                            "v": "https://api.github.com/users/ElAlecs69/events{/privacy}"
                          },
                          {
                            "k": "received_events_url",
                            "v": "https://api.github.com/users/ElAlecs69/received_events"
                          },
                          {
                            "k": "type",
                            "v": "User"
                          },
                          {
                            "k": "user_view_type",
                            "v": "public"
                          },
                          {
                            "k": "site_admin",
                            "v": false
                          }
                        ]
                      }
                    },
                    {
                      "k": "html_url",
                      "v": "https://github.com/ElAlecs69/SignServer"
                    },
                    {
                      "k": "description",
                      "v": null
                    },
                    {
                      "k": "fork",
                      "v": false
                    },
                    {
                      "k": "url",
                      "v": "https://api.github.com/repos/ElAlecs69/SignServer"
                    },
                    {
                      "k": "forks_url",
                      "v": "https://api.github.com/repos/ElAlecs69/SignServer/forks"
                    },
                    {
                      "k": "keys_url",
                      "v": "https://api.github.com/repos/ElAlecs69/SignServer/keys{/key_id}"
                    },
                    {
                      "k": "collaborators_url",
                      "v": "https://api.github.com/repos/ElAlecs69/SignServer/collaborators{/collaborator}"
                    },
                    {
                      "k": "teams_url",
                      "v": "https://api.github.com/repos/ElAlecs69/SignServer/teams"
                    },
                    {
                      "k": "hooks_url",
                      "v": "https://api.github.com/repos/ElAlecs69/SignServer/hooks"
                    },
                    {
                      "k": "issue_events_url",
                      "v": "https://api.github.com/repos/ElAlecs69/SignServer/issues/events{/number}"
                    },
                    {
                      "k": "events_url",
                      "v": "https://api.github.com/repos/ElAlecs69/SignServer/events"
                    },
                    {
                      "k": "assignees_url",
                      "v": "https://api.github.com/repos/ElAlecs69/SignServer/assignees{/user}"
                    },
                    {
                      "k": "branches_url",
                      "v": "https://api.github.com/repos/ElAlecs69/SignServer/branches{/branch}"
                    },
                    {
                      "k": "tags_url",
                      "v": "https://api.github.com/repos/ElAlecs69/SignServer/tags"
                    },
                    {
                      "k": "blobs_url",
                      "v": "https://api.github.com/repos/ElAlecs69/SignServer/git/blobs{/sha}"
                    },
                    {
                      "k": "git_tags_url",
                      "v": "https://api.github.com/repos/ElAlecs69/SignServer/git/tags{/sha}"
                    },
                    {
                      "k": "git_refs_url",
                      "v": "https://api.github.com/repos/ElAlecs69/SignServer/git/refs{/sha}"
                    },
                    {
                      "k": "trees_url",
                      "v": "https://api.github.com/repos/ElAlecs69/SignServer/git/trees{/sha}"
                    },
                    {
                      "k": "statuses_url",
                      "v": "https://api.github.com/repos/ElAlecs69/SignServer/statuses/{sha}"
                    },
                    {
                      "k": "languages_url",
                      "v": "https://api.github.com/repos/ElAlecs69/SignServer/languages"
                    },
                    {
                      "k": "stargazers_url",
                      "v": "https://api.github.com/repos/ElAlecs69/SignServer/stargazers"
                    },
                    {
                      "k": "contributors_url",
                      "v": "https://api.github.com/repos/ElAlecs69/SignServer/contributors"
                    },
                    {
                      "k": "subscribers_url",
                      "v": "https://api.github.com/repos/ElAlecs69/SignServer/subscribers"
                    },
                    {
                      "k": "subscription_url",
                      "v": "https://api.github.com/repos/ElAlecs69/SignServer/subscription"
                    },
                    {
                      "k": "commits_url",
                      "v": "https://api.github.com/repos/ElAlecs69/SignServer/commits{/sha}"
                    },
                    {
                      "k": "git_commits_url",
                      "v": "https://api.github.com/repos/ElAlecs69/SignServer/git/commits{/sha}"
                    },
                    {
                      "k": "comments_url",
                      "v": "https://api.github.com/repos/ElAlecs69/SignServer/comments{/number}"
                    },
                    {
                      "k": "issue_comment_url",
                      "v": "https://api.github.com/repos/ElAlecs69/SignServer/issues/comments{/number}"
                    },
                    {
                      "k": "contents_url",
                      "v": "https://api.github.com/repos/ElAlecs69/SignServer/contents/{+path}"
                    },
                    {
                      "k": "compare_url",
                      "v": "https://api.github.com/repos/ElAlecs69/SignServer/compare/{base}...{head}"
                    },
                    {
                      "k": "merges_url",
                      "v": "https://api.github.com/repos/ElAlecs69/SignServer/merges"
                    },
                    {
                      "k": "archive_url",
                      "v": "https://api.github.com/repos/ElAlecs69/SignServer/{archive_format}{/ref}"
                    },
                    {
                      "k": "downloads_url",
                      "v": "https://api.github.com/repos/ElAlecs69/SignServer/downloads"
                    },
                    {
                      "k": "issues_url",
                      "v": "https://api.github.com/repos/ElAlecs69/SignServer/issues{/number}"
                    },
                    {
                      "k": "pulls_url",
                      "v": "https://api.github.com/repos/ElAlecs69/SignServer/pulls{/number}"
                    },
                    {
                      "k": "milestones_url",
                      "v": "https://api.github.com/repos/ElAlecs69/SignServer/milestones{/number}"
                    },
                    {
                      "k": "notifications_url",
                      "v": "https://api.github.com/repos/ElAlecs69/SignServer/notifications{?since,all,participating}"
                    },
                    {
                      "k": "labels_url",
                      "v": "https://api.github.com/repos/ElAlecs69/SignServer/labels{/name}"
                    },
                    {
                      "k": "releases_url",
                      "v": "https://api.github.com/repos/ElAlecs69/SignServer/releases{/id}"
                    },
                    {
                      "k": "deployments_url",
                      "v": "https://api.github.com/repos/ElAlecs69/SignServer/deployments"
                    },
                    {
                      "k": "created_at",
                      "v": "2026-08-26T02:38:56Z"
                    },
                    {
                      "k": "updated_at",
                      "v": "2026-08-26T20:28:25Z"
                    },
                    {
                      "k": "pushed_at",
                      "v": "2026-08-26T21:16:06Z"
                    },
                    {
                      "k": "git_url",
                      "v": "git://github.com/ElAlecs69/SignServer.git"
                    },
                    {
                      "k": "ssh_url",
                      "v": "git@github.com:ElAlecs69/SignServer.git"
                    },
                    {
                      "k": "clone_url",
                      "v": "https://github.com/ElAlecs69/SignServer.git"
                    },
                    {
                      "k": "svn_url",
                      "v": "https://github.com/ElAlecs69/SignServer"
                    },
                    {
                      "k": "homepage",
                      "v": null
                    },
                    {
                      "k": "size",
                      "v": 46.0
                    },
                    {
                      "k": "stargazers_count",
                      "v": 0.0
                    },
                    {
                      "k": "watchers_count",
                      "v": 0.0
                    },
                    {
                      "k": "language",
                      "v": "TypeScript"
                    },
                    {
                      "k": "has_issues",
                      "v": true
                    },
                    {
                      "k": "has_projects",
                      "v": true
                    },
                    {
                      "k": "has_downloads",
                      "v": false
                    },
                    {
                      "k": "has_wiki",
                      "v": false
                    },
                    {
                      "k": "has_pages",
                      "v": false
                    },
                    {
                      "k": "has_discussions",
                      "v": false
                    },
                    {
                      "k": "forks_count",
                      "v": 0.0
                    },
                    {
                      "k": "mirror_url",
                      "v": null
                    },
                    {
                      "k": "archived",
                      "v": false
                    },
                    {
                      "k": "disabled",
                      "v": false
                    },
                    {
                      "k": "open_issues_count",
                      "v": 0.0
                    },
                    {
                      "k": "license",
                      "v": null
                    },
                    {
                      "k": "allow_forking",
                      "v": true
                    },
                    {
                      "k": "is_template",
                      "v": false
                    },
                    {
                      "k": "web_commit_signoff_required",
                      "v": false
                    },
                    {
                      "k": "has_pull_requests",
                      "v": true
                    },
                    {
                      "k": "pull_request_creation_policy",
                      "v": "all"
                    },
                    {
                      "k": "topics",
                      "v": {
                        "t": 1
                      }
                    },
                    {
                      "k": "visibility",
                      "v": "private"
                    },
                    {
                      "k": "forks",
                      "v": 0.0
                    },
                    {
                      "k": "open_issues",
                      "v": 0.0
                    },
                    {
                      "k": "watchers",
                      "v": 0.0
                    },
                    {
                      "k": "default_branch",
                      "v": "main"
                    }
                  ]
                }
              },
              {
                "k": "sender",
                "v": {
                  "t": 2,
                  "d": [
                    {
                      "k": "login",
                      "v": "ElAlecs69"
                    },
                    {
                      "k": "id",
                      "v": 182047642.0
                    },
                    {
                      "k": "node_id",
                      "v": "U_kgDOCtnTmg"
                    },
                    {
                      "k": "avatar_url",
                      "v": "https://avatars.githubusercontent.com/u/182047642?v=4"
                    },
                    {
                      "k": "gravatar_id",
                      "v": ""
                    },
                    {
                      "k": "url",
                      "v": "https://api.github.com/users/ElAlecs69"
                    },
                    {
                      "k": "html_url",
                      "v": "https://github.com/ElAlecs69"
                    },
                    {
                      "k": "followers_url",
                      "v": "https://api.github.com/users/ElAlecs69/followers"
                    },
                    {
                      "k": "following_url",
                      "v": "https://api.github.com/users/ElAlecs69/following{/other_user}"
                    },
                    {
                      "k": "gists_url",
                      "v": "https://api.github.com/users/ElAlecs69/gists{/gist_id}"
                    },
                    {
                      "k": "starred_url",
                      "v": "https://api.github.com/users/ElAlecs69/starred{/owner}{/repo}"
                    },
                    {
                      "k": "subscriptions_url",
                      "v": "https://api.github.com/users/ElAlecs69/subscriptions"
                    },
                    {
                      "k": "organizations_url",
                      "v": "https://api.github.com/users/ElAlecs69/orgs"
                    },
                    {
                      "k": "repos_url",
                      "v": "https://api.github.com/users/ElAlecs69/repos"
                    },
                    {
                      "k": "events_url",
                      "v": "https://api.github.com/users/ElAlecs69/events{/privacy}"
                    },
                    {
                      "k": "received_events_url",
                      "v": "https://api.github.com/users/ElAlecs69/received_events"
                    },
                    {
                      "k": "type",
                      "v": "User"
                    },
                    {
                      "k": "user_view_type",
                      "v": "public"
                    },
                    {
                      "k": "site_admin",
                      "v": false
                    }
                  ]
                }
              }
            ]
          }
        },
        {
          "k": "workflow_ref",
          "v": "ElAlecs69/SignServer/.github/workflows/main.yml@refs/heads/main"
        },
        {
          "k": "workflow_sha",
          "v": "38779c0c592e8fec964147541d4931576b920315"
        },
        {
          "k": "repository_id",
          "v": "1346827750"
        },
        {
          "k": "triggering_actor",
          "v": "ElAlecs69"
        }
      ]
    },
    "inputs": {
      "t": 2
    },
    "job": {
      "t": 2,
      "d": [
        {
          "k": "check_run_id",
          "v": 98329402983.0
        },
        {
          "k": "workflow_ref",
          "v": "ElAlecs69/SignServer/.github/workflows/main.yml@refs/heads/main"
        },
        {
          "k": "workflow_sha",
          "v": "38779c0c592e8fec964147541d4931576b920315"
        },
        {
          "k": "workflow_repository",
          "v": "ElAlecs69/SignServer"
        },
        {
          "k": "workflow_file_path",
          "v": ".github/workflows/main.yml"
        }
      ]
    },
    "matrix": null,
    "needs": {
      "t": 2
    },
    "strategy": {
      "t": 2,
      "d": [
        {
          "k": "fail-fast",
          "v": true
        },
        {
          "k": "job-index",
          "v": 0.0
        },
        {
          "k": "job-total",
          "v": 1.0
        },
        {
          "k": "max-parallel",
          "v": 1.0
        }
      ]
    },
    "vars": {
      "t": 2
    }
  },
  "billingOwnerId": "U_kgDOCtnTmg"
}
[2026-08-26 21:16:55Z INFO JobRunner] Job ID 20cd16b7-b615-5328-baf7-27b6ae454c24
[2026-08-26 21:16:55Z INFO ConfigurationStore] currentAssemblyLocation: D:\actions-runner\bin\Runner.Worker.dll
[2026-08-26 21:16:55Z INFO HostContext] Well known directory 'Bin': 'D:\actions-runner\bin'
[2026-08-26 21:16:55Z INFO ConfigurationStore] binPath: D:\actions-runner\bin
[2026-08-26 21:16:55Z INFO HostContext] Well known directory 'Bin': 'D:\actions-runner\bin'
[2026-08-26 21:16:55Z INFO HostContext] Well known directory 'Root': 'D:\actions-runner'
[2026-08-26 21:16:55Z INFO ConfigurationStore] RootFolder: D:\actions-runner
[2026-08-26 21:16:55Z INFO HostContext] Well known directory 'Bin': 'D:\actions-runner\bin'
[2026-08-26 21:16:55Z INFO HostContext] Well known directory 'Root': 'D:\actions-runner'
[2026-08-26 21:16:55Z INFO HostContext] Well known config file 'Runner': 'D:\actions-runner\.runner'
[2026-08-26 21:16:55Z INFO ConfigurationStore] ConfigFilePath: D:\actions-runner\.runner
[2026-08-26 21:16:55Z INFO HostContext] Well known directory 'Bin': 'D:\actions-runner\bin'
[2026-08-26 21:16:55Z INFO HostContext] Well known directory 'Root': 'D:\actions-runner'
[2026-08-26 21:16:55Z INFO HostContext] Well known config file 'MigratedRunner': 'D:\actions-runner\.runner_migrated'
[2026-08-26 21:16:55Z INFO ConfigurationStore] MigratedConfigFilePath: D:\actions-runner\.runner_migrated
[2026-08-26 21:16:55Z INFO HostContext] Well known directory 'Bin': 'D:\actions-runner\bin'
[2026-08-26 21:16:55Z INFO HostContext] Well known directory 'Root': 'D:\actions-runner'
[2026-08-26 21:16:55Z INFO HostContext] Well known config file 'Credentials': 'D:\actions-runner\.credentials'
[2026-08-26 21:16:55Z INFO ConfigurationStore] CredFilePath: D:\actions-runner\.credentials
[2026-08-26 21:16:55Z INFO HostContext] Well known directory 'Bin': 'D:\actions-runner\bin'
[2026-08-26 21:16:55Z INFO HostContext] Well known directory 'Root': 'D:\actions-runner'
[2026-08-26 21:16:55Z INFO HostContext] Well known config file 'MigratedCredentials': 'D:\actions-runner\.credentials_migrated'
[2026-08-26 21:16:55Z INFO ConfigurationStore] MigratedCredFilePath: D:\actions-runner\.credentials_migrated
[2026-08-26 21:16:55Z INFO HostContext] Well known directory 'Bin': 'D:\actions-runner\bin'
[2026-08-26 21:16:55Z INFO HostContext] Well known directory 'Root': 'D:\actions-runner'
[2026-08-26 21:16:55Z INFO HostContext] Well known config file 'Service': 'D:\actions-runner\.service'
[2026-08-26 21:16:55Z INFO ConfigurationStore] ServiceConfigFilePath: D:\actions-runner\.service
[2026-08-26 21:16:55Z INFO ConfigurationStore] Read setting file: 388 chars
[2026-08-26 21:16:55Z INFO JobRunner] Initializing launch client
[2026-08-26 21:16:55Z INFO JobServerQueue] Initializing results client
[2026-08-26 21:16:55Z INFO ResultServer] Creating websocket client ...wss://results-receiver.actions.githubusercontent.com/_ws/ingest.sock
[2026-08-26 21:16:55Z INFO ResultServer] Attempting to start websocket client with delay 00:00:00.
[2026-08-26 21:16:55Z INFO JobServerQueue] Start process web console line queue.
[2026-08-26 21:16:55Z INFO JobServerQueue] Start process file upload queue.
[2026-08-26 21:16:55Z INFO JobServerQueue] Start results file upload queue.
[2026-08-26 21:16:55Z INFO JobServerQueue] Starting results-based upload queue...
[2026-08-26 21:16:55Z INFO JobServerQueue] Start process timeline update queue.
[2026-08-26 21:16:55Z INFO ExecutionContext] Initializing Job context
[2026-08-26 21:16:55Z INFO ExecutionContext] Initialize GitHub context
[2026-08-26 21:16:55Z INFO ExecutionContext] Initialize Env context
[2026-08-26 21:16:55Z INFO HostContext] Well known directory 'Bin': 'D:\actions-runner\bin'
[2026-08-26 21:16:55Z INFO HostContext] Well known directory 'Root': 'D:\actions-runner'
[2026-08-26 21:16:55Z INFO HostContext] Well known directory 'Diag': 'D:\actions-runner\_diag'
[2026-08-26 21:16:55Z INFO HostContext] Well known directory 'Bin': 'D:\actions-runner\bin'
[2026-08-26 21:16:55Z INFO HostContext] Well known directory 'Root': 'D:\actions-runner'
[2026-08-26 21:16:55Z INFO HostContext] Well known directory 'Diag': 'D:\actions-runner\_diag'
[2026-08-26 21:16:55Z INFO JobRunner] Starting the job execution context.
[2026-08-26 21:16:55Z INFO HostContext] Well known directory 'Bin': 'D:\actions-runner\bin'
[2026-08-26 21:16:55Z INFO HostContext] Well known directory 'Root': 'D:\actions-runner'
[2026-08-26 21:16:55Z INFO HostContext] Well known directory 'Work': 'D:\actions-runner\_work'
[2026-08-26 21:16:55Z INFO JobRunner] Validating directory permissions for: 'D:\actions-runner\_work'
[2026-08-26 21:16:55Z INFO HostContext] Well known directory 'Bin': 'D:\actions-runner\bin'
[2026-08-26 21:16:55Z INFO HostContext] Well known directory 'Root': 'D:\actions-runner'
[2026-08-26 21:16:55Z INFO HostContext] Well known directory 'Work': 'D:\actions-runner\_work'
[2026-08-26 21:16:55Z INFO HostContext] Well known directory 'Tools': 'D:\actions-runner\_work\_tool'
[2026-08-26 21:16:55Z INFO HostContext] Well known directory 'Bin': 'D:\actions-runner\bin'
[2026-08-26 21:16:55Z INFO HostContext] Well known directory 'Root': 'D:\actions-runner'
[2026-08-26 21:16:55Z INFO HostContext] Well known directory 'Work': 'D:\actions-runner\_work'
[2026-08-26 21:16:55Z INFO HostContext] Well known directory 'Temp': 'D:\actions-runner\_work\_temp'
[2026-08-26 21:16:55Z INFO JobRunner] Getting job extension.
[2026-08-26 21:16:55Z INFO JobRunner] Initialize job. Getting all job steps.
[2026-08-26 21:16:55Z INFO HostContext] Well known directory 'Bin': 'D:\actions-runner\bin'
[2026-08-26 21:16:55Z INFO HostContext] Well known directory 'Root': 'D:\actions-runner'
[2026-08-26 21:16:55Z INFO HostContext] Well known directory 'Diag': 'D:\actions-runner\_diag'
[2026-08-26 21:16:55Z INFO HostContext] Well known directory 'Bin': 'D:\actions-runner\bin'
[2026-08-26 21:16:55Z INFO HostContext] Well known directory 'Root': 'D:\actions-runner'
[2026-08-26 21:16:55Z INFO HostContext] Well known directory 'Diag': 'D:\actions-runner\_diag'
[2026-08-26 21:16:55Z INFO HostContext] Well known directory 'Bin': 'D:\actions-runner\bin'
[2026-08-26 21:16:55Z INFO HostContext] Well known directory 'Root': 'D:\actions-runner'
[2026-08-26 21:16:55Z INFO HostContext] Well known config file 'Credentials': 'D:\actions-runner\.credentials'
[2026-08-26 21:16:55Z INFO HostContext] Well known directory 'Bin': 'D:\actions-runner\bin'
[2026-08-26 21:16:55Z INFO HostContext] Well known directory 'Root': 'D:\actions-runner'
[2026-08-26 21:16:55Z INFO HostContext] Well known config file 'SetupInfo': 'D:\actions-runner\.setup_info'
[2026-08-26 21:16:55Z INFO HostContext] Well known directory 'Bin': 'D:\actions-runner\bin'
[2026-08-26 21:16:55Z INFO HostContext] Well known directory 'Root': 'D:\actions-runner'
[2026-08-26 21:16:55Z INFO HostContext] Well known directory 'Work': 'D:\actions-runner\_work'
[2026-08-26 21:16:55Z INFO PipelineDirectoryManager] Loading tracking config if exists: D:\actions-runner\_work\_PipelineMapping\ElAlecs69/SignServer\PipelineFolder.json
[2026-08-26 21:16:55Z INFO PipelineDirectoryManager] Updating job run properties.
[2026-08-26 21:16:55Z INFO HostContext] Well known directory 'Bin': 'D:\actions-runner\bin'
[2026-08-26 21:16:55Z INFO HostContext] Well known directory 'Root': 'D:\actions-runner'
[2026-08-26 21:16:55Z INFO HostContext] Well known directory 'Work': 'D:\actions-runner\_work'
[2026-08-26 21:16:55Z INFO HostContext] Well known directory 'Bin': 'D:\actions-runner\bin'
[2026-08-26 21:16:55Z INFO HostContext] Well known directory 'Root': 'D:\actions-runner'
[2026-08-26 21:16:55Z INFO HostContext] Well known directory 'Work': 'D:\actions-runner\_work'
[2026-08-26 21:16:55Z INFO HostContext] Well known directory 'Bin': 'D:\actions-runner\bin'
[2026-08-26 21:16:55Z INFO HostContext] Well known directory 'Root': 'D:\actions-runner'
[2026-08-26 21:16:55Z INFO HostContext] Well known directory 'Work': 'D:\actions-runner\_work'
[2026-08-26 21:16:55Z INFO JobExtension] Downloading actions
[2026-08-26 21:16:55Z INFO HostContext] Well known directory 'Bin': 'D:\actions-runner\bin'
[2026-08-26 21:16:55Z INFO HostContext] Well known directory 'Root': 'D:\actions-runner'
[2026-08-26 21:16:55Z INFO HostContext] Well known directory 'Work': 'D:\actions-runner\_work'
[2026-08-26 21:16:55Z INFO HostContext] Well known directory 'Actions': 'D:\actions-runner\_work\_actions'
[2026-08-26 21:16:55Z INFO Worker] Listening for cancel message from the channel.
[2026-08-26 21:16:56Z INFO Worker] Waiting for the job to complete or for a cancel message from the channel.
[2026-08-26 21:16:56Z INFO ResultServer] Successfully started websocket client.
[2026-08-26 21:16:56Z INFO JobServerQueue] Try to append 1 batches web console lines for record '4c841d55-7d4f-4a01-ac77-574e9ae96bee', success rate: 1/1.
[2026-08-26 21:16:56Z INFO HostContext] Well known directory 'Bin': 'D:\actions-runner\bin'
[2026-08-26 21:16:56Z INFO HostContext] Well known directory 'Root': 'D:\actions-runner'
[2026-08-26 21:16:56Z INFO HostContext] Well known directory 'Work': 'D:\actions-runner\_work'
[2026-08-26 21:16:56Z INFO HostContext] Well known directory 'Actions': 'D:\actions-runner\_work\_actions'
[2026-08-26 21:16:56Z INFO HostContext] Well known directory 'Bin': 'D:\actions-runner\bin'
[2026-08-26 21:16:56Z INFO HostContext] Well known directory 'Root': 'D:\actions-runner'
[2026-08-26 21:16:56Z INFO HostContext] Well known directory 'Work': 'D:\actions-runner\_work'
[2026-08-26 21:16:56Z INFO HostContext] Well known directory 'Actions': 'D:\actions-runner\_work\_actions'
[2026-08-26 21:16:56Z INFO ActionManager] Save archive 'https://codeload.github.com/actions/checkout/zip/11d5960a326750d5838078e36cf38b85af677262' into D:\actions-runner\_work\_actions\_temp_73bb8b45-8490-4f6c-ab35-5598120d40a4\fa81fdd6-5cee-47f7-b5b2-cf01ffb8bf33.zip.
[2026-08-26 21:16:56Z INFO ActionManager] Using Basic token for action archive download.
[2026-08-26 21:16:56Z INFO JobServerQueue] Try to append 1 batches web console lines for record '4c841d55-7d4f-4a01-ac77-574e9ae96bee', success rate: 1/1.
[2026-08-26 21:16:56Z INFO JobServerQueue] Job timeline record has been updated for the first time.
[2026-08-26 21:16:56Z INFO ActionManager] Request URL: https://codeload.github.com/actions/checkout/zip/11d5960a326750d5838078e36cf38b85af677262 X-GitHub-Request-Id: 0E7B:21FF2F:33F17:4F013:6A8F57BB Http Status: OK
[2026-08-26 21:16:57Z INFO ActionManager] Finished getting action repository.
[2026-08-26 21:16:57Z INFO HostContext] Well known directory 'Bin': 'D:\actions-runner\bin'
[2026-08-26 21:16:57Z INFO HostContext] Well known directory 'Root': 'D:\actions-runner'
[2026-08-26 21:16:57Z INFO HostContext] Well known directory 'Work': 'D:\actions-runner\_work'
[2026-08-26 21:16:57Z INFO HostContext] Well known directory 'Actions': 'D:\actions-runner\_work\_actions'
[2026-08-26 21:16:57Z INFO HostContext] Well known directory 'Bin': 'D:\actions-runner\bin'
[2026-08-26 21:16:57Z INFO HostContext] Well known directory 'Root': 'D:\actions-runner'
[2026-08-26 21:16:57Z INFO HostContext] Well known directory 'Work': 'D:\actions-runner\_work'
[2026-08-26 21:16:57Z INFO HostContext] Well known directory 'Actions': 'D:\actions-runner\_work\_actions'
[2026-08-26 21:16:57Z INFO ActionManager] Save archive 'https://codeload.github.com/actions/setup-node/zip/49933ea5288caeca8642d1e84afbd3f7d6820020' into D:\actions-runner\_work\_actions\_temp_debc1ec7-2d26-4687-b964-5ba85a406e86\4f43cd41-ba0e-4f38-9001-50d8906e16ca.zip.
[2026-08-26 21:16:57Z INFO ActionManager] Using Basic token for action archive download.
[2026-08-26 21:16:57Z INFO JobServerQueue] Try to append 1 batches web console lines for record '4c841d55-7d4f-4a01-ac77-574e9ae96bee', success rate: 1/1.
[2026-08-26 21:16:58Z INFO ActionManager] Request URL: https://codeload.github.com/actions/setup-node/zip/49933ea5288caeca8642d1e84afbd3f7d6820020 X-GitHub-Request-Id: 0E7C:3DDCC0:34B92:4FCE3:6A8F57BC Http Status: OK
[2026-08-26 21:16:58Z INFO ActionManager] Finished getting action repository.
[2026-08-26 21:16:58Z INFO HostContext] Well known directory 'Bin': 'D:\actions-runner\bin'
[2026-08-26 21:16:58Z INFO HostContext] Well known directory 'Root': 'D:\actions-runner'
[2026-08-26 21:16:58Z INFO HostContext] Well known directory 'Work': 'D:\actions-runner\_work'
[2026-08-26 21:16:58Z INFO HostContext] Well known directory 'Actions': 'D:\actions-runner\_work\_actions'
[2026-08-26 21:16:58Z INFO ActionManifestManagerLegacy] Load schema file with definitions: [
  "null",
  "boolean",
  "number",
  "string",
  "sequence",
  "mapping",
  "any",
  "action-root",
  "inputs",
  "input",
  "outputs",
  "output-definition",
  "runs",
  "container-runs",
  "container-runs-args",
  "container-runs-env",
  "node-runs",
  "plugin-runs",
  "composite-runs",
  "composite-steps",
  "composite-step",
  "run-step",
  "uses-step",
  "container-runs-context",
  "output-value",
  "input-default-context",
  "non-empty-string",
  "string-steps-context",
  "boolean-steps-context",
  "step-env",
  "step-if",
  "step-with"
]
[2026-08-26 21:16:58Z INFO ActionManifestManager] Load schema file with definitions: [
  "null",
  "boolean",
  "number",
  "string",
  "sequence",
  "mapping",
  "any",
  "action-root",
  "inputs",
  "input",
  "outputs",
  "output-definition",
  "runs",
  "container-runs",
  "container-runs-args",
  "container-runs-env",
  "node-runs",
  "plugin-runs",
  "composite-runs",
  "composite-steps",
  "composite-step",
  "run-step",
  "uses-step",
  "container-runs-context",
  "output-value",
  "input-default-context",
  "non-empty-string",
  "string-steps-context",
  "boolean-steps-context",
  "step-env",
  "step-if",
  "step-with"
]
[2026-08-26 21:16:58Z INFO HostContext] Well known directory 'Bin': 'D:\actions-runner\bin'
[2026-08-26 21:16:58Z INFO HostContext] Well known directory 'Root': 'D:\actions-runner'
[2026-08-26 21:16:58Z INFO HostContext] Well known directory 'Work': 'D:\actions-runner\_work'
[2026-08-26 21:16:58Z INFO HostContext] Well known directory 'Actions': 'D:\actions-runner\_work\_actions'
[2026-08-26 21:16:59Z INFO ActionManifestManagerLegacy] Loaded action.yml file: {
  "name": "Checkout",
  "description": "Checkout a Git repository at a particular version",
  "inputs": {
    "type": 2,
    "map": [
      {
        "key": {
          "type": 0,
          "file": 2,
          "line": 4,
          "col": 3,
          "lit": "repository"
        },
        "value": {
          "type": 3,
          "file": 2,
          "line": 6,
          "col": 14,
          "expr": "github.repository"
        }
      },
      {
        "key": {
          "type": 0,
          "file": 2,
          "line": 7,
          "col": 3,
          "lit": "ref"
        },
        "value": ""
      },
      {
        "key": {
          "type": 0,
          "file": 2,
          "line": 12,
          "col": 3,
          "lit": "token"
        },
        "value": {
          "type": 3,
          "file": 2,
          "line": 24,
          "col": 14,
          "expr": "github.token"
        }
      },
      {
        "key": {
          "type": 0,
          "file": 2,
          "line": 25,
          "col": 3,
          "lit": "ssh-key"
        },
        "value": ""
      },
      {
        "key": {
          "type": 0,
          "file": 2,
          "line": 37,
          "col": 3,
          "lit": "ssh-known-hosts"
        },
        "value": ""
      },
      {
        "key": {
          "type": 0,
          "file": 2,
          "line": 42,
          "col": 3,
          "lit": "ssh-strict"
        },
        "value": {
          "type": 0,
          "file": 2,
          "line": 47,
          "col": 14,
          "lit": "true"
        }
      },
      {
        "key": {
          "type": 0,
          "file": 2,
          "line": 48,
          "col": 3,
          "lit": "ssh-user"
        },
        "value": {
          "type": 0,
          "file": 2,
          "line": 51,
          "col": 14,
          "lit": "git"
        }
      },
      {
        "key": {
          "type": 0,
          "file": 2,
          "line": 52,
          "col": 3,
          "lit": "persist-credentials"
        },
        "value": {
          "type": 0,
          "file": 2,
          "line": 54,
          "col": 14,
          "lit": "true"
        }
      },
      {
        "key": {
          "type": 0,
          "file": 2,
          "line": 55,
          "col": 3,
          "lit": "path"
        },
        "value": ""
      },
      {
        "key": {
          "type": 0,
          "file": 2,
          "line": 57,
          "col": 3,
          "lit": "clean"
        },
        "value": {
          "type": 0,
          "file": 2,
          "line": 59,
          "col": 14,
          "lit": "true"
        }
      },
      {
        "key": {
          "type": 0,
          "file": 2,
          "line": 60,
          "col": 3,
          "lit": "filter"
        },
        "value": {
          "type": 0,
          "file": 2,
          "line": 64,
          "col": 14,
          "lit": ""
        }
      },
      {
        "key": {
          "type": 0,
          "file": 2,
          "line": 65,
          "col": 3,
          "lit": "sparse-checkout"
        },
        "value": {
          "type": 0,
          "file": 2,
          "line": 69,
          "col": 14,
          "lit": ""
        }
      },
      {
        "key": {
          "type": 0,
          "file": 2,
          "line": 70,
          "col": 3,
          "lit": "sparse-checkout-cone-mode"
        },
        "value": {
          "type": 0,
          "file": 2,
          "line": 73,
          "col": 14,
          "lit": "true"
        }
      },
      {
        "key": {
          "type": 0,
          "file": 2,
          "line": 74,
          "col": 3,
          "lit": "fetch-depth"
        },
        "value": {
          "type": 0,
          "file": 2,
          "line": 76,
          "col": 14,
          "lit": "1"
        }
      },
      {
        "key": {
          "type": 0,
          "file": 2,
          "line": 77,
          "col": 3,
          "lit": "fetch-tags"
        },
        "value": {
          "type": 0,
          "file": 2,
          "line": 79,
          "col": 14,
          "lit": "false"
        }
      },
      {
        "key": {
          "type": 0,
          "file": 2,
          "line": 80,
          "col": 3,
          "lit": "show-progress"
        },
        "value": {
          "type": 0,
          "file": 2,
          "line": 82,
          "col": 14,
          "lit": "true"
        }
      },
      {
        "key": {
          "type": 0,
          "file": 2,
          "line": 83,
          "col": 3,
          "lit": "lfs"
        },
        "value": {
          "type": 0,
          "file": 2,
          "line": 85,
          "col": 14,
          "lit": "false"
        }
      },
      {
        "key": {
          "type": 0,
          "file": 2,
          "line": 86,
          "col": 3,
          "lit": "submodules"
        },
        "value": {
          "type": 0,
          "file": 2,
          "line": 94,
          "col": 14,
          "lit": "false"
        }
      },
      {
        "key": {
          "type": 0,
          "file": 2,
          "line": 95,
          "col": 3,
          "lit": "set-safe-directory"
        },
        "value": {
          "type": 0,
          "file": 2,
          "line": 97,
          "col": 14,
          "lit": "true"
        }
      },
      {
        "key": {
          "type": 0,
          "file": 2,
          "line": 98,
          "col": 3,
          "lit": "github-server-url"
        },
        "value": ""
      },
      {
        "key": {
          "type": 0,
          "file": 2,
          "line": 101,
          "col": 3,
          "lit": "allow-unsafe-pr-checkout"
        },
        "value": {
          "type": 0,
          "file": 2,
          "line": 109,
          "col": 14,
          "lit": "false"
        }
      }
    ]
  },
  "execution": {
    "executionType": "nodeJS",
    "hasPre": false,
    "hasPost": true,
    "script": "dist/index.js",
    "pre": null,
    "post": "dist/index.js",
    "nodeVersion": "node20",
    "cleanupCondition": "always()",
    "initCondition": "always()"
  },
  "deprecated": null
}
[2026-08-26 21:16:59Z INFO ActionManager] Action node.js file: dist/index.js, no more preparation.
[2026-08-26 21:16:59Z INFO HostContext] Well known directory 'Bin': 'D:\actions-runner\bin'
[2026-08-26 21:16:59Z INFO HostContext] Well known directory 'Root': 'D:\actions-runner'
[2026-08-26 21:16:59Z INFO HostContext] Well known directory 'Work': 'D:\actions-runner\_work'
[2026-08-26 21:16:59Z INFO HostContext] Well known directory 'Actions': 'D:\actions-runner\_work\_actions'
[2026-08-26 21:16:59Z INFO ActionManager] Load action that reference repository from 'D:\actions-runner\_work\_actions\actions\checkout\v4'
[2026-08-26 21:16:59Z INFO HostContext] Well known directory 'Bin': 'D:\actions-runner\bin'
[2026-08-26 21:16:59Z INFO HostContext] Well known directory 'Root': 'D:\actions-runner'
[2026-08-26 21:16:59Z INFO HostContext] Well known directory 'Work': 'D:\actions-runner\_work'
[2026-08-26 21:16:59Z INFO HostContext] Well known directory 'Actions': 'D:\actions-runner\_work\_actions'
[2026-08-26 21:16:59Z INFO ActionManifestManagerLegacy] Loaded action.yml file: {
  "name": "Checkout",
  "description": "Checkout a Git repository at a particular version",
  "inputs": {
    "type": 2,
    "map": [
      {
        "key": {
          "type": 0,
          "file": 2,
          "line": 4,
          "col": 3,
          "lit": "repository"
        },
        "value": {
          "type": 3,
          "file": 2,
          "line": 6,
          "col": 14,
          "expr": "github.repository"
        }
      },
      {
        "key": {
          "type": 0,
          "file": 2,
          "line": 7,
          "col": 3,
          "lit": "ref"
        },
        "value": ""
      },
      {
        "key": {
          "type": 0,
          "file": 2,
          "line": 12,
          "col": 3,
          "lit": "token"
        },
        "value": {
          "type": 3,
          "file": 2,
          "line": 24,
          "col": 14,
          "expr": "github.token"
        }
      },
      {
        "key": {
          "type": 0,
          "file": 2,
          "line": 25,
          "col": 3,
          "lit": "ssh-key"
        },
        "value": ""
      },
      {
        "key": {
          "type": 0,
          "file": 2,
          "line": 37,
          "col": 3,
          "lit": "ssh-known-hosts"
        },
        "value": ""
      },
      {
        "key": {
          "type": 0,
          "file": 2,
          "line": 42,
          "col": 3,
          "lit": "ssh-strict"
        },
        "value": {
          "type": 0,
          "file": 2,
          "line": 47,
          "col": 14,
          "lit": "true"
        }
      },
      {
        "key": {
          "type": 0,
          "file": 2,
          "line": 48,
          "col": 3,
          "lit": "ssh-user"
        },
        "value": {
          "type": 0,
          "file": 2,
          "line": 51,
          "col": 14,
          "lit": "git"
        }
      },
      {
        "key": {
          "type": 0,
          "file": 2,
          "line": 52,
          "col": 3,
          "lit": "persist-credentials"
        },
        "value": {
          "type": 0,
          "file": 2,
          "line": 54,
          "col": 14,
          "lit": "true"
        }
      },
      {
        "key": {
          "type": 0,
          "file": 2,
          "line": 55,
          "col": 3,
          "lit": "path"
        },
        "value": ""
      },
      {
        "key": {
          "type": 0,
          "file": 2,
          "line": 57,
          "col": 3,
          "lit": "clean"
        },
        "value": {
          "type": 0,
          "file": 2,
          "line": 59,
          "col": 14,
          "lit": "true"
        }
      },
      {
        "key": {
          "type": 0,
          "file": 2,
          "line": 60,
          "col": 3,
          "lit": "filter"
        },
        "value": {
          "type": 0,
          "file": 2,
          "line": 64,
          "col": 14,
          "lit": ""
        }
      },
      {
        "key": {
          "type": 0,
          "file": 2,
          "line": 65,
          "col": 3,
          "lit": "sparse-checkout"
        },
        "value": {
          "type": 0,
          "file": 2,
          "line": 69,
          "col": 14,
          "lit": ""
        }
      },
      {
        "key": {
          "type": 0,
          "file": 2,
          "line": 70,
          "col": 3,
          "lit": "sparse-checkout-cone-mode"
        },
        "value": {
          "type": 0,
          "file": 2,
          "line": 73,
          "col": 14,
          "lit": "true"
        }
      },
      {
        "key": {
          "type": 0,
          "file": 2,
          "line": 74,
          "col": 3,
          "lit": "fetch-depth"
        },
        "value": {
          "type": 0,
          "file": 2,
          "line": 76,
          "col": 14,
          "lit": "1"
        }
      },
      {
        "key": {
          "type": 0,
          "file": 2,
          "line": 77,
          "col": 3,
          "lit": "fetch-tags"
        },
        "value": {
          "type": 0,
          "file": 2,
          "line": 79,
          "col": 14,
          "lit": "false"
        }
      },
      {
        "key": {
          "type": 0,
          "file": 2,
          "line": 80,
          "col": 3,
          "lit": "show-progress"
        },
        "value": {
          "type": 0,
          "file": 2,
          "line": 82,
          "col": 14,
          "lit": "true"
        }
      },
      {
        "key": {
          "type": 0,
          "file": 2,
          "line": 83,
          "col": 3,
          "lit": "lfs"
        },
        "value": {
          "type": 0,
          "file": 2,
          "line": 85,
          "col": 14,
          "lit": "false"
        }
      },
      {
        "key": {
          "type": 0,
          "file": 2,
          "line": 86,
          "col": 3,
          "lit": "submodules"
        },
        "value": {
          "type": 0,
          "file": 2,
          "line": 94,
          "col": 14,
          "lit": "false"
        }
      },
      {
        "key": {
          "type": 0,
          "file": 2,
          "line": 95,
          "col": 3,
          "lit": "set-safe-directory"
        },
        "value": {
          "type": 0,
          "file": 2,
          "line": 97,
          "col": 14,
          "lit": "true"
        }
      },
      {
        "key": {
          "type": 0,
          "file": 2,
          "line": 98,
          "col": 3,
          "lit": "github-server-url"
        },
        "value": ""
      },
      {
        "key": {
          "type": 0,
          "file": 2,
          "line": 101,
          "col": 3,
          "lit": "allow-unsafe-pr-checkout"
        },
        "value": {
          "type": 0,
          "file": 2,
          "line": 109,
          "col": 14,
          "lit": "false"
        }
      }
    ]
  },
  "execution": {
    "executionType": "nodeJS",
    "hasPre": false,
    "hasPost": true,
    "script": "dist/index.js",
    "pre": null,
    "post": "dist/index.js",
    "nodeVersion": "node20",
    "cleanupCondition": "always()",
    "initCondition": "always()"
  },
  "deprecated": null
}
[2026-08-26 21:16:59Z INFO ActionManager] Action pre node.js file: N/A.
[2026-08-26 21:16:59Z INFO ActionManager] Action node.js file: dist/index.js.
[2026-08-26 21:16:59Z INFO ActionManager] Action post node.js file: dist/index.js.
[2026-08-26 21:16:59Z INFO HostContext] Well known directory 'Bin': 'D:\actions-runner\bin'
[2026-08-26 21:16:59Z INFO HostContext] Well known directory 'Root': 'D:\actions-runner'
[2026-08-26 21:16:59Z INFO HostContext] Well known directory 'Work': 'D:\actions-runner\_work'
[2026-08-26 21:16:59Z INFO HostContext] Well known directory 'Actions': 'D:\actions-runner\_work\_actions'
[2026-08-26 21:16:59Z INFO HostContext] Well known directory 'Bin': 'D:\actions-runner\bin'
[2026-08-26 21:16:59Z INFO HostContext] Well known directory 'Root': 'D:\actions-runner'
[2026-08-26 21:16:59Z INFO HostContext] Well known directory 'Work': 'D:\actions-runner\_work'
[2026-08-26 21:16:59Z INFO HostContext] Well known directory 'Actions': 'D:\actions-runner\_work\_actions'
[2026-08-26 21:16:59Z INFO ActionManifestManagerLegacy] Ignore action property author.
[2026-08-26 21:16:59Z INFO ActionManifestManagerLegacy] Loaded action.yml file: {
  "name": "Setup Node.js environment",
  "description": "Setup a Node.js environment by adding problem matchers and optionally downloading and adding it to the PATH.",
  "inputs": {
    "type": 2,
    "map": [
      {
        "key": {
          "type": 0,
          "file": 3,
          "line": 5,
          "col": 3,
          "lit": "always-auth"
        },
        "value": {
          "type": 0,
          "file": 3,
          "line": 7,
          "col": 14,
          "lit": "false"
        }
      },
      {
        "key": {
          "type": 0,
          "file": 3,
          "line": 8,
          "col": 3,
          "lit": "node-version"
        },
        "value": ""
      },
      {
        "key": {
          "type": 0,
          "file": 3,
          "line": 10,
          "col": 3,
          "lit": "node-version-file"
        },
        "value": ""
      },
      {
        "key": {
          "type": 0,
          "file": 3,
          "line": 12,
          "col": 3,
          "lit": "architecture"
        },
        "value": ""
      },
      {
        "key": {
          "type": 0,
          "file": 3,
          "line": 14,
          "col": 3,
          "lit": "check-latest"
        },
        "value": {
          "type": 0,
          "file": 3,
          "line": 16,
          "col": 14,
          "lit": "false"
        }
      },
      {
        "key": {
          "type": 0,
          "file": 3,
          "line": 17,
          "col": 3,
          "lit": "registry-url"
        },
        "value": ""
      },
      {
        "key": {
          "type": 0,
          "file": 3,
          "line": 19,
          "col": 3,
          "lit": "scope"
        },
        "value": ""
      },
      {
        "key": {
          "type": 0,
          "file": 3,
          "line": 21,
          "col": 3,
          "lit": "token"
        },
        "value": {
          "type": 3,
          "file": 3,
          "line": 23,
          "col": 14,
          "expr": "github.server_url == 'https://github.com' && github.token || ''"
        }
      },
      {
        "key": {
          "type": 0,
          "file": 3,
          "line": 24,
          "col": 3,
          "lit": "cache"
        },
        "value": ""
      },
      {
        "key": {
          "type": 0,
          "file": 3,
          "line": 26,
          "col": 3,
          "lit": "cache-dependency-path"
        },
        "value": ""
      },
      {
        "key": {
          "type": 0,
          "file": 3,
          "line": 28,
          "col": 3,
          "lit": "mirror"
        },
        "value": ""
      },
      {
        "key": {
          "type": 0,
          "file": 3,
          "line": 30,
          "col": 3,
          "lit": "mirror-token"
        },
        "value": ""
      }
    ]
  },
  "execution": {
    "executionType": "nodeJS",
    "hasPre": false,
    "hasPost": true,
    "script": "dist/setup/index.js",
    "pre": null,
    "post": "dist/cache-save/index.js",
    "nodeVersion": "node20",
    "cleanupCondition": "success()",
    "initCondition": "always()"
  },
  "deprecated": null
}
[2026-08-26 21:16:59Z INFO ActionManager] Action node.js file: dist/setup/index.js, no more preparation.
[2026-08-26 21:16:59Z INFO HostContext] Well known directory 'Bin': 'D:\actions-runner\bin'
[2026-08-26 21:16:59Z INFO HostContext] Well known directory 'Root': 'D:\actions-runner'
[2026-08-26 21:16:59Z INFO HostContext] Well known directory 'Work': 'D:\actions-runner\_work'
[2026-08-26 21:16:59Z INFO HostContext] Well known directory 'Actions': 'D:\actions-runner\_work\_actions'
[2026-08-26 21:16:59Z INFO ActionManager] Load action that reference repository from 'D:\actions-runner\_work\_actions\actions\setup-node\v4'
[2026-08-26 21:16:59Z INFO HostContext] Well known directory 'Bin': 'D:\actions-runner\bin'
[2026-08-26 21:16:59Z INFO HostContext] Well known directory 'Root': 'D:\actions-runner'
[2026-08-26 21:16:59Z INFO HostContext] Well known directory 'Work': 'D:\actions-runner\_work'
[2026-08-26 21:16:59Z INFO HostContext] Well known directory 'Actions': 'D:\actions-runner\_work\_actions'
[2026-08-26 21:16:59Z INFO ActionManifestManagerLegacy] Ignore action property author.
[2026-08-26 21:16:59Z INFO ActionManifestManagerLegacy] Loaded action.yml file: {
  "name": "Setup Node.js environment",
  "description": "Setup a Node.js environment by adding problem matchers and optionally downloading and adding it to the PATH.",
  "inputs": {
    "type": 2,
    "map": [
      {
        "key": {
          "type": 0,
          "file": 3,
          "line": 5,
          "col": 3,
          "lit": "always-auth"
        },
        "value": {
          "type": 0,
          "file": 3,
          "line": 7,
          "col": 14,
          "lit": "false"
        }
      },
      {
        "key": {
          "type": 0,
          "file": 3,
          "line": 8,
          "col": 3,
          "lit": "node-version"
        },
        "value": ""
      },
      {
        "key": {
          "type": 0,
          "file": 3,
          "line": 10,
          "col": 3,
          "lit": "node-version-file"
        },
        "value": ""
      },
      {
        "key": {
          "type": 0,
          "file": 3,
          "line": 12,
          "col": 3,
          "lit": "architecture"
        },
        "value": ""
      },
      {
        "key": {
          "type": 0,
          "file": 3,
          "line": 14,
          "col": 3,
          "lit": "check-latest"
        },
        "value": {
          "type": 0,
          "file": 3,
          "line": 16,
          "col": 14,
          "lit": "false"
        }
      },
      {
        "key": {
          "type": 0,
          "file": 3,
          "line": 17,
          "col": 3,
          "lit": "registry-url"
        },
        "value": ""
      },
      {
        "key": {
          "type": 0,
          "file": 3,
          "line": 19,
          "col": 3,
          "lit": "scope"
        },
        "value": ""
      },
      {
        "key": {
          "type": 0,
          "file": 3,
          "line": 21,
          "col": 3,
          "lit": "token"
        },
        "value": {
          "type": 3,
          "file": 3,
          "line": 23,
          "col": 14,
          "expr": "github.server_url == 'https://github.com' && github.token || ''"
        }
      },
      {
        "key": {
          "type": 0,
          "file": 3,
          "line": 24,
          "col": 3,
          "lit": "cache"
        },
        "value": ""
      },
      {
        "key": {
          "type": 0,
          "file": 3,
          "line": 26,
          "col": 3,
          "lit": "cache-dependency-path"
        },
        "value": ""
      },
      {
        "key": {
          "type": 0,
          "file": 3,
          "line": 28,
          "col": 3,
          "lit": "mirror"
        },
        "value": ""
      },
      {
        "key": {
          "type": 0,
          "file": 3,
          "line": 30,
          "col": 3,
          "lit": "mirror-token"
        },
        "value": ""
      }
    ]
  },
  "execution": {
    "executionType": "nodeJS",
    "hasPre": false,
    "hasPost": true,
    "script": "dist/setup/index.js",
    "pre": null,
    "post": "dist/cache-save/index.js",
    "nodeVersion": "node20",
    "cleanupCondition": "success()",
    "initCondition": "always()"
  },
  "deprecated": null
}
[2026-08-26 21:16:59Z INFO ActionManager] Action pre node.js file: N/A.
[2026-08-26 21:16:59Z INFO ActionManager] Action node.js file: dist/setup/index.js.
[2026-08-26 21:16:59Z INFO ActionManager] Action post node.js file: dist/cache-save/index.js.
[2026-08-26 21:16:59Z INFO JobExtension] Adding .
[2026-08-26 21:16:59Z INFO JobExtension] Adding .
[2026-08-26 21:16:59Z INFO JobExtension] Adding .
[2026-08-26 21:16:59Z INFO JobExtension] Adding .
[2026-08-26 21:16:59Z INFO JobExtension] Adding .
[2026-08-26 21:16:59Z INFO HostContext] Well known directory 'Bin': 'D:\actions-runner\bin'
[2026-08-26 21:16:59Z INFO HostContext] Well known directory 'Root': 'D:\actions-runner'
[2026-08-26 21:16:59Z INFO HostContext] Well known directory 'Diag': 'D:\actions-runner\_diag'
[2026-08-26 21:16:59Z INFO HostContext] Well known directory 'Bin': 'D:\actions-runner\bin'
[2026-08-26 21:16:59Z INFO HostContext] Well known directory 'Root': 'D:\actions-runner'
[2026-08-26 21:16:59Z INFO HostContext] Well known directory 'Diag': 'D:\actions-runner\_diag'
[2026-08-26 21:16:59Z INFO HostContext] Well known directory 'Bin': 'D:\actions-runner\bin'
[2026-08-26 21:16:59Z INFO HostContext] Well known directory 'Root': 'D:\actions-runner'
[2026-08-26 21:16:59Z INFO HostContext] Well known directory 'Diag': 'D:\actions-runner\_diag'
[2026-08-26 21:16:59Z INFO HostContext] Well known directory 'Bin': 'D:\actions-runner\bin'
[2026-08-26 21:16:59Z INFO HostContext] Well known directory 'Root': 'D:\actions-runner'
[2026-08-26 21:16:59Z INFO HostContext] Well known directory 'Diag': 'D:\actions-runner\_diag'
[2026-08-26 21:16:59Z INFO HostContext] Well known directory 'Bin': 'D:\actions-runner\bin'
[2026-08-26 21:16:59Z INFO HostContext] Well known directory 'Root': 'D:\actions-runner'
[2026-08-26 21:16:59Z INFO HostContext] Well known directory 'Diag': 'D:\actions-runner\_diag'
[2026-08-26 21:16:59Z INFO HostContext] Well known directory 'Bin': 'D:\actions-runner\bin'
[2026-08-26 21:16:59Z INFO HostContext] Well known directory 'Root': 'D:\actions-runner'
[2026-08-26 21:16:59Z INFO HostContext] Well known directory 'Diag': 'D:\actions-runner\_diag'
[2026-08-26 21:16:59Z INFO HostContext] Well known directory 'Bin': 'D:\actions-runner\bin'
[2026-08-26 21:16:59Z INFO HostContext] Well known directory 'Root': 'D:\actions-runner'
[2026-08-26 21:16:59Z INFO HostContext] Well known directory 'Diag': 'D:\actions-runner\_diag'
[2026-08-26 21:16:59Z INFO HostContext] Well known directory 'Bin': 'D:\actions-runner\bin'
[2026-08-26 21:16:59Z INFO HostContext] Well known directory 'Root': 'D:\actions-runner'
[2026-08-26 21:16:59Z INFO HostContext] Well known directory 'Diag': 'D:\actions-runner\_diag'
[2026-08-26 21:16:59Z INFO HostContext] Well known directory 'Bin': 'D:\actions-runner\bin'
[2026-08-26 21:16:59Z INFO HostContext] Well known directory 'Root': 'D:\actions-runner'
[2026-08-26 21:16:59Z INFO HostContext] Well known directory 'Diag': 'D:\actions-runner\_diag'
[2026-08-26 21:16:59Z INFO HostContext] Well known directory 'Bin': 'D:\actions-runner\bin'
[2026-08-26 21:16:59Z INFO HostContext] Well known directory 'Root': 'D:\actions-runner'
[2026-08-26 21:16:59Z INFO HostContext] Well known directory 'Diag': 'D:\actions-runner\_diag'
[2026-08-26 21:16:59Z INFO JobExtension] Total accessible running process: 153.
[2026-08-26 21:16:59Z INFO HostContext] Well known directory 'Bin': 'D:\actions-runner\bin'
[2026-08-26 21:16:59Z INFO HostContext] Well known directory 'Root': 'D:\actions-runner'
[2026-08-26 21:16:59Z INFO HostContext] Well known directory 'Work': 'D:\actions-runner\_work'
[2026-08-26 21:16:59Z INFO JobExtension] Start checking server connectivity.
[2026-08-26 21:16:59Z INFO JobExtension] Check server connectivity for https://broker.actions.githubusercontent.com/health.
[2026-08-26 21:16:59Z INFO JobExtension] Check server connectivity for https://token.actions.githubusercontent.com/ready.
[2026-08-26 21:16:59Z INFO JobExtension] Check server connectivity for https://run.actions.githubusercontent.com/health.
[2026-08-26 21:16:59Z INFO JobExtension] Start checking service connectivity in background.
[2026-08-26 21:16:59Z INFO ExecutionContext] Publish step telemetry for current step {
  "action": "setup_job",
  "type": "runner",
  "stage": "Pre",
  "stepId": "4c841d55-7d4f-4a01-ac77-574e9ae96bee",
  "result": "succeeded",
  "errorMessages": [],
  "executionTimeInSeconds": 4,
  "startTime": "2026-08-26T21:16:55.8635459Z",
  "finishTime": "2026-08-26T21:16:59.1637059Z"
}.
[2026-08-26 21:16:59Z INFO JobRunner] Total job steps: 5.
[2026-08-26 21:16:59Z INFO JobRunner] Run all job steps.
[2026-08-26 21:16:59Z INFO DapDebugger] DapDebugger initialized
[2026-08-26 21:16:59Z INFO StepsRunner] Processing step: DisplayName='Checkout'
[2026-08-26 21:16:59Z INFO StepsRunner] Evaluating: success()
[2026-08-26 21:16:59Z INFO StepsRunner] Result: true
[2026-08-26 21:16:59Z INFO StepsRunner] Starting the step.
[2026-08-26 21:16:59Z INFO HostContext] Well known directory 'Bin': 'D:\actions-runner\bin'
[2026-08-26 21:16:59Z INFO HostContext] Well known directory 'Root': 'D:\actions-runner'
[2026-08-26 21:16:59Z INFO HostContext] Well known directory 'Work': 'D:\actions-runner\_work'
[2026-08-26 21:16:59Z INFO StepsRunner] Which2: 'chcp'
[2026-08-26 21:16:59Z INFO StepsRunner] Location: 'C:\WINDOWS\system32\chcp.COM'
[2026-08-26 21:16:59Z INFO ProcessInvokerWrapper] Starting process:
[2026-08-26 21:16:59Z INFO ProcessInvokerWrapper]   File name: 'C:\WINDOWS\system32\chcp.COM'
[2026-08-26 21:16:59Z INFO ProcessInvokerWrapper]   Arguments: '65001'
[2026-08-26 21:16:59Z INFO ProcessInvokerWrapper]   Working directory: 'D:\actions-runner\_work'
[2026-08-26 21:16:59Z INFO ProcessInvokerWrapper]   Require exit code zero: 'False'
[2026-08-26 21:16:59Z INFO ProcessInvokerWrapper]   Encoding web name:  ; code page: ''
[2026-08-26 21:16:59Z INFO ProcessInvokerWrapper]   Force kill process on cancellation: 'False'
[2026-08-26 21:16:59Z INFO ProcessInvokerWrapper]   Redirected STDIN: 'False'
[2026-08-26 21:16:59Z INFO ProcessInvokerWrapper]   Persist current code page: 'True'
[2026-08-26 21:16:59Z INFO ProcessInvokerWrapper]   Keep redirected STDIN open: 'False'
[2026-08-26 21:16:59Z INFO ProcessInvokerWrapper]   High priority process: 'False'
[2026-08-26 21:16:59Z INFO ProcessInvokerWrapper] Process started with process id 17184, waiting for process exit.
[2026-08-26 21:16:59Z INFO ProcessInvokerWrapper] STDOUT/STDERR stream read finished.
[2026-08-26 21:16:59Z INFO ProcessInvokerWrapper] STDOUT/STDERR stream read finished.
[2026-08-26 21:16:59Z INFO ProcessInvokerWrapper] Finished process 17184 with exit code 0, and elapsed time 00:00:00.0118787.
[2026-08-26 21:16:59Z INFO StepsRunner] Successfully returned to code page 65001 (UTF8)
[2026-08-26 21:16:59Z INFO HostContext] Well known directory 'Bin': 'D:\actions-runner\bin'
[2026-08-26 21:16:59Z INFO HostContext] Well known directory 'Root': 'D:\actions-runner'
[2026-08-26 21:16:59Z INFO HostContext] Well known directory 'Work': 'D:\actions-runner\_work'
[2026-08-26 21:16:59Z INFO HostContext] Well known directory 'Actions': 'D:\actions-runner\_work\_actions'
[2026-08-26 21:16:59Z INFO ActionManager] Load action that reference repository from 'D:\actions-runner\_work\_actions\actions\checkout\v4'
[2026-08-26 21:16:59Z INFO HostContext] Well known directory 'Bin': 'D:\actions-runner\bin'
[2026-08-26 21:16:59Z INFO HostContext] Well known directory 'Root': 'D:\actions-runner'
[2026-08-26 21:16:59Z INFO HostContext] Well known directory 'Work': 'D:\actions-runner\_work'
[2026-08-26 21:16:59Z INFO HostContext] Well known directory 'Actions': 'D:\actions-runner\_work\_actions'
[2026-08-26 21:16:59Z INFO ActionManifestManagerLegacy] Loaded action.yml file: {
  "name": "Checkout",
  "description": "Checkout a Git repository at a particular version",
  "inputs": {
    "type": 2,
    "map": [
      {
        "key": {
          "type": 0,
          "file": 2,
          "line": 4,
          "col": 3,
          "lit": "repository"
        },
        "value": {
          "type": 3,
          "file": 2,
          "line": 6,
          "col": 14,
          "expr": "github.repository"
        }
      },
      {
        "key": {
          "type": 0,
          "file": 2,
          "line": 7,
          "col": 3,
          "lit": "ref"
        },
        "value": ""
      },
      {
        "key": {
          "type": 0,
          "file": 2,
          "line": 12,
          "col": 3,
          "lit": "token"
        },
        "value": {
          "type": 3,
          "file": 2,
          "line": 24,
          "col": 14,
          "expr": "github.token"
        }
      },
      {
        "key": {
          "type": 0,
          "file": 2,
          "line": 25,
          "col": 3,
          "lit": "ssh-key"
        },
        "value": ""
      },
      {
        "key": {
          "type": 0,
          "file": 2,
          "line": 37,
          "col": 3,
          "lit": "ssh-known-hosts"
        },
        "value": ""
      },
      {
        "key": {
          "type": 0,
          "file": 2,
          "line": 42,
          "col": 3,
          "lit": "ssh-strict"
        },
        "value": {
          "type": 0,
          "file": 2,
          "line": 47,
          "col": 14,
          "lit": "true"
        }
      },
      {
        "key": {
          "type": 0,
          "file": 2,
          "line": 48,
          "col": 3,
          "lit": "ssh-user"
        },
        "value": {
          "type": 0,
          "file": 2,
          "line": 51,
          "col": 14,
          "lit": "git"
        }
      },
      {
        "key": {
          "type": 0,
          "file": 2,
          "line": 52,
          "col": 3,
          "lit": "persist-credentials"
        },
        "value": {
          "type": 0,
          "file": 2,
          "line": 54,
          "col": 14,
          "lit": "true"
        }
      },
      {
        "key": {
          "type": 0,
          "file": 2,
          "line": 55,
          "col": 3,
          "lit": "path"
        },
        "value": ""
      },
      {
        "key": {
          "type": 0,
          "file": 2,
          "line": 57,
          "col": 3,
          "lit": "clean"
        },
        "value": {
          "type": 0,
          "file": 2,
          "line": 59,
          "col": 14,
          "lit": "true"
        }
      },
      {
        "key": {
          "type": 0,
          "file": 2,
          "line": 60,
          "col": 3,
          "lit": "filter"
        },
        "value": {
          "type": 0,
          "file": 2,
          "line": 64,
          "col": 14,
          "lit": ""
        }
      },
      {
        "key": {
          "type": 0,
          "file": 2,
          "line": 65,
          "col": 3,
          "lit": "sparse-checkout"
        },
        "value": {
          "type": 0,
          "file": 2,
          "line": 69,
          "col": 14,
          "lit": ""
        }
      },
      {
        "key": {
          "type": 0,
          "file": 2,
          "line": 70,
          "col": 3,
          "lit": "sparse-checkout-cone-mode"
        },
        "value": {
          "type": 0,
          "file": 2,
          "line": 73,
          "col": 14,
          "lit": "true"
        }
      },
      {
        "key": {
          "type": 0,
          "file": 2,
          "line": 74,
          "col": 3,
          "lit": "fetch-depth"
        },
        "value": {
          "type": 0,
          "file": 2,
          "line": 76,
          "col": 14,
          "lit": "1"
        }
      },
      {
        "key": {
          "type": 0,
          "file": 2,
          "line": 77,
          "col": 3,
          "lit": "fetch-tags"
        },
        "value": {
          "type": 0,
          "file": 2,
          "line": 79,
          "col": 14,
          "lit": "false"
        }
      },
      {
        "key": {
          "type": 0,
          "file": 2,
          "line": 80,
          "col": 3,
          "lit": "show-progress"
        },
        "value": {
          "type": 0,
          "file": 2,
          "line": 82,
          "col": 14,
          "lit": "true"
        }
      },
      {
        "key": {
          "type": 0,
          "file": 2,
          "line": 83,
          "col": 3,
          "lit": "lfs"
        },
        "value": {
          "type": 0,
          "file": 2,
          "line": 85,
          "col": 14,
          "lit": "false"
        }
      },
      {
        "key": {
          "type": 0,
          "file": 2,
          "line": 86,
          "col": 3,
          "lit": "submodules"
        },
        "value": {
          "type": 0,
          "file": 2,
          "line": 94,
          "col": 14,
          "lit": "false"
        }
      },
      {
        "key": {
          "type": 0,
          "file": 2,
          "line": 95,
          "col": 3,
          "lit": "set-safe-directory"
        },
        "value": {
          "type": 0,
          "file": 2,
          "line": 97,
          "col": 14,
          "lit": "true"
        }
      },
      {
        "key": {
          "type": 0,
          "file": 2,
          "line": 98,
          "col": 3,
          "lit": "github-server-url"
        },
        "value": ""
      },
      {
        "key": {
          "type": 0,
          "file": 2,
          "line": 101,
          "col": 3,
          "lit": "allow-unsafe-pr-checkout"
        },
        "value": {
          "type": 0,
          "file": 2,
          "line": 109,
          "col": 14,
          "lit": "false"
        }
      }
    ]
  },
  "execution": {
    "executionType": "nodeJS",
    "hasPre": false,
    "hasPost": true,
    "script": "dist/index.js",
    "pre": null,
    "post": "dist/index.js",
    "nodeVersion": "node20",
    "cleanupCondition": "always()",
    "initCondition": "always()"
  },
  "deprecated": null
}
[2026-08-26 21:16:59Z INFO ActionManager] Action pre node.js file: N/A.
[2026-08-26 21:16:59Z INFO ActionManager] Action node.js file: dist/index.js.
[2026-08-26 21:16:59Z INFO ActionManager] Action post node.js file: dist/index.js.
[2026-08-26 21:16:59Z INFO ExecutionContext] Reserve record order 7 to 12 for post job actions.
[2026-08-26 21:16:59Z INFO HostContext] Well known directory 'Bin': 'D:\actions-runner\bin'
[2026-08-26 21:16:59Z INFO HostContext] Well known directory 'Root': 'D:\actions-runner'
[2026-08-26 21:16:59Z INFO HostContext] Well known directory 'Diag': 'D:\actions-runner\_diag'
[2026-08-26 21:16:59Z INFO HostContext] Well known directory 'Bin': 'D:\actions-runner\bin'
[2026-08-26 21:16:59Z INFO HostContext] Well known directory 'Root': 'D:\actions-runner'
[2026-08-26 21:16:59Z INFO HostContext] Well known directory 'Diag': 'D:\actions-runner\_diag'
[2026-08-26 21:16:59Z INFO HostContext] Well known directory 'Bin': 'D:\actions-runner\bin'
[2026-08-26 21:16:59Z INFO HostContext] Well known directory 'Root': 'D:\actions-runner'
[2026-08-26 21:16:59Z INFO HostContext] Well known directory 'Work': 'D:\actions-runner\_work'
[2026-08-26 21:16:59Z INFO HostContext] Well known directory 'Temp': 'D:\actions-runner\_work\_temp'
[2026-08-26 21:16:59Z INFO ExecutionContext] Write event payload to D:\actions-runner\_work\_temp\_github_workflow\event.json
[2026-08-26 21:16:59Z INFO HostContext] Well known directory 'Bin': 'D:\actions-runner\bin'
[2026-08-26 21:16:59Z INFO HostContext] Well known directory 'Root': 'D:\actions-runner'
[2026-08-26 21:16:59Z INFO HostContext] Well known directory 'Work': 'D:\actions-runner\_work'
[2026-08-26 21:16:59Z INFO HostContext] Well known directory 'Temp': 'D:\actions-runner\_work\_temp'
[2026-08-26 21:16:59Z INFO ExtensionManager] Getting extensions for interface: 'GitHub.Runner.Worker.IFileCommandExtension'
[2026-08-26 21:16:59Z INFO ExtensionManager] Creating instance: GitHub.Runner.Worker.AddPathFileCommand, Runner.Worker
[2026-08-26 21:16:59Z INFO ExtensionManager] Creating instance: GitHub.Runner.Worker.SetEnvFileCommand, Runner.Worker
[2026-08-26 21:16:59Z INFO ExtensionManager] Creating instance: GitHub.Runner.Worker.CreateStepSummaryCommand, Runner.Worker
[2026-08-26 21:16:59Z INFO ExtensionManager] Creating instance: GitHub.Runner.Worker.SaveStateFileCommand, Runner.Worker
[2026-08-26 21:16:59Z INFO ExtensionManager] Creating instance: GitHub.Runner.Worker.SetOutputFileCommand, Runner.Worker
[2026-08-26 21:16:59Z INFO ExtensionManager] Creating instance: GitHub.Runner.Worker.CreateArtifactsFileCommand, Runner.Worker
[2026-08-26 21:16:59Z INFO ExtensionManager] Creating instance: GitHub.Runner.Worker.ArtifactsListFileCommand, Runner.Worker
[2026-08-26 21:16:59Z INFO ActionManifestManagerLegacy] Input 'repository': default value evaluate result: {
  "type": 0,
  "file": 2,
  "line": 6,
  "col": 14,
  "lit": "ElAlecs69/SignServer"
}
[2026-08-26 21:16:59Z INFO ActionManifestManagerLegacy] Input 'ref': default value evaluate result: ""
[2026-08-26 21:16:59Z INFO ActionManifestManagerLegacy] Input 'token': default value evaluate result: {
  "type": 0,
  "file": 2,
  "line": 24,
  "col": 14,
  "lit": "***"
}
[2026-08-26 21:16:59Z INFO ActionManifestManagerLegacy] Input 'ssh-key': default value evaluate result: ""
[2026-08-26 21:16:59Z INFO ActionManifestManagerLegacy] Input 'ssh-known-hosts': default value evaluate result: ""
[2026-08-26 21:16:59Z INFO ActionManifestManagerLegacy] Input 'ssh-strict': default value evaluate result: {
  "type": 0,
  "file": 2,
  "line": 47,
  "col": 14,
  "lit": "true"
}
[2026-08-26 21:16:59Z INFO ActionManifestManagerLegacy] Input 'ssh-user': default value evaluate result: {
  "type": 0,
  "file": 2,
  "line": 51,
  "col": 14,
  "lit": "git"
}
[2026-08-26 21:16:59Z INFO ActionManifestManagerLegacy] Input 'persist-credentials': default value evaluate result: {
  "type": 0,
  "file": 2,
  "line": 54,
  "col": 14,
  "lit": "true"
}
[2026-08-26 21:16:59Z INFO ActionManifestManagerLegacy] Input 'path': default value evaluate result: ""
[2026-08-26 21:16:59Z INFO ActionManifestManagerLegacy] Input 'clean': default value evaluate result: {
  "type": 0,
  "file": 2,
  "line": 59,
  "col": 14,
  "lit": "true"
}
[2026-08-26 21:16:59Z INFO ActionManifestManagerLegacy] Input 'filter': default value evaluate result: {
  "type": 0,
  "file": 2,
  "line": 64,
  "col": 14,
  "lit": ""
}
[2026-08-26 21:16:59Z INFO ActionManifestManagerLegacy] Input 'sparse-checkout': default value evaluate result: {
  "type": 0,
  "file": 2,
  "line": 69,
  "col": 14,
  "lit": ""
}
[2026-08-26 21:16:59Z INFO ActionManifestManagerLegacy] Input 'sparse-checkout-cone-mode': default value evaluate result: {
  "type": 0,
  "file": 2,
  "line": 73,
  "col": 14,
  "lit": "true"
}
[2026-08-26 21:16:59Z INFO ActionManifestManagerLegacy] Input 'fetch-depth': default value evaluate result: {
  "type": 0,
  "file": 2,
  "line": 76,
  "col": 14,
  "lit": "1"
}
[2026-08-26 21:16:59Z INFO ActionManifestManagerLegacy] Input 'fetch-tags': default value evaluate result: {
  "type": 0,
  "file": 2,
  "line": 79,
  "col": 14,
  "lit": "false"
}
[2026-08-26 21:16:59Z INFO ActionManifestManagerLegacy] Input 'show-progress': default value evaluate result: {
  "type": 0,
  "file": 2,
  "line": 82,
  "col": 14,
  "lit": "true"
}
[2026-08-26 21:16:59Z INFO ActionManifestManagerLegacy] Input 'lfs': default value evaluate result: {
  "type": 0,
  "file": 2,
  "line": 85,
  "col": 14,
  "lit": "false"
}
[2026-08-26 21:16:59Z INFO ActionManifestManagerLegacy] Input 'submodules': default value evaluate result: {
  "type": 0,
  "file": 2,
  "line": 94,
  "col": 14,
  "lit": "false"
}
[2026-08-26 21:16:59Z INFO ActionManifestManagerLegacy] Input 'set-safe-directory': default value evaluate result: {
  "type": 0,
  "file": 2,
  "line": 97,
  "col": 14,
  "lit": "true"
}
[2026-08-26 21:16:59Z INFO ActionManifestManagerLegacy] Input 'github-server-url': default value evaluate result: ""
[2026-08-26 21:16:59Z INFO ActionManifestManagerLegacy] Input 'allow-unsafe-pr-checkout': default value evaluate result: {
  "type": 0,
  "file": 2,
  "line": 109,
  "col": 14,
  "lit": "false"
}
[2026-08-26 21:16:59Z INFO ExtensionManager] Getting extensions for interface: 'GitHub.Runner.Worker.IActionCommandExtension'
[2026-08-26 21:16:59Z INFO ExtensionManager] Creating instance: GitHub.Runner.Worker.InternalPluginSetRepoPathCommandExtension, Runner.Worker
[2026-08-26 21:16:59Z INFO ExtensionManager] Creating instance: GitHub.Runner.Worker.SetEnvCommandExtension, Runner.Worker
[2026-08-26 21:16:59Z INFO ExtensionManager] Creating instance: GitHub.Runner.Worker.SetOutputCommandExtension, Runner.Worker
[2026-08-26 21:16:59Z INFO ExtensionManager] Creating instance: GitHub.Runner.Worker.SaveStateCommandExtension, Runner.Worker
[2026-08-26 21:16:59Z INFO ExtensionManager] Creating instance: GitHub.Runner.Worker.AddPathCommandExtension, Runner.Worker
[2026-08-26 21:16:59Z INFO ExtensionManager] Creating instance: GitHub.Runner.Worker.AddMaskCommandExtension, Runner.Worker
[2026-08-26 21:16:59Z INFO ExtensionManager] Creating instance: GitHub.Runner.Worker.AddMatcherCommandExtension, Runner.Worker
[2026-08-26 21:16:59Z INFO ExtensionManager] Creating instance: GitHub.Runner.Worker.RemoveMatcherCommandExtension, Runner.Worker
[2026-08-26 21:16:59Z INFO ExtensionManager] Creating instance: GitHub.Runner.Worker.WarningCommandExtension, Runner.Worker
[2026-08-26 21:16:59Z INFO ExtensionManager] Creating instance: GitHub.Runner.Worker.ErrorCommandExtension, Runner.Worker
[2026-08-26 21:16:59Z INFO ExtensionManager] Creating instance: GitHub.Runner.Worker.NoticeCommandExtension, Runner.Worker
[2026-08-26 21:16:59Z INFO ExtensionManager] Creating instance: GitHub.Runner.Worker.DebugCommandExtension, Runner.Worker
[2026-08-26 21:16:59Z INFO ExtensionManager] Creating instance: GitHub.Runner.Worker.GroupCommandExtension, Runner.Worker
[2026-08-26 21:16:59Z INFO ExtensionManager] Creating instance: GitHub.Runner.Worker.EndGroupCommandExtension, Runner.Worker
[2026-08-26 21:16:59Z INFO ExtensionManager] Creating instance: GitHub.Runner.Worker.EchoCommandExtension, Runner.Worker
[2026-08-26 21:16:59Z INFO ActionCommandManager] Register action command extension for command internal-set-repo-path
[2026-08-26 21:16:59Z INFO ActionCommandManager] Register action command extension for command set-env
[2026-08-26 21:16:59Z INFO ActionCommandManager] Register action command extension for command set-output
[2026-08-26 21:16:59Z INFO ActionCommandManager] Register action command extension for command save-state
[2026-08-26 21:16:59Z INFO ActionCommandManager] Register action command extension for command add-path
[2026-08-26 21:16:59Z INFO ActionCommandManager] Register action command extension for command add-mask
[2026-08-26 21:16:59Z INFO ActionCommandManager] Register action command extension for command add-matcher
[2026-08-26 21:16:59Z INFO ActionCommandManager] Register action command extension for command remove-matcher
[2026-08-26 21:16:59Z INFO ActionCommandManager] Register action command extension for command warning
[2026-08-26 21:16:59Z INFO ActionCommandManager] Register action command extension for command error
[2026-08-26 21:16:59Z INFO ActionCommandManager] Register action command extension for command notice
[2026-08-26 21:16:59Z INFO ActionCommandManager] Register action command extension for command debug
[2026-08-26 21:16:59Z INFO ActionCommandManager] Register action command extension for command group
[2026-08-26 21:16:59Z INFO ActionCommandManager] Register action command extension for command endgroup
[2026-08-26 21:16:59Z INFO ActionCommandManager] Register action command extension for command echo
[2026-08-26 21:16:59Z INFO HostContext] Well known directory 'Bin': 'D:\actions-runner\bin'
[2026-08-26 21:16:59Z INFO HostContext] Well known directory 'Root': 'D:\actions-runner'
[2026-08-26 21:16:59Z INFO HostContext] Well known directory 'Externals': 'D:\actions-runner\externals'
[2026-08-26 21:16:59Z INFO ProcessInvokerWrapper] Starting process:
[2026-08-26 21:16:59Z INFO ProcessInvokerWrapper]   File name: 'D:\actions-runner\externals\node24\bin\node.exe'
[2026-08-26 21:16:59Z INFO ProcessInvokerWrapper]   Arguments: '"D:\actions-runner\_work\_actions\actions\checkout\v4\dist/index.js"'
[2026-08-26 21:16:59Z INFO ProcessInvokerWrapper]   Working directory: 'D:\actions-runner\_work\SignServer\SignServer'
[2026-08-26 21:16:59Z INFO ProcessInvokerWrapper]   Require exit code zero: 'False'
[2026-08-26 21:16:59Z INFO ProcessInvokerWrapper]   Encoding web name: utf-8 ; code page: '65001'
[2026-08-26 21:16:59Z INFO ProcessInvokerWrapper]   Force kill process on cancellation: 'False'
[2026-08-26 21:16:59Z INFO ProcessInvokerWrapper]   Redirected STDIN: 'False'
[2026-08-26 21:16:59Z INFO ProcessInvokerWrapper]   Persist current code page: 'True'
[2026-08-26 21:16:59Z INFO ProcessInvokerWrapper]   Keep redirected STDIN open: 'False'
[2026-08-26 21:16:59Z INFO ProcessInvokerWrapper]   High priority process: 'False'
[2026-08-26 21:16:59Z INFO JobServerQueue] Try to append 1 batches web console lines for record '4c841d55-7d4f-4a01-ac77-574e9ae96bee', success rate: 1/1.
[2026-08-26 21:16:59Z INFO JobServerQueue] Try to append 1 batches web console lines for record '02e47711-f797-44b3-b7bb-f3d8d7532a65', success rate: 1/1.
[2026-08-26 21:16:59Z INFO ProcessInvokerWrapper] Process started with process id 17824, waiting for process exit.
[2026-08-26 21:16:59Z INFO AddMaskCommandExtension] Add new secret mask with length of 524
[2026-08-26 21:16:59Z INFO JobServerQueue] Got a step log file to send to results service.
[2026-08-26 21:16:59Z INFO JobServerQueue] Starting upload of step log file to results service ResultsLog, D:\actions-runner\_diag\blocks\bf032936-7dc5-41d6-802d-f406f5d00d3c_4c841d55-7d4f-4a01-ac77-574e9ae96bee.1
[2026-08-26 21:16:59Z INFO JobServerQueue] Try to upload 1 log files or attachments, success rate: 1/1.
[2026-08-26 21:16:59Z INFO JobServerQueue] Try to append 1 batches web console lines for record '02e47711-f797-44b3-b7bb-f3d8d7532a65', success rate: 1/1.
[2026-08-26 21:17:00Z INFO JobServerQueue] Try to append 1 batches web console lines for record '02e47711-f797-44b3-b7bb-f3d8d7532a65', success rate: 1/1.
[2026-08-26 21:17:01Z INFO JobServerQueue] Try to append 1 batches web console lines for record '02e47711-f797-44b3-b7bb-f3d8d7532a65', success rate: 1/1.
[2026-08-26 21:17:01Z INFO JobServerQueue] Tried to upload 1 file(s) to results, success rate: 1/1.
[2026-08-26 21:17:02Z INFO JobServerQueue] Try to append 1 batches web console lines for record '02e47711-f797-44b3-b7bb-f3d8d7532a65', success rate: 1/1.
[2026-08-26 21:17:02Z INFO JobServerQueue] Try to append 1 batches web console lines for record '02e47711-f797-44b3-b7bb-f3d8d7532a65', success rate: 1/1.
[2026-08-26 21:17:02Z INFO JobServerQueue] Try to append 1 batches web console lines for record '02e47711-f797-44b3-b7bb-f3d8d7532a65', success rate: 1/1.
[2026-08-26 21:17:03Z INFO JobServerQueue] Try to append 1 batches web console lines for record '02e47711-f797-44b3-b7bb-f3d8d7532a65', success rate: 1/1.
[2026-08-26 21:17:04Z INFO JobServerQueue] Try to append 1 batches web console lines for record '02e47711-f797-44b3-b7bb-f3d8d7532a65', success rate: 1/1.
[2026-08-26 21:17:04Z INFO JobServerQueue] Try to append 1 batches web console lines for record '02e47711-f797-44b3-b7bb-f3d8d7532a65', success rate: 1/1.
[2026-08-26 21:17:05Z INFO ProcessInvokerWrapper] STDOUT/STDERR stream read finished.
[2026-08-26 21:17:05Z INFO ProcessInvokerWrapper] STDOUT/STDERR stream read finished.
[2026-08-26 21:17:05Z INFO ProcessInvokerWrapper] Finished process 17824 with exit code 0, and elapsed time 00:00:05.8334767.
[2026-08-26 21:17:05Z INFO CreateStepSummaryCommand] Step Summary file (D:\actions-runner\_work\_temp\_runner_file_commands\step_summary_c6b8a2ef-9150-4d7d-9d49-0a987a8b45aa) is empty; skipping attachment upload
[2026-08-26 21:17:05Z INFO StepsRunner] Step result: 
[2026-08-26 21:17:05Z INFO ExecutionContext] Publish step telemetry for current step {
  "action": "actions/checkout",
  "ref": "v4",
  "type": "node24",
  "stage": "Main",
  "stepId": "02e47711-f797-44b3-b7bb-f3d8d7532a65",
  "stepContextName": "__actions_checkout",
  "hasPreStep": false,
  "hasPostStep": true,
  "result": "succeeded",
  "errorMessages": [],
  "executionTimeInSeconds": 6,
  "startTime": "2026-08-26T21:16:59.1768154Z",
  "finishTime": "2026-08-26T21:17:05.0989973Z"
}.
[2026-08-26 21:17:05Z INFO StepsRunner] No need for updating job result with current step result 'Succeeded'.
[2026-08-26 21:17:05Z INFO StepsRunner] Current state: job state = ''
[2026-08-26 21:17:05Z INFO StepsRunner] Processing step: DisplayName='Instalar Node.js'
[2026-08-26 21:17:05Z INFO StepsRunner] Evaluating: success()
[2026-08-26 21:17:05Z INFO StepsRunner] Result: true
[2026-08-26 21:17:05Z INFO StepsRunner] Starting the step.
[2026-08-26 21:17:05Z INFO HostContext] Well known directory 'Bin': 'D:\actions-runner\bin'
[2026-08-26 21:17:05Z INFO HostContext] Well known directory 'Root': 'D:\actions-runner'
[2026-08-26 21:17:05Z INFO HostContext] Well known directory 'Work': 'D:\actions-runner\_work'
[2026-08-26 21:17:05Z INFO StepsRunner] Which2: 'chcp'
[2026-08-26 21:17:05Z INFO StepsRunner] Location: 'C:\WINDOWS\system32\chcp.COM'
[2026-08-26 21:17:05Z INFO ProcessInvokerWrapper] Starting process:
[2026-08-26 21:17:05Z INFO ProcessInvokerWrapper]   File name: 'C:\WINDOWS\system32\chcp.COM'
[2026-08-26 21:17:05Z INFO ProcessInvokerWrapper]   Arguments: '65001'
[2026-08-26 21:17:05Z INFO ProcessInvokerWrapper]   Working directory: 'D:\actions-runner\_work'
[2026-08-26 21:17:05Z INFO ProcessInvokerWrapper]   Require exit code zero: 'False'
[2026-08-26 21:17:05Z INFO ProcessInvokerWrapper]   Encoding web name:  ; code page: ''
[2026-08-26 21:17:05Z INFO ProcessInvokerWrapper]   Force kill process on cancellation: 'False'
[2026-08-26 21:17:05Z INFO ProcessInvokerWrapper]   Redirected STDIN: 'False'
[2026-08-26 21:17:05Z INFO ProcessInvokerWrapper]   Persist current code page: 'True'
[2026-08-26 21:17:05Z INFO ProcessInvokerWrapper]   Keep redirected STDIN open: 'False'
[2026-08-26 21:17:05Z INFO ProcessInvokerWrapper]   High priority process: 'False'
[2026-08-26 21:17:05Z INFO ProcessInvokerWrapper] Process started with process id 12116, waiting for process exit.
[2026-08-26 21:17:05Z INFO ProcessInvokerWrapper] STDOUT/STDERR stream read finished.
[2026-08-26 21:17:05Z INFO ProcessInvokerWrapper] STDOUT/STDERR stream read finished.
[2026-08-26 21:17:05Z INFO ProcessInvokerWrapper] Finished process 12116 with exit code 0, and elapsed time 00:00:00.0067334.
[2026-08-26 21:17:05Z INFO StepsRunner] Successfully returned to code page 65001 (UTF8)
[2026-08-26 21:17:05Z INFO HostContext] Well known directory 'Bin': 'D:\actions-runner\bin'
[2026-08-26 21:17:05Z INFO HostContext] Well known directory 'Root': 'D:\actions-runner'
[2026-08-26 21:17:05Z INFO HostContext] Well known directory 'Work': 'D:\actions-runner\_work'
[2026-08-26 21:17:05Z INFO HostContext] Well known directory 'Actions': 'D:\actions-runner\_work\_actions'
[2026-08-26 21:17:05Z INFO ActionManager] Load action that reference repository from 'D:\actions-runner\_work\_actions\actions\setup-node\v4'
[2026-08-26 21:17:05Z INFO HostContext] Well known directory 'Bin': 'D:\actions-runner\bin'
[2026-08-26 21:17:05Z INFO HostContext] Well known directory 'Root': 'D:\actions-runner'
[2026-08-26 21:17:05Z INFO HostContext] Well known directory 'Work': 'D:\actions-runner\_work'
[2026-08-26 21:17:05Z INFO HostContext] Well known directory 'Actions': 'D:\actions-runner\_work\_actions'
[2026-08-26 21:17:05Z INFO ActionManifestManagerLegacy] Ignore action property author.
[2026-08-26 21:17:05Z INFO ActionManifestManagerLegacy] Loaded action.yml file: {
  "name": "Setup Node.js environment",
  "description": "Setup a Node.js environment by adding problem matchers and optionally downloading and adding it to the PATH.",
  "inputs": {
    "type": 2,
    "map": [
      {
        "key": {
          "type": 0,
          "file": 3,
          "line": 5,
          "col": 3,
          "lit": "always-auth"
        },
        "value": {
          "type": 0,
          "file": 3,
          "line": 7,
          "col": 14,
          "lit": "false"
        }
      },
      {
        "key": {
          "type": 0,
          "file": 3,
          "line": 8,
          "col": 3,
          "lit": "node-version"
        },
        "value": ""
      },
      {
        "key": {
          "type": 0,
          "file": 3,
          "line": 10,
          "col": 3,
          "lit": "node-version-file"
        },
        "value": ""
      },
      {
        "key": {
          "type": 0,
          "file": 3,
          "line": 12,
          "col": 3,
          "lit": "architecture"
        },
        "value": ""
      },
      {
        "key": {
          "type": 0,
          "file": 3,
          "line": 14,
          "col": 3,
          "lit": "check-latest"
        },
        "value": {
          "type": 0,
          "file": 3,
          "line": 16,
          "col": 14,
          "lit": "false"
        }
      },
      {
        "key": {
          "type": 0,
          "file": 3,
          "line": 17,
          "col": 3,
          "lit": "registry-url"
        },
        "value": ""
      },
      {
        "key": {
          "type": 0,
          "file": 3,
          "line": 19,
          "col": 3,
          "lit": "scope"
        },
        "value": ""
      },
      {
        "key": {
          "type": 0,
          "file": 3,
          "line": 21,
          "col": 3,
          "lit": "token"
        },
        "value": {
          "type": 3,
          "file": 3,
          "line": 23,
          "col": 14,
          "expr": "github.server_url == 'https://github.com' && github.token || ''"
        }
      },
      {
        "key": {
          "type": 0,
          "file": 3,
          "line": 24,
          "col": 3,
          "lit": "cache"
        },
        "value": ""
      },
      {
        "key": {
          "type": 0,
          "file": 3,
          "line": 26,
          "col": 3,
          "lit": "cache-dependency-path"
        },
        "value": ""
      },
      {
        "key": {
          "type": 0,
          "file": 3,
          "line": 28,
          "col": 3,
          "lit": "mirror"
        },
        "value": ""
      },
      {
        "key": {
          "type": 0,
          "file": 3,
          "line": 30,
          "col": 3,
          "lit": "mirror-token"
        },
        "value": ""
      }
    ]
  },
  "execution": {
    "executionType": "nodeJS",
    "hasPre": false,
    "hasPost": true,
    "script": "dist/setup/index.js",
    "pre": null,
    "post": "dist/cache-save/index.js",
    "nodeVersion": "node20",
    "cleanupCondition": "success()",
    "initCondition": "always()"
  },
  "deprecated": null
}
[2026-08-26 21:17:05Z INFO ActionManager] Action pre node.js file: N/A.
[2026-08-26 21:17:05Z INFO ActionManager] Action node.js file: dist/setup/index.js.
[2026-08-26 21:17:05Z INFO ActionManager] Action post node.js file: dist/cache-save/index.js.
[2026-08-26 21:17:05Z INFO HostContext] Well known directory 'Bin': 'D:\actions-runner\bin'
[2026-08-26 21:17:05Z INFO HostContext] Well known directory 'Root': 'D:\actions-runner'
[2026-08-26 21:17:05Z INFO HostContext] Well known directory 'Diag': 'D:\actions-runner\_diag'
[2026-08-26 21:17:05Z INFO HostContext] Well known directory 'Bin': 'D:\actions-runner\bin'
[2026-08-26 21:17:05Z INFO HostContext] Well known directory 'Root': 'D:\actions-runner'
[2026-08-26 21:17:05Z INFO HostContext] Well known directory 'Diag': 'D:\actions-runner\_diag'
[2026-08-26 21:17:05Z INFO HostContext] Well known directory 'Bin': 'D:\actions-runner\bin'
[2026-08-26 21:17:05Z INFO HostContext] Well known directory 'Root': 'D:\actions-runner'
[2026-08-26 21:17:05Z INFO HostContext] Well known directory 'Work': 'D:\actions-runner\_work'
[2026-08-26 21:17:05Z INFO HostContext] Well known directory 'Temp': 'D:\actions-runner\_work\_temp'
[2026-08-26 21:17:05Z INFO ExecutionContext] Write event payload to D:\actions-runner\_work\_temp\_github_workflow\event.json
[2026-08-26 21:17:05Z INFO HostContext] Well known directory 'Bin': 'D:\actions-runner\bin'
[2026-08-26 21:17:05Z INFO HostContext] Well known directory 'Root': 'D:\actions-runner'
[2026-08-26 21:17:05Z INFO HostContext] Well known directory 'Work': 'D:\actions-runner\_work'
[2026-08-26 21:17:05Z INFO HostContext] Well known directory 'Temp': 'D:\actions-runner\_work\_temp'
[2026-08-26 21:17:05Z INFO ExtensionManager] Getting extensions for interface: 'GitHub.Runner.Worker.IFileCommandExtension'
[2026-08-26 21:17:05Z INFO ActionManifestManagerLegacy] Input 'always-auth': default value evaluate result: {
  "type": 0,
  "file": 3,
  "line": 7,
  "col": 14,
  "lit": "false"
}
[2026-08-26 21:17:05Z INFO ActionManifestManagerLegacy] Input 'node-version-file': default value evaluate result: ""
[2026-08-26 21:17:05Z INFO ActionManifestManagerLegacy] Input 'architecture': default value evaluate result: ""
[2026-08-26 21:17:05Z INFO ActionManifestManagerLegacy] Input 'check-latest': default value evaluate result: {
  "type": 0,
  "file": 3,
  "line": 16,
  "col": 14,
  "lit": "false"
}
[2026-08-26 21:17:05Z INFO ActionManifestManagerLegacy] Input 'registry-url': default value evaluate result: ""
[2026-08-26 21:17:05Z INFO ActionManifestManagerLegacy] Input 'scope': default value evaluate result: ""
[2026-08-26 21:17:05Z INFO ActionManifestManagerLegacy] Input 'token': default value evaluate result: {
  "type": 0,
  "file": 3,
  "line": 23,
  "col": 14,
  "lit": "***"
}
[2026-08-26 21:17:05Z INFO ActionManifestManagerLegacy] Input 'mirror': default value evaluate result: ""
[2026-08-26 21:17:05Z INFO ActionManifestManagerLegacy] Input 'mirror-token': default value evaluate result: ""
[2026-08-26 21:17:05Z INFO ExtensionManager] Getting extensions for interface: 'GitHub.Runner.Worker.IActionCommandExtension'
[2026-08-26 21:17:05Z INFO ActionCommandManager] Register action command extension for command internal-set-repo-path
[2026-08-26 21:17:05Z INFO ActionCommandManager] Register action command extension for command set-env
[2026-08-26 21:17:05Z INFO ActionCommandManager] Register action command extension for command set-output
[2026-08-26 21:17:05Z INFO ActionCommandManager] Register action command extension for command save-state
[2026-08-26 21:17:05Z INFO ActionCommandManager] Register action command extension for command add-path
[2026-08-26 21:17:05Z INFO ActionCommandManager] Register action command extension for command add-mask
[2026-08-26 21:17:05Z INFO ActionCommandManager] Register action command extension for command add-matcher
[2026-08-26 21:17:05Z INFO ActionCommandManager] Register action command extension for command remove-matcher
[2026-08-26 21:17:05Z INFO ActionCommandManager] Register action command extension for command warning
[2026-08-26 21:17:05Z INFO ActionCommandManager] Register action command extension for command error
[2026-08-26 21:17:05Z INFO ActionCommandManager] Register action command extension for command notice
[2026-08-26 21:17:05Z INFO ActionCommandManager] Register action command extension for command debug
[2026-08-26 21:17:05Z INFO ActionCommandManager] Register action command extension for command group
[2026-08-26 21:17:05Z INFO ActionCommandManager] Register action command extension for command endgroup
[2026-08-26 21:17:05Z INFO ActionCommandManager] Register action command extension for command echo
[2026-08-26 21:17:05Z INFO HostContext] Well known directory 'Bin': 'D:\actions-runner\bin'
[2026-08-26 21:17:05Z INFO HostContext] Well known directory 'Root': 'D:\actions-runner'
[2026-08-26 21:17:05Z INFO HostContext] Well known directory 'Externals': 'D:\actions-runner\externals'
[2026-08-26 21:17:05Z INFO ProcessInvokerWrapper] Starting process:
[2026-08-26 21:17:05Z INFO ProcessInvokerWrapper]   File name: 'D:\actions-runner\externals\node24\bin\node.exe'
[2026-08-26 21:17:05Z INFO ProcessInvokerWrapper]   Arguments: '"D:\actions-runner\_work\_actions\actions\setup-node\v4\dist/setup/index.js"'
[2026-08-26 21:17:05Z INFO ProcessInvokerWrapper]   Working directory: 'D:\actions-runner\_work\SignServer\SignServer'
[2026-08-26 21:17:05Z INFO ProcessInvokerWrapper]   Require exit code zero: 'False'
[2026-08-26 21:17:05Z INFO ProcessInvokerWrapper]   Encoding web name: utf-8 ; code page: '65001'
[2026-08-26 21:17:05Z INFO ProcessInvokerWrapper]   Force kill process on cancellation: 'False'
[2026-08-26 21:17:05Z INFO ProcessInvokerWrapper]   Redirected STDIN: 'False'
[2026-08-26 21:17:05Z INFO ProcessInvokerWrapper]   Persist current code page: 'True'
[2026-08-26 21:17:05Z INFO ProcessInvokerWrapper]   Keep redirected STDIN open: 'False'
[2026-08-26 21:17:05Z INFO ProcessInvokerWrapper]   High priority process: 'False'
[2026-08-26 21:17:05Z INFO ProcessInvokerWrapper] Process started with process id 15620, waiting for process exit.
[2026-08-26 21:17:05Z INFO JobServerQueue] Got a step log file to send to results service.
[2026-08-26 21:17:05Z INFO JobServerQueue] Starting upload of step log file to results service ResultsLog, D:\actions-runner\_diag\blocks\bf032936-7dc5-41d6-802d-f406f5d00d3c_02e47711-f797-44b3-b7bb-f3d8d7532a65.1
[2026-08-26 21:17:05Z INFO JobServerQueue] Try to append 1 batches web console lines for record '02e47711-f797-44b3-b7bb-f3d8d7532a65', success rate: 1/1.
[2026-08-26 21:17:05Z INFO JobServerQueue] Try to append 1 batches web console lines for record 'db853178-4200-4b4f-9489-0bad6e6abb5e', success rate: 1/1.
[2026-08-26 21:17:05Z INFO JobServerQueue] Tried to upload 1 file(s) to results, success rate: 1/1.
[2026-08-26 21:17:05Z INFO JobServerQueue] Try to append 1 batches web console lines for record 'db853178-4200-4b4f-9489-0bad6e6abb5e', success rate: 1/1.
[2026-08-26 21:17:05Z INFO JobServerQueue] Try to upload 1 log files or attachments, success rate: 1/1.
[2026-08-26 21:17:08Z INFO JobServerQueue] Try to append 1 batches web console lines for record 'db853178-4200-4b4f-9489-0bad6e6abb5e', success rate: 1/1.
[2026-08-26 21:17:09Z INFO JobServerQueue] Try to append 1 batches web console lines for record 'db853178-4200-4b4f-9489-0bad6e6abb5e', success rate: 1/1.
[2026-08-26 21:17:09Z INFO HostContext] Well known directory 'Bin': 'D:\actions-runner\bin'
[2026-08-26 21:17:09Z INFO HostContext] Well known directory 'Root': 'D:\actions-runner'
[2026-08-26 21:17:09Z INFO HostContext] Well known directory 'Work': 'D:\actions-runner\_work'
[2026-08-26 21:17:09Z INFO ProcessInvokerWrapper] STDOUT/STDERR stream read finished.
[2026-08-26 21:17:09Z INFO ProcessInvokerWrapper] STDOUT/STDERR stream read finished.
[2026-08-26 21:17:09Z INFO ProcessInvokerWrapper] Finished process 15620 with exit code 0, and elapsed time 00:00:04.3038786.
[2026-08-26 21:17:09Z INFO CreateStepSummaryCommand] Step Summary file (D:\actions-runner\_work\_temp\_runner_file_commands\step_summary_038379b7-0b87-4ef2-868c-78546541c6cc) is empty; skipping attachment upload
[2026-08-26 21:17:09Z INFO StepsRunner] Step result: 
[2026-08-26 21:17:09Z INFO ExecutionContext] Publish step telemetry for current step {
  "action": "actions/setup-node",
  "ref": "v4",
  "type": "node24",
  "stage": "Main",
  "stepId": "db853178-4200-4b4f-9489-0bad6e6abb5e",
  "stepContextName": "__actions_setup-node",
  "hasPreStep": false,
  "hasPostStep": true,
  "result": "succeeded",
  "errorMessages": [],
  "executionTimeInSeconds": 5,
  "startTime": "2026-08-26T21:17:05.1001608Z",
  "finishTime": "2026-08-26T21:17:09.4278511Z"
}.
[2026-08-26 21:17:09Z INFO StepsRunner] No need for updating job result with current step result 'Succeeded'.
[2026-08-26 21:17:09Z INFO StepsRunner] Current state: job state = ''
[2026-08-26 21:17:09Z INFO StepsRunner] Processing step: DisplayName='Instalar dependencias'
[2026-08-26 21:17:09Z INFO StepsRunner] Evaluating: success()
[2026-08-26 21:17:09Z INFO StepsRunner] Result: true
[2026-08-26 21:17:09Z INFO StepsRunner] Starting the step.
[2026-08-26 21:17:09Z INFO HostContext] Well known directory 'Bin': 'D:\actions-runner\bin'
[2026-08-26 21:17:09Z INFO HostContext] Well known directory 'Root': 'D:\actions-runner'
[2026-08-26 21:17:09Z INFO HostContext] Well known directory 'Work': 'D:\actions-runner\_work'
[2026-08-26 21:17:09Z INFO StepsRunner] Which2: 'chcp'
[2026-08-26 21:17:09Z INFO StepsRunner] Location: 'C:\WINDOWS\system32\chcp.COM'
[2026-08-26 21:17:09Z INFO ProcessInvokerWrapper] Starting process:
[2026-08-26 21:17:09Z INFO ProcessInvokerWrapper]   File name: 'C:\WINDOWS\system32\chcp.COM'
[2026-08-26 21:17:09Z INFO ProcessInvokerWrapper]   Arguments: '65001'
[2026-08-26 21:17:09Z INFO ProcessInvokerWrapper]   Working directory: 'D:\actions-runner\_work'
[2026-08-26 21:17:09Z INFO ProcessInvokerWrapper]   Require exit code zero: 'False'
[2026-08-26 21:17:09Z INFO ProcessInvokerWrapper]   Encoding web name:  ; code page: ''
[2026-08-26 21:17:09Z INFO ProcessInvokerWrapper]   Force kill process on cancellation: 'False'
[2026-08-26 21:17:09Z INFO ProcessInvokerWrapper]   Redirected STDIN: 'False'
[2026-08-26 21:17:09Z INFO ProcessInvokerWrapper]   Persist current code page: 'True'
[2026-08-26 21:17:09Z INFO ProcessInvokerWrapper]   Keep redirected STDIN open: 'False'
[2026-08-26 21:17:09Z INFO ProcessInvokerWrapper]   High priority process: 'False'
[2026-08-26 21:17:09Z INFO ProcessInvokerWrapper] Process started with process id 14504, waiting for process exit.
[2026-08-26 21:17:09Z INFO JobServerQueue] Got a step log file to send to results service.
[2026-08-26 21:17:09Z INFO JobServerQueue] Starting upload of step log file to results service ResultsLog, D:\actions-runner\_diag\blocks\bf032936-7dc5-41d6-802d-f406f5d00d3c_db853178-4200-4b4f-9489-0bad6e6abb5e.1
[2026-08-26 21:17:09Z INFO ProcessInvokerWrapper] STDOUT/STDERR stream read finished.
[2026-08-26 21:17:09Z INFO ProcessInvokerWrapper] STDOUT/STDERR stream read finished.
[2026-08-26 21:17:09Z INFO ProcessInvokerWrapper] Finished process 14504 with exit code 0, and elapsed time 00:00:00.0076165.
[2026-08-26 21:17:09Z INFO StepsRunner] Successfully returned to code page 65001 (UTF8)
[2026-08-26 21:17:09Z INFO HostContext] Well known directory 'Bin': 'D:\actions-runner\bin'
[2026-08-26 21:17:09Z INFO HostContext] Well known directory 'Root': 'D:\actions-runner'
[2026-08-26 21:17:09Z INFO HostContext] Well known directory 'Work': 'D:\actions-runner\_work'
[2026-08-26 21:17:09Z INFO HostContext] Well known directory 'Temp': 'D:\actions-runner\_work\_temp'
[2026-08-26 21:17:09Z INFO ExecutionContext] Write event payload to D:\actions-runner\_work\_temp\_github_workflow\event.json
[2026-08-26 21:17:09Z INFO HostContext] Well known directory 'Bin': 'D:\actions-runner\bin'
[2026-08-26 21:17:09Z INFO HostContext] Well known directory 'Root': 'D:\actions-runner'
[2026-08-26 21:17:09Z INFO HostContext] Well known directory 'Work': 'D:\actions-runner\_work'
[2026-08-26 21:17:09Z INFO HostContext] Well known directory 'Temp': 'D:\actions-runner\_work\_temp'
[2026-08-26 21:17:09Z INFO ExtensionManager] Getting extensions for interface: 'GitHub.Runner.Worker.IFileCommandExtension'
[2026-08-26 21:17:09Z INFO ExtensionManager] Getting extensions for interface: 'GitHub.Runner.Worker.IActionCommandExtension'
[2026-08-26 21:17:09Z INFO ActionCommandManager] Register action command extension for command internal-set-repo-path
[2026-08-26 21:17:09Z INFO ActionCommandManager] Register action command extension for command set-env
[2026-08-26 21:17:09Z INFO ActionCommandManager] Register action command extension for command set-output
[2026-08-26 21:17:09Z INFO ActionCommandManager] Register action command extension for command save-state
[2026-08-26 21:17:09Z INFO ActionCommandManager] Register action command extension for command add-path
[2026-08-26 21:17:09Z INFO ActionCommandManager] Register action command extension for command add-mask
[2026-08-26 21:17:09Z INFO ActionCommandManager] Register action command extension for command add-matcher
[2026-08-26 21:17:09Z INFO ActionCommandManager] Register action command extension for command remove-matcher
[2026-08-26 21:17:09Z INFO ActionCommandManager] Register action command extension for command warning
[2026-08-26 21:17:09Z INFO ActionCommandManager] Register action command extension for command error
[2026-08-26 21:17:09Z INFO ActionCommandManager] Register action command extension for command notice
[2026-08-26 21:17:09Z INFO ActionCommandManager] Register action command extension for command debug
[2026-08-26 21:17:09Z INFO ActionCommandManager] Register action command extension for command group
[2026-08-26 21:17:09Z INFO ActionCommandManager] Register action command extension for command endgroup
[2026-08-26 21:17:09Z INFO ActionCommandManager] Register action command extension for command echo
[2026-08-26 21:17:09Z INFO ScriptHandler] Which2: 'pwsh'
[2026-08-26 21:17:09Z INFO ScriptHandler] pwsh: command not found. Make sure 'pwsh' is installed and its location included in the 'Path' environment variable.
[2026-08-26 21:17:09Z INFO ScriptHandler] Defaulting to powershell
[2026-08-26 21:17:09Z INFO ScriptHandler] Which2: 'powershell'
[2026-08-26 21:17:09Z INFO ScriptHandler] Location: 'C:\WINDOWS\System32\WindowsPowerShell\v1.0\powershell.EXE'
[2026-08-26 21:17:09Z INFO HostContext] Well known directory 'Bin': 'D:\actions-runner\bin'
[2026-08-26 21:17:09Z INFO HostContext] Well known directory 'Root': 'D:\actions-runner'
[2026-08-26 21:17:09Z INFO HostContext] Well known directory 'Work': 'D:\actions-runner\_work'
[2026-08-26 21:17:09Z INFO HostContext] Well known directory 'Temp': 'D:\actions-runner\_work\_temp'
[2026-08-26 21:17:09Z INFO ScriptHandler] Which2: 'pwsh'
[2026-08-26 21:17:09Z INFO ScriptHandler] pwsh: command not found. Make sure 'pwsh' is installed and its location included in the 'Path' environment variable.
[2026-08-26 21:17:09Z INFO ScriptHandler] Defaulting to powershell
[2026-08-26 21:17:09Z INFO ScriptHandler] Which2: 'powershell'
[2026-08-26 21:17:09Z INFO ScriptHandler] Location: 'C:\WINDOWS\System32\WindowsPowerShell\v1.0\powershell.EXE'
[2026-08-26 21:17:09Z INFO ProcessInvokerWrapper] Starting process:
[2026-08-26 21:17:09Z INFO ProcessInvokerWrapper]   File name: 'C:\WINDOWS\System32\WindowsPowerShell\v1.0\powershell.EXE'
[2026-08-26 21:17:09Z INFO ProcessInvokerWrapper]   Arguments: '-command ". 'D:\actions-runner\_work\_temp\49771b52-1b7a-498d-b537-b5e7308daf58.ps1'"'
[2026-08-26 21:17:09Z INFO ProcessInvokerWrapper]   Working directory: 'D:\actions-runner\_work\SignServer\SignServer\signserver-web'
[2026-08-26 21:17:09Z INFO ProcessInvokerWrapper]   Require exit code zero: 'False'
[2026-08-26 21:17:09Z INFO ProcessInvokerWrapper]   Encoding web name:  ; code page: ''
[2026-08-26 21:17:09Z INFO ProcessInvokerWrapper]   Force kill process on cancellation: 'False'
[2026-08-26 21:17:09Z INFO ProcessInvokerWrapper]   Redirected STDIN: 'False'
[2026-08-26 21:17:09Z INFO ProcessInvokerWrapper]   Persist current code page: 'True'
[2026-08-26 21:17:09Z INFO ProcessInvokerWrapper]   Keep redirected STDIN open: 'False'
[2026-08-26 21:17:09Z INFO ProcessInvokerWrapper]   High priority process: 'False'
[2026-08-26 21:17:09Z INFO ProcessInvokerWrapper] Process started with process id 14960, waiting for process exit.
[2026-08-26 21:17:09Z INFO JobServerQueue] Try to append 1 batches web console lines for record 'db853178-4200-4b4f-9489-0bad6e6abb5e', success rate: 1/1.
[2026-08-26 21:17:09Z INFO JobServerQueue] Try to append 1 batches web console lines for record '6f043a10-b337-49e5-832a-afbd7e7903ea', success rate: 1/1.
[2026-08-26 21:17:09Z INFO JobServerQueue] Tried to upload 1 file(s) to results, success rate: 1/1.
[2026-08-26 21:17:09Z INFO JobServerQueue] Try to upload 1 log files or attachments, success rate: 1/1.
[2026-08-26 21:17:19Z INFO HostContext] Well known directory 'Bin': 'D:\actions-runner\bin'
[2026-08-26 21:17:19Z INFO HostContext] Well known directory 'Root': 'D:\actions-runner'
[2026-08-26 21:17:19Z INFO HostContext] Well known directory 'Work': 'D:\actions-runner\_work'
[2026-08-26 21:17:23Z INFO ProcessInvokerWrapper] STDOUT/STDERR stream read finished.
[2026-08-26 21:17:23Z INFO ProcessInvokerWrapper] STDOUT/STDERR stream read finished.
[2026-08-26 21:17:23Z INFO ProcessInvokerWrapper] Finished process 14960 with exit code 0, and elapsed time 00:00:14.3341867.
[2026-08-26 21:17:23Z INFO CreateStepSummaryCommand] Step Summary file (D:\actions-runner\_work\_temp\_runner_file_commands\step_summary_3a5bf60e-670d-436e-a8c7-2e077411eca1) is empty; skipping attachment upload
[2026-08-26 21:17:23Z INFO StepsRunner] Step result: 
[2026-08-26 21:17:23Z INFO ExecutionContext] Publish step telemetry for current step {
  "action": "powershell",
  "type": "run",
  "stage": "Main",
  "stepId": "6f043a10-b337-49e5-832a-afbd7e7903ea",
  "stepContextName": "__run",
  "result": "succeeded",
  "errorMessages": [],
  "executionTimeInSeconds": 15,
  "startTime": "2026-08-26T21:17:09.4285672Z",
  "finishTime": "2026-08-26T21:17:23.8275972Z"
}.
[2026-08-26 21:17:23Z INFO StepsRunner] No need for updating job result with current step result 'Succeeded'.
[2026-08-26 21:17:23Z INFO StepsRunner] Current state: job state = ''
[2026-08-26 21:17:23Z INFO StepsRunner] Processing step: DisplayName='Compilar (build de producción)'
[2026-08-26 21:17:23Z INFO StepsRunner] Evaluating: success()
[2026-08-26 21:17:23Z INFO StepsRunner] Result: true
[2026-08-26 21:17:23Z INFO StepsRunner] Starting the step.
[2026-08-26 21:17:23Z INFO HostContext] Well known directory 'Bin': 'D:\actions-runner\bin'
[2026-08-26 21:17:23Z INFO HostContext] Well known directory 'Root': 'D:\actions-runner'
[2026-08-26 21:17:23Z INFO HostContext] Well known directory 'Work': 'D:\actions-runner\_work'
[2026-08-26 21:17:23Z INFO StepsRunner] Which2: 'chcp'
[2026-08-26 21:17:23Z INFO JobServerQueue] Try to append 1 batches web console lines for record '6f043a10-b337-49e5-832a-afbd7e7903ea', success rate: 1/1.
[2026-08-26 21:17:23Z INFO StepsRunner] Location: 'C:\WINDOWS\system32\chcp.COM'
[2026-08-26 21:17:23Z INFO ProcessInvokerWrapper] Starting process:
[2026-08-26 21:17:23Z INFO ProcessInvokerWrapper]   File name: 'C:\WINDOWS\system32\chcp.COM'
[2026-08-26 21:17:23Z INFO ProcessInvokerWrapper]   Arguments: '65001'
[2026-08-26 21:17:23Z INFO ProcessInvokerWrapper]   Working directory: 'D:\actions-runner\_work'
[2026-08-26 21:17:23Z INFO ProcessInvokerWrapper]   Require exit code zero: 'False'
[2026-08-26 21:17:23Z INFO ProcessInvokerWrapper]   Encoding web name:  ; code page: ''
[2026-08-26 21:17:23Z INFO ProcessInvokerWrapper]   Force kill process on cancellation: 'False'
[2026-08-26 21:17:23Z INFO ProcessInvokerWrapper]   Redirected STDIN: 'False'
[2026-08-26 21:17:23Z INFO ProcessInvokerWrapper]   Persist current code page: 'True'
[2026-08-26 21:17:23Z INFO ProcessInvokerWrapper]   Keep redirected STDIN open: 'False'
[2026-08-26 21:17:23Z INFO ProcessInvokerWrapper]   High priority process: 'False'
[2026-08-26 21:17:23Z INFO ProcessInvokerWrapper] Process started with process id 15864, waiting for process exit.
[2026-08-26 21:17:23Z INFO ProcessInvokerWrapper] STDOUT/STDERR stream read finished.
[2026-08-26 21:17:23Z INFO ProcessInvokerWrapper] STDOUT/STDERR stream read finished.
[2026-08-26 21:17:23Z INFO ProcessInvokerWrapper] Finished process 15864 with exit code 0, and elapsed time 00:00:00.0066528.
[2026-08-26 21:17:23Z INFO StepsRunner] Successfully returned to code page 65001 (UTF8)
[2026-08-26 21:17:23Z INFO HostContext] Well known directory 'Bin': 'D:\actions-runner\bin'
[2026-08-26 21:17:23Z INFO HostContext] Well known directory 'Root': 'D:\actions-runner'
[2026-08-26 21:17:23Z INFO HostContext] Well known directory 'Work': 'D:\actions-runner\_work'
[2026-08-26 21:17:23Z INFO HostContext] Well known directory 'Temp': 'D:\actions-runner\_work\_temp'
[2026-08-26 21:17:23Z INFO ExecutionContext] Write event payload to D:\actions-runner\_work\_temp\_github_workflow\event.json
[2026-08-26 21:17:23Z INFO HostContext] Well known directory 'Bin': 'D:\actions-runner\bin'
[2026-08-26 21:17:23Z INFO HostContext] Well known directory 'Root': 'D:\actions-runner'
[2026-08-26 21:17:23Z INFO HostContext] Well known directory 'Work': 'D:\actions-runner\_work'
[2026-08-26 21:17:23Z INFO HostContext] Well known directory 'Temp': 'D:\actions-runner\_work\_temp'
[2026-08-26 21:17:23Z INFO ExtensionManager] Getting extensions for interface: 'GitHub.Runner.Worker.IFileCommandExtension'
[2026-08-26 21:17:23Z INFO ExtensionManager] Getting extensions for interface: 'GitHub.Runner.Worker.IActionCommandExtension'
[2026-08-26 21:17:23Z INFO ActionCommandManager] Register action command extension for command internal-set-repo-path
[2026-08-26 21:17:23Z INFO ActionCommandManager] Register action command extension for command set-env
[2026-08-26 21:17:23Z INFO ActionCommandManager] Register action command extension for command set-output
[2026-08-26 21:17:23Z INFO ActionCommandManager] Register action command extension for command save-state
[2026-08-26 21:17:23Z INFO ActionCommandManager] Register action command extension for command add-path
[2026-08-26 21:17:23Z INFO ActionCommandManager] Register action command extension for command add-mask
[2026-08-26 21:17:23Z INFO ActionCommandManager] Register action command extension for command add-matcher
[2026-08-26 21:17:23Z INFO ActionCommandManager] Register action command extension for command remove-matcher
[2026-08-26 21:17:23Z INFO ActionCommandManager] Register action command extension for command warning
[2026-08-26 21:17:23Z INFO ActionCommandManager] Register action command extension for command error
[2026-08-26 21:17:23Z INFO ActionCommandManager] Register action command extension for command notice
[2026-08-26 21:17:23Z INFO ActionCommandManager] Register action command extension for command debug
[2026-08-26 21:17:23Z INFO ActionCommandManager] Register action command extension for command group
[2026-08-26 21:17:23Z INFO ActionCommandManager] Register action command extension for command endgroup
[2026-08-26 21:17:23Z INFO ActionCommandManager] Register action command extension for command echo
[2026-08-26 21:17:23Z INFO ScriptHandler] Which2: 'pwsh'
[2026-08-26 21:17:23Z INFO ScriptHandler] pwsh: command not found. Make sure 'pwsh' is installed and its location included in the 'Path' environment variable.
[2026-08-26 21:17:23Z INFO ScriptHandler] Defaulting to powershell
[2026-08-26 21:17:23Z INFO ScriptHandler] Which2: 'powershell'
[2026-08-26 21:17:23Z INFO ScriptHandler] Location: 'C:\WINDOWS\System32\WindowsPowerShell\v1.0\powershell.EXE'
[2026-08-26 21:17:23Z INFO HostContext] Well known directory 'Bin': 'D:\actions-runner\bin'
[2026-08-26 21:17:23Z INFO HostContext] Well known directory 'Root': 'D:\actions-runner'
[2026-08-26 21:17:23Z INFO HostContext] Well known directory 'Work': 'D:\actions-runner\_work'
[2026-08-26 21:17:23Z INFO HostContext] Well known directory 'Temp': 'D:\actions-runner\_work\_temp'
[2026-08-26 21:17:23Z INFO ScriptHandler] Which2: 'pwsh'
[2026-08-26 21:17:23Z INFO ScriptHandler] pwsh: command not found. Make sure 'pwsh' is installed and its location included in the 'Path' environment variable.
[2026-08-26 21:17:23Z INFO ScriptHandler] Defaulting to powershell
[2026-08-26 21:17:23Z INFO ScriptHandler] Which2: 'powershell'
[2026-08-26 21:17:23Z INFO ScriptHandler] Location: 'C:\WINDOWS\System32\WindowsPowerShell\v1.0\powershell.EXE'
[2026-08-26 21:17:23Z INFO ProcessInvokerWrapper] Starting process:
[2026-08-26 21:17:23Z INFO ProcessInvokerWrapper]   File name: 'C:\WINDOWS\System32\WindowsPowerShell\v1.0\powershell.EXE'
[2026-08-26 21:17:23Z INFO ProcessInvokerWrapper]   Arguments: '-command ". 'D:\actions-runner\_work\_temp\5f075698-6f2c-4ec3-881a-692a3704ff9a.ps1'"'
[2026-08-26 21:17:23Z INFO ProcessInvokerWrapper]   Working directory: 'D:\actions-runner\_work\SignServer\SignServer\signserver-web'
[2026-08-26 21:17:23Z INFO ProcessInvokerWrapper]   Require exit code zero: 'False'
[2026-08-26 21:17:23Z INFO ProcessInvokerWrapper]   Encoding web name:  ; code page: ''
[2026-08-26 21:17:23Z INFO ProcessInvokerWrapper]   Force kill process on cancellation: 'False'
[2026-08-26 21:17:23Z INFO ProcessInvokerWrapper]   Redirected STDIN: 'False'
[2026-08-26 21:17:23Z INFO ProcessInvokerWrapper]   Persist current code page: 'True'
[2026-08-26 21:17:23Z INFO ProcessInvokerWrapper]   Keep redirected STDIN open: 'False'
[2026-08-26 21:17:23Z INFO ProcessInvokerWrapper]   High priority process: 'False'
[2026-08-26 21:17:23Z INFO ProcessInvokerWrapper] Process started with process id 17636, waiting for process exit.
[2026-08-26 21:17:23Z INFO JobServerQueue] Try to upload 1 log files or attachments, success rate: 1/1.
[2026-08-26 21:17:24Z INFO JobServerQueue] Try to append 1 batches web console lines for record '84ae0119-03b5-41b3-87e2-b5d33820fc6a', success rate: 1/1.
[2026-08-26 21:17:24Z INFO JobServerQueue] Try to append 1 batches web console lines for record '84ae0119-03b5-41b3-87e2-b5d33820fc6a', success rate: 1/1.
[2026-08-26 21:17:24Z INFO JobServerQueue] Got a step log file to send to results service.
[2026-08-26 21:17:24Z INFO JobServerQueue] Starting upload of step log file to results service ResultsLog, D:\actions-runner\_diag\blocks\bf032936-7dc5-41d6-802d-f406f5d00d3c_6f043a10-b337-49e5-832a-afbd7e7903ea.1
[2026-08-26 21:17:25Z INFO JobServerQueue] Tried to upload 1 file(s) to results, success rate: 1/1.
[2026-08-26 21:17:28Z INFO JobServerQueue] Try to append 1 batches web console lines for record '84ae0119-03b5-41b3-87e2-b5d33820fc6a', success rate: 1/1.
[2026-08-26 21:17:29Z INFO HostContext] Well known directory 'Bin': 'D:\actions-runner\bin'
[2026-08-26 21:17:29Z INFO HostContext] Well known directory 'Root': 'D:\actions-runner'
[2026-08-26 21:17:29Z INFO HostContext] Well known directory 'Work': 'D:\actions-runner\_work'
[2026-08-26 21:17:37Z INFO JobServerQueue] Try to append 1 batches web console lines for record '84ae0119-03b5-41b3-87e2-b5d33820fc6a', success rate: 1/1.
[2026-08-26 21:17:38Z INFO ProcessInvokerWrapper] STDOUT/STDERR stream read finished.
[2026-08-26 21:17:38Z INFO ProcessInvokerWrapper] STDOUT/STDERR stream read finished.
[2026-08-26 21:17:38Z INFO ProcessInvokerWrapper] Finished process 17636 with exit code 0, and elapsed time 00:00:14.4068391.
[2026-08-26 21:17:38Z INFO CreateStepSummaryCommand] Step Summary file (D:\actions-runner\_work\_temp\_runner_file_commands\step_summary_e8e2c2d3-31b0-4767-bc0c-68f4ae96b59f) is empty; skipping attachment upload
[2026-08-26 21:17:38Z INFO StepsRunner] Step result: 
[2026-08-26 21:17:38Z INFO ExecutionContext] Publish step telemetry for current step {
  "action": "powershell",
  "type": "run",
  "stage": "Main",
  "stepId": "84ae0119-03b5-41b3-87e2-b5d33820fc6a",
  "stepContextName": "__run_2",
  "result": "succeeded",
  "errorMessages": [],
  "executionTimeInSeconds": 15,
  "startTime": "2026-08-26T21:17:23.8283827Z",
  "finishTime": "2026-08-26T21:17:38.2945305Z"
}.
[2026-08-26 21:17:38Z INFO StepsRunner] No need for updating job result with current step result 'Succeeded'.
[2026-08-26 21:17:38Z INFO StepsRunner] Current state: job state = ''
[2026-08-26 21:17:38Z INFO StepsRunner] Processing step: DisplayName='Publicar en el volumen de nginx'
[2026-08-26 21:17:38Z INFO StepsRunner] Evaluating: success()
[2026-08-26 21:17:38Z INFO StepsRunner] Result: true
[2026-08-26 21:17:38Z INFO StepsRunner] Starting the step.
[2026-08-26 21:17:38Z INFO HostContext] Well known directory 'Bin': 'D:\actions-runner\bin'
[2026-08-26 21:17:38Z INFO HostContext] Well known directory 'Root': 'D:\actions-runner'
[2026-08-26 21:17:38Z INFO HostContext] Well known directory 'Work': 'D:\actions-runner\_work'
[2026-08-26 21:17:38Z INFO StepsRunner] Which2: 'chcp'
[2026-08-26 21:17:38Z INFO StepsRunner] Location: 'C:\WINDOWS\system32\chcp.COM'
[2026-08-26 21:17:38Z INFO ProcessInvokerWrapper] Starting process:
[2026-08-26 21:17:38Z INFO ProcessInvokerWrapper]   File name: 'C:\WINDOWS\system32\chcp.COM'
[2026-08-26 21:17:38Z INFO ProcessInvokerWrapper]   Arguments: '65001'
[2026-08-26 21:17:38Z INFO ProcessInvokerWrapper]   Working directory: 'D:\actions-runner\_work'
[2026-08-26 21:17:38Z INFO ProcessInvokerWrapper]   Require exit code zero: 'False'
[2026-08-26 21:17:38Z INFO ProcessInvokerWrapper]   Encoding web name:  ; code page: ''
[2026-08-26 21:17:38Z INFO ProcessInvokerWrapper]   Force kill process on cancellation: 'False'
[2026-08-26 21:17:38Z INFO ProcessInvokerWrapper]   Redirected STDIN: 'False'
[2026-08-26 21:17:38Z INFO ProcessInvokerWrapper]   Persist current code page: 'True'
[2026-08-26 21:17:38Z INFO ProcessInvokerWrapper]   Keep redirected STDIN open: 'False'
[2026-08-26 21:17:38Z INFO ProcessInvokerWrapper]   High priority process: 'False'
[2026-08-26 21:17:38Z INFO ProcessInvokerWrapper] Process started with process id 3112, waiting for process exit.
[2026-08-26 21:17:38Z INFO ProcessInvokerWrapper] STDOUT/STDERR stream read finished.
[2026-08-26 21:17:38Z INFO ProcessInvokerWrapper] STDOUT/STDERR stream read finished.
[2026-08-26 21:17:38Z INFO ProcessInvokerWrapper] Finished process 3112 with exit code 0, and elapsed time 00:00:00.0083284.
[2026-08-26 21:17:38Z INFO StepsRunner] Successfully returned to code page 65001 (UTF8)
[2026-08-26 21:17:38Z INFO HostContext] Well known directory 'Bin': 'D:\actions-runner\bin'
[2026-08-26 21:17:38Z INFO HostContext] Well known directory 'Root': 'D:\actions-runner'
[2026-08-26 21:17:38Z INFO HostContext] Well known directory 'Work': 'D:\actions-runner\_work'
[2026-08-26 21:17:38Z INFO HostContext] Well known directory 'Temp': 'D:\actions-runner\_work\_temp'
[2026-08-26 21:17:38Z INFO ExecutionContext] Write event payload to D:\actions-runner\_work\_temp\_github_workflow\event.json
[2026-08-26 21:17:38Z INFO HostContext] Well known directory 'Bin': 'D:\actions-runner\bin'
[2026-08-26 21:17:38Z INFO HostContext] Well known directory 'Root': 'D:\actions-runner'
[2026-08-26 21:17:38Z INFO HostContext] Well known directory 'Work': 'D:\actions-runner\_work'
[2026-08-26 21:17:38Z INFO HostContext] Well known directory 'Temp': 'D:\actions-runner\_work\_temp'
[2026-08-26 21:17:38Z INFO ExtensionManager] Getting extensions for interface: 'GitHub.Runner.Worker.IFileCommandExtension'
[2026-08-26 21:17:38Z INFO ExtensionManager] Getting extensions for interface: 'GitHub.Runner.Worker.IActionCommandExtension'
[2026-08-26 21:17:38Z INFO ActionCommandManager] Register action command extension for command internal-set-repo-path
[2026-08-26 21:17:38Z INFO ActionCommandManager] Register action command extension for command set-env
[2026-08-26 21:17:38Z INFO ActionCommandManager] Register action command extension for command set-output
[2026-08-26 21:17:38Z INFO ActionCommandManager] Register action command extension for command save-state
[2026-08-26 21:17:38Z INFO ActionCommandManager] Register action command extension for command add-path
[2026-08-26 21:17:38Z INFO ActionCommandManager] Register action command extension for command add-mask
[2026-08-26 21:17:38Z INFO ActionCommandManager] Register action command extension for command add-matcher
[2026-08-26 21:17:38Z INFO ActionCommandManager] Register action command extension for command remove-matcher
[2026-08-26 21:17:38Z INFO ActionCommandManager] Register action command extension for command warning
[2026-08-26 21:17:38Z INFO ActionCommandManager] Register action command extension for command error
[2026-08-26 21:17:38Z INFO ActionCommandManager] Register action command extension for command notice
[2026-08-26 21:17:38Z INFO ActionCommandManager] Register action command extension for command debug
[2026-08-26 21:17:38Z INFO ActionCommandManager] Register action command extension for command group
[2026-08-26 21:17:38Z INFO ActionCommandManager] Register action command extension for command endgroup
[2026-08-26 21:17:38Z INFO ActionCommandManager] Register action command extension for command echo
[2026-08-26 21:17:38Z INFO ScriptHandler] Which2: 'pwsh'
[2026-08-26 21:17:38Z INFO JobServerQueue] Try to append 1 batches web console lines for record '84ae0119-03b5-41b3-87e2-b5d33820fc6a', success rate: 1/1.
[2026-08-26 21:17:38Z INFO JobServerQueue] Try to append 1 batches web console lines for record '0f274f90-5bd8-4030-a8b8-bf25b028891c', success rate: 1/1.
[2026-08-26 21:17:38Z INFO ScriptHandler] pwsh: command not found. Make sure 'pwsh' is installed and its location included in the 'Path' environment variable.
[2026-08-26 21:17:38Z INFO ScriptHandler] Defaulting to powershell
[2026-08-26 21:17:38Z INFO ScriptHandler] Which2: 'powershell'
[2026-08-26 21:17:38Z INFO ScriptHandler] Location: 'C:\WINDOWS\System32\WindowsPowerShell\v1.0\powershell.EXE'
[2026-08-26 21:17:38Z INFO HostContext] Well known directory 'Bin': 'D:\actions-runner\bin'
[2026-08-26 21:17:38Z INFO HostContext] Well known directory 'Root': 'D:\actions-runner'
[2026-08-26 21:17:38Z INFO HostContext] Well known directory 'Work': 'D:\actions-runner\_work'
[2026-08-26 21:17:38Z INFO HostContext] Well known directory 'Temp': 'D:\actions-runner\_work\_temp'
[2026-08-26 21:17:38Z INFO ScriptHandler] Which2: 'pwsh'
[2026-08-26 21:17:38Z INFO ScriptHandler] pwsh: command not found. Make sure 'pwsh' is installed and its location included in the 'Path' environment variable.
[2026-08-26 21:17:38Z INFO ScriptHandler] Defaulting to powershell
[2026-08-26 21:17:38Z INFO ScriptHandler] Which2: 'powershell'
[2026-08-26 21:17:38Z INFO ScriptHandler] Location: 'C:\WINDOWS\System32\WindowsPowerShell\v1.0\powershell.EXE'
[2026-08-26 21:17:38Z INFO ProcessInvokerWrapper] Starting process:
[2026-08-26 21:17:38Z INFO ProcessInvokerWrapper]   File name: 'C:\WINDOWS\System32\WindowsPowerShell\v1.0\powershell.EXE'
[2026-08-26 21:17:38Z INFO ProcessInvokerWrapper]   Arguments: '-command ". 'D:\actions-runner\_work\_temp\a1b1596b-497a-45ae-b21b-1b3ddb2b2b2d.ps1'"'
[2026-08-26 21:17:38Z INFO ProcessInvokerWrapper]   Working directory: 'D:\actions-runner\_work\SignServer\SignServer\signserver-web'
[2026-08-26 21:17:38Z INFO ProcessInvokerWrapper]   Require exit code zero: 'False'
[2026-08-26 21:17:38Z INFO ProcessInvokerWrapper]   Encoding web name:  ; code page: ''
[2026-08-26 21:17:38Z INFO ProcessInvokerWrapper]   Force kill process on cancellation: 'False'
[2026-08-26 21:17:38Z INFO ProcessInvokerWrapper]   Redirected STDIN: 'False'
[2026-08-26 21:17:38Z INFO ProcessInvokerWrapper]   Persist current code page: 'True'
[2026-08-26 21:17:38Z INFO ProcessInvokerWrapper]   Keep redirected STDIN open: 'False'
[2026-08-26 21:17:38Z INFO ProcessInvokerWrapper]   High priority process: 'False'
[2026-08-26 21:17:38Z INFO ProcessInvokerWrapper] Process started with process id 8556, waiting for process exit.
[2026-08-26 21:17:38Z INFO JobServerQueue] Try to append 1 batches web console lines for record '0f274f90-5bd8-4030-a8b8-bf25b028891c', success rate: 1/1.
[2026-08-26 21:17:39Z INFO JobServerQueue] Try to upload 1 log files or attachments, success rate: 1/1.
[2026-08-26 21:17:39Z INFO HostContext] Well known directory 'Bin': 'D:\actions-runner\bin'
[2026-08-26 21:17:39Z INFO HostContext] Well known directory 'Root': 'D:\actions-runner'
[2026-08-26 21:17:39Z INFO HostContext] Well known directory 'Work': 'D:\actions-runner\_work'
[2026-08-26 21:17:39Z INFO JobServerQueue] Got a step log file to send to results service.
[2026-08-26 21:17:39Z INFO JobServerQueue] Starting upload of step log file to results service ResultsLog, D:\actions-runner\_diag\blocks\bf032936-7dc5-41d6-802d-f406f5d00d3c_84ae0119-03b5-41b3-87e2-b5d33820fc6a.1
[2026-08-26 21:17:39Z INFO JobServerQueue] Tried to upload 1 file(s) to results, success rate: 1/1.
[2026-08-26 21:17:39Z INFO JobServerQueue] Try to append 1 batches web console lines for record '0f274f90-5bd8-4030-a8b8-bf25b028891c', success rate: 1/1.
[2026-08-26 21:17:39Z INFO ProcessInvokerWrapper] STDOUT/STDERR stream read finished.
[2026-08-26 21:17:39Z INFO ProcessInvokerWrapper] STDOUT/STDERR stream read finished.
[2026-08-26 21:17:39Z INFO ProcessInvokerWrapper] Finished process 8556 with exit code 0, and elapsed time 00:00:01.5960786.
[2026-08-26 21:17:39Z INFO CreateStepSummaryCommand] Step Summary file (D:\actions-runner\_work\_temp\_runner_file_commands\step_summary_418fb4ee-c0ba-4808-9465-d0691951ba05) is empty; skipping attachment upload
[2026-08-26 21:17:39Z INFO StepsRunner] Step result: 
[2026-08-26 21:17:39Z INFO ExecutionContext] Publish step telemetry for current step {
  "action": "powershell",
  "type": "run",
  "stage": "Main",
  "stepId": "0f274f90-5bd8-4030-a8b8-bf25b028891c",
  "stepContextName": "__run_3",
  "result": "succeeded",
  "errorMessages": [],
  "executionTimeInSeconds": 2,
  "startTime": "2026-08-26T21:17:38.2952475Z",
  "finishTime": "2026-08-26T21:17:39.9527326Z"
}.
[2026-08-26 21:17:39Z INFO StepsRunner] No need for updating job result with current step result 'Succeeded'.
[2026-08-26 21:17:39Z INFO StepsRunner] Current state: job state = ''
[2026-08-26 21:17:39Z INFO StepsRunner] Processing step: DisplayName='Post Instalar Node.js'
[2026-08-26 21:17:39Z INFO StepsRunner] Evaluating: success()
[2026-08-26 21:17:39Z INFO StepsRunner] Result: true
[2026-08-26 21:17:39Z INFO StepsRunner] Starting the step.
[2026-08-26 21:17:39Z INFO HostContext] Well known directory 'Bin': 'D:\actions-runner\bin'
[2026-08-26 21:17:39Z INFO HostContext] Well known directory 'Root': 'D:\actions-runner'
[2026-08-26 21:17:39Z INFO HostContext] Well known directory 'Work': 'D:\actions-runner\_work'
[2026-08-26 21:17:39Z INFO StepsRunner] Which2: 'chcp'
[2026-08-26 21:17:39Z INFO StepsRunner] Location: 'C:\WINDOWS\system32\chcp.COM'
[2026-08-26 21:17:39Z INFO ProcessInvokerWrapper] Starting process:
[2026-08-26 21:17:39Z INFO ProcessInvokerWrapper]   File name: 'C:\WINDOWS\system32\chcp.COM'
[2026-08-26 21:17:39Z INFO ProcessInvokerWrapper]   Arguments: '65001'
[2026-08-26 21:17:39Z INFO ProcessInvokerWrapper]   Working directory: 'D:\actions-runner\_work'
[2026-08-26 21:17:39Z INFO ProcessInvokerWrapper]   Require exit code zero: 'False'
[2026-08-26 21:17:39Z INFO ProcessInvokerWrapper]   Encoding web name:  ; code page: ''
[2026-08-26 21:17:39Z INFO ProcessInvokerWrapper]   Force kill process on cancellation: 'False'
[2026-08-26 21:17:39Z INFO ProcessInvokerWrapper]   Redirected STDIN: 'False'
[2026-08-26 21:17:39Z INFO ProcessInvokerWrapper]   Persist current code page: 'True'
[2026-08-26 21:17:39Z INFO ProcessInvokerWrapper]   Keep redirected STDIN open: 'False'
[2026-08-26 21:17:39Z INFO ProcessInvokerWrapper]   High priority process: 'False'
[2026-08-26 21:17:39Z INFO ProcessInvokerWrapper] Process started with process id 18088, waiting for process exit.
[2026-08-26 21:17:39Z INFO ProcessInvokerWrapper] STDOUT/STDERR stream read finished.
[2026-08-26 21:17:39Z INFO ProcessInvokerWrapper] STDOUT/STDERR stream read finished.
[2026-08-26 21:17:39Z INFO ProcessInvokerWrapper] Finished process 18088 with exit code 0, and elapsed time 00:00:00.0064733.
[2026-08-26 21:17:39Z INFO StepsRunner] Successfully returned to code page 65001 (UTF8)
[2026-08-26 21:17:39Z INFO HostContext] Well known directory 'Bin': 'D:\actions-runner\bin'
[2026-08-26 21:17:39Z INFO HostContext] Well known directory 'Root': 'D:\actions-runner'
[2026-08-26 21:17:39Z INFO HostContext] Well known directory 'Work': 'D:\actions-runner\_work'
[2026-08-26 21:17:39Z INFO HostContext] Well known directory 'Actions': 'D:\actions-runner\_work\_actions'
[2026-08-26 21:17:39Z INFO ActionManager] Load action that reference repository from 'D:\actions-runner\_work\_actions\actions\setup-node\v4'
[2026-08-26 21:17:39Z INFO HostContext] Well known directory 'Bin': 'D:\actions-runner\bin'
[2026-08-26 21:17:39Z INFO HostContext] Well known directory 'Root': 'D:\actions-runner'
[2026-08-26 21:17:39Z INFO HostContext] Well known directory 'Work': 'D:\actions-runner\_work'
[2026-08-26 21:17:39Z INFO HostContext] Well known directory 'Actions': 'D:\actions-runner\_work\_actions'
[2026-08-26 21:17:39Z INFO ActionManifestManagerLegacy] Ignore action property author.
[2026-08-26 21:17:39Z INFO ActionManifestManagerLegacy] Loaded action.yml file: {
  "name": "Setup Node.js environment",
  "description": "Setup a Node.js environment by adding problem matchers and optionally downloading and adding it to the PATH.",
  "inputs": {
    "type": 2,
    "map": [
      {
        "key": {
          "type": 0,
          "file": 3,
          "line": 5,
          "col": 3,
          "lit": "always-auth"
        },
        "value": {
          "type": 0,
          "file": 3,
          "line": 7,
          "col": 14,
          "lit": "false"
        }
      },
      {
        "key": {
          "type": 0,
          "file": 3,
          "line": 8,
          "col": 3,
          "lit": "node-version"
        },
        "value": ""
      },
      {
        "key": {
          "type": 0,
          "file": 3,
          "line": 10,
          "col": 3,
          "lit": "node-version-file"
        },
        "value": ""
      },
      {
        "key": {
          "type": 0,
          "file": 3,
          "line": 12,
          "col": 3,
          "lit": "architecture"
        },
        "value": ""
      },
      {
        "key": {
          "type": 0,
          "file": 3,
          "line": 14,
          "col": 3,
          "lit": "check-latest"
        },
        "value": {
          "type": 0,
          "file": 3,
          "line": 16,
          "col": 14,
          "lit": "false"
        }
      },
      {
        "key": {
          "type": 0,
          "file": 3,
          "line": 17,
          "col": 3,
          "lit": "registry-url"
        },
        "value": ""
      },
      {
        "key": {
          "type": 0,
          "file": 3,
          "line": 19,
          "col": 3,
          "lit": "scope"
        },
        "value": ""
      },
      {
        "key": {
          "type": 0,
          "file": 3,
          "line": 21,
          "col": 3,
          "lit": "token"
        },
        "value": {
          "type": 3,
          "file": 3,
          "line": 23,
          "col": 14,
          "expr": "github.server_url == 'https://github.com' && github.token || ''"
        }
      },
      {
        "key": {
          "type": 0,
          "file": 3,
          "line": 24,
          "col": 3,
          "lit": "cache"
        },
        "value": ""
      },
      {
        "key": {
          "type": 0,
          "file": 3,
          "line": 26,
          "col": 3,
          "lit": "cache-dependency-path"
        },
        "value": ""
      },
      {
        "key": {
          "type": 0,
          "file": 3,
          "line": 28,
          "col": 3,
          "lit": "mirror"
        },
        "value": ""
      },
      {
        "key": {
          "type": 0,
          "file": 3,
          "line": 30,
          "col": 3,
          "lit": "mirror-token"
        },
        "value": ""
      }
    ]
  },
  "execution": {
    "executionType": "nodeJS",
    "hasPre": false,
    "hasPost": true,
    "script": "dist/setup/index.js",
    "pre": null,
    "post": "dist/cache-save/index.js",
    "nodeVersion": "node20",
    "cleanupCondition": "success()",
    "initCondition": "always()"
  },
  "deprecated": null
}
[2026-08-26 21:17:39Z INFO ActionManager] Action pre node.js file: N/A.
[2026-08-26 21:17:39Z INFO ActionManager] Action node.js file: dist/setup/index.js.
[2026-08-26 21:17:39Z INFO ActionManager] Action post node.js file: dist/cache-save/index.js.
[2026-08-26 21:17:39Z INFO HostContext] Well known directory 'Bin': 'D:\actions-runner\bin'
[2026-08-26 21:17:39Z INFO HostContext] Well known directory 'Root': 'D:\actions-runner'
[2026-08-26 21:17:39Z INFO HostContext] Well known directory 'Work': 'D:\actions-runner\_work'
[2026-08-26 21:17:39Z INFO HostContext] Well known directory 'Temp': 'D:\actions-runner\_work\_temp'
[2026-08-26 21:17:39Z INFO ExecutionContext] Write event payload to D:\actions-runner\_work\_temp\_github_workflow\event.json
[2026-08-26 21:17:39Z INFO HostContext] Well known directory 'Bin': 'D:\actions-runner\bin'
[2026-08-26 21:17:39Z INFO HostContext] Well known directory 'Root': 'D:\actions-runner'
[2026-08-26 21:17:39Z INFO HostContext] Well known directory 'Work': 'D:\actions-runner\_work'
[2026-08-26 21:17:39Z INFO HostContext] Well known directory 'Temp': 'D:\actions-runner\_work\_temp'
[2026-08-26 21:17:39Z INFO ExtensionManager] Getting extensions for interface: 'GitHub.Runner.Worker.IFileCommandExtension'
[2026-08-26 21:17:39Z INFO ActionManifestManagerLegacy] Input 'always-auth': default value evaluate result: {
  "type": 0,
  "file": 3,
  "line": 7,
  "col": 14,
  "lit": "false"
}
[2026-08-26 21:17:39Z INFO ActionManifestManagerLegacy] Input 'node-version-file': default value evaluate result: ""
[2026-08-26 21:17:39Z INFO ActionManifestManagerLegacy] Input 'architecture': default value evaluate result: ""
[2026-08-26 21:17:39Z INFO ActionManifestManagerLegacy] Input 'check-latest': default value evaluate result: {
  "type": 0,
  "file": 3,
  "line": 16,
  "col": 14,
  "lit": "false"
}
[2026-08-26 21:17:39Z INFO ActionManifestManagerLegacy] Input 'registry-url': default value evaluate result: ""
[2026-08-26 21:17:39Z INFO ActionManifestManagerLegacy] Input 'scope': default value evaluate result: ""
[2026-08-26 21:17:39Z INFO ActionManifestManagerLegacy] Input 'token': default value evaluate result: {
  "type": 0,
  "file": 3,
  "line": 23,
  "col": 14,
  "lit": "***"
}
[2026-08-26 21:17:39Z INFO ActionManifestManagerLegacy] Input 'mirror': default value evaluate result: ""
[2026-08-26 21:17:39Z INFO ActionManifestManagerLegacy] Input 'mirror-token': default value evaluate result: ""
[2026-08-26 21:17:39Z INFO ExtensionManager] Getting extensions for interface: 'GitHub.Runner.Worker.IActionCommandExtension'
[2026-08-26 21:17:39Z INFO ActionCommandManager] Register action command extension for command internal-set-repo-path
[2026-08-26 21:17:39Z INFO ActionCommandManager] Register action command extension for command set-env
[2026-08-26 21:17:39Z INFO ActionCommandManager] Register action command extension for command set-output
[2026-08-26 21:17:39Z INFO ActionCommandManager] Register action command extension for command save-state
[2026-08-26 21:17:39Z INFO ActionCommandManager] Register action command extension for command add-path
[2026-08-26 21:17:39Z INFO ActionCommandManager] Register action command extension for command add-mask
[2026-08-26 21:17:39Z INFO ActionCommandManager] Register action command extension for command add-matcher
[2026-08-26 21:17:39Z INFO ActionCommandManager] Register action command extension for command remove-matcher
[2026-08-26 21:17:39Z INFO ActionCommandManager] Register action command extension for command warning
[2026-08-26 21:17:39Z INFO ActionCommandManager] Register action command extension for command error
[2026-08-26 21:17:39Z INFO ActionCommandManager] Register action command extension for command notice
[2026-08-26 21:17:39Z INFO ActionCommandManager] Register action command extension for command debug
[2026-08-26 21:17:39Z INFO ActionCommandManager] Register action command extension for command group
[2026-08-26 21:17:39Z INFO ActionCommandManager] Register action command extension for command endgroup
[2026-08-26 21:17:39Z INFO ActionCommandManager] Register action command extension for command echo
[2026-08-26 21:17:39Z INFO HostContext] Well known directory 'Bin': 'D:\actions-runner\bin'
[2026-08-26 21:17:39Z INFO HostContext] Well known directory 'Root': 'D:\actions-runner'
[2026-08-26 21:17:39Z INFO HostContext] Well known directory 'Externals': 'D:\actions-runner\externals'
[2026-08-26 21:17:39Z INFO ProcessInvokerWrapper] Starting process:
[2026-08-26 21:17:39Z INFO ProcessInvokerWrapper]   File name: 'D:\actions-runner\externals\node24\bin\node.exe'
[2026-08-26 21:17:39Z INFO ProcessInvokerWrapper]   Arguments: '"D:\actions-runner\_work\_actions\actions\setup-node\v4\dist/cache-save/index.js"'
[2026-08-26 21:17:39Z INFO ProcessInvokerWrapper]   Working directory: 'D:\actions-runner\_work\SignServer\SignServer'
[2026-08-26 21:17:39Z INFO ProcessInvokerWrapper]   Require exit code zero: 'False'
[2026-08-26 21:17:39Z INFO ProcessInvokerWrapper]   Encoding web name: utf-8 ; code page: '65001'
[2026-08-26 21:17:39Z INFO ProcessInvokerWrapper]   Force kill process on cancellation: 'False'
[2026-08-26 21:17:39Z INFO ProcessInvokerWrapper]   Redirected STDIN: 'False'
[2026-08-26 21:17:39Z INFO ProcessInvokerWrapper]   Persist current code page: 'True'
[2026-08-26 21:17:39Z INFO ProcessInvokerWrapper]   Keep redirected STDIN open: 'False'
[2026-08-26 21:17:39Z INFO ProcessInvokerWrapper]   High priority process: 'False'
[2026-08-26 21:17:39Z INFO ProcessInvokerWrapper] Process started with process id 8288, waiting for process exit.
[2026-08-26 21:17:40Z INFO JobServerQueue] Try to append 1 batches web console lines for record '0e5b4b53-78e8-4a75-88a6-c132b7590e05', success rate: 1/1.
[2026-08-26 21:17:40Z INFO JobServerQueue] Try to upload 1 log files or attachments, success rate: 1/1.
[2026-08-26 21:17:40Z INFO JobServerQueue] Got a step log file to send to results service.
[2026-08-26 21:17:40Z INFO JobServerQueue] Starting upload of step log file to results service ResultsLog, D:\actions-runner\_diag\blocks\bf032936-7dc5-41d6-802d-f406f5d00d3c_0f274f90-5bd8-4030-a8b8-bf25b028891c.1
[2026-08-26 21:17:40Z INFO ProcessInvokerWrapper] STDOUT/STDERR stream read finished.
[2026-08-26 21:17:40Z INFO ProcessInvokerWrapper] STDOUT/STDERR stream read finished.
[2026-08-26 21:17:40Z INFO ProcessInvokerWrapper] Finished process 8288 with exit code 0, and elapsed time 00:00:00.5988573.
[2026-08-26 21:17:40Z INFO CreateStepSummaryCommand] Step Summary file (D:\actions-runner\_work\_temp\_runner_file_commands\step_summary_2fa5a66d-785a-4fa5-81e8-d8fed5d27577) is empty; skipping attachment upload
[2026-08-26 21:17:40Z INFO StepsRunner] Step result: 
[2026-08-26 21:17:40Z INFO ExecutionContext] Publish step telemetry for current step {
  "action": "actions/setup-node",
  "ref": "v4",
  "type": "node24",
  "stage": "Post",
  "stepId": "0e5b4b53-78e8-4a75-88a6-c132b7590e05",
  "result": "succeeded",
  "errorMessages": [
    "Failed to save: \"D:\\Program failed with error: The process 'D:\\Program Files\\Git\\usr\\bin\\tar.exe' failed with exit code 2"
  ],
  "executionTimeInSeconds": 1,
  "startTime": "2026-08-26T21:17:39.9554116Z",
  "finishTime": "2026-08-26T21:17:40.5745136Z"
}.
[2026-08-26 21:17:40Z INFO StepsRunner] No need for updating job result with current step result 'Succeeded'.
[2026-08-26 21:17:40Z INFO StepsRunner] Current state: job state = ''
[2026-08-26 21:17:40Z INFO StepsRunner] Processing step: DisplayName='Post Checkout'
[2026-08-26 21:17:40Z INFO StepsRunner] Evaluating: always()
[2026-08-26 21:17:40Z INFO StepsRunner] Result: true
[2026-08-26 21:17:40Z INFO StepsRunner] Starting the step.
[2026-08-26 21:17:40Z INFO HostContext] Well known directory 'Bin': 'D:\actions-runner\bin'
[2026-08-26 21:17:40Z INFO HostContext] Well known directory 'Root': 'D:\actions-runner'
[2026-08-26 21:17:40Z INFO HostContext] Well known directory 'Work': 'D:\actions-runner\_work'
[2026-08-26 21:17:40Z INFO StepsRunner] Which2: 'chcp'
[2026-08-26 21:17:40Z INFO StepsRunner] Location: 'C:\WINDOWS\system32\chcp.COM'
[2026-08-26 21:17:40Z INFO ProcessInvokerWrapper] Starting process:
[2026-08-26 21:17:40Z INFO ProcessInvokerWrapper]   File name: 'C:\WINDOWS\system32\chcp.COM'
[2026-08-26 21:17:40Z INFO ProcessInvokerWrapper]   Arguments: '65001'
[2026-08-26 21:17:40Z INFO ProcessInvokerWrapper]   Working directory: 'D:\actions-runner\_work'
[2026-08-26 21:17:40Z INFO ProcessInvokerWrapper]   Require exit code zero: 'False'
[2026-08-26 21:17:40Z INFO ProcessInvokerWrapper]   Encoding web name:  ; code page: ''
[2026-08-26 21:17:40Z INFO ProcessInvokerWrapper]   Force kill process on cancellation: 'False'
[2026-08-26 21:17:40Z INFO ProcessInvokerWrapper]   Redirected STDIN: 'False'
[2026-08-26 21:17:40Z INFO ProcessInvokerWrapper]   Persist current code page: 'True'
[2026-08-26 21:17:40Z INFO ProcessInvokerWrapper]   Keep redirected STDIN open: 'False'
[2026-08-26 21:17:40Z INFO ProcessInvokerWrapper]   High priority process: 'False'
[2026-08-26 21:17:40Z INFO ProcessInvokerWrapper] Process started with process id 18536, waiting for process exit.
[2026-08-26 21:17:40Z INFO ProcessInvokerWrapper] STDOUT/STDERR stream read finished.
[2026-08-26 21:17:40Z INFO ProcessInvokerWrapper] STDOUT/STDERR stream read finished.
[2026-08-26 21:17:40Z INFO ProcessInvokerWrapper] Finished process 18536 with exit code 0, and elapsed time 00:00:00.0071573.
[2026-08-26 21:17:40Z INFO StepsRunner] Successfully returned to code page 65001 (UTF8)
[2026-08-26 21:17:40Z INFO HostContext] Well known directory 'Bin': 'D:\actions-runner\bin'
[2026-08-26 21:17:40Z INFO HostContext] Well known directory 'Root': 'D:\actions-runner'
[2026-08-26 21:17:40Z INFO HostContext] Well known directory 'Work': 'D:\actions-runner\_work'
[2026-08-26 21:17:40Z INFO HostContext] Well known directory 'Actions': 'D:\actions-runner\_work\_actions'
[2026-08-26 21:17:40Z INFO ActionManager] Load action that reference repository from 'D:\actions-runner\_work\_actions\actions\checkout\v4'
[2026-08-26 21:17:40Z INFO HostContext] Well known directory 'Bin': 'D:\actions-runner\bin'
[2026-08-26 21:17:40Z INFO HostContext] Well known directory 'Root': 'D:\actions-runner'
[2026-08-26 21:17:40Z INFO HostContext] Well known directory 'Work': 'D:\actions-runner\_work'
[2026-08-26 21:17:40Z INFO HostContext] Well known directory 'Actions': 'D:\actions-runner\_work\_actions'
[2026-08-26 21:17:40Z INFO ActionManifestManagerLegacy] Loaded action.yml file: {
  "name": "Checkout",
  "description": "Checkout a Git repository at a particular version",
  "inputs": {
    "type": 2,
    "map": [
      {
        "key": {
          "type": 0,
          "file": 2,
          "line": 4,
          "col": 3,
          "lit": "repository"
        },
        "value": {
          "type": 3,
          "file": 2,
          "line": 6,
          "col": 14,
          "expr": "github.repository"
        }
      },
      {
        "key": {
          "type": 0,
          "file": 2,
          "line": 7,
          "col": 3,
          "lit": "ref"
        },
        "value": ""
      },
      {
        "key": {
          "type": 0,
          "file": 2,
          "line": 12,
          "col": 3,
          "lit": "token"
        },
        "value": {
          "type": 3,
          "file": 2,
          "line": 24,
          "col": 14,
          "expr": "github.token"
        }
      },
      {
        "key": {
          "type": 0,
          "file": 2,
          "line": 25,
          "col": 3,
          "lit": "ssh-key"
        },
        "value": ""
      },
      {
        "key": {
          "type": 0,
          "file": 2,
          "line": 37,
          "col": 3,
          "lit": "ssh-known-hosts"
        },
        "value": ""
      },
      {
        "key": {
          "type": 0,
          "file": 2,
          "line": 42,
          "col": 3,
          "lit": "ssh-strict"
        },
        "value": {
          "type": 0,
          "file": 2,
          "line": 47,
          "col": 14,
          "lit": "true"
        }
      },
      {
        "key": {
          "type": 0,
          "file": 2,
          "line": 48,
          "col": 3,
          "lit": "ssh-user"
        },
        "value": {
          "type": 0,
          "file": 2,
          "line": 51,
          "col": 14,
          "lit": "git"
        }
      },
      {
        "key": {
          "type": 0,
          "file": 2,
          "line": 52,
          "col": 3,
          "lit": "persist-credentials"
        },
        "value": {
          "type": 0,
          "file": 2,
          "line": 54,
          "col": 14,
          "lit": "true"
        }
      },
      {
        "key": {
          "type": 0,
          "file": 2,
          "line": 55,
          "col": 3,
          "lit": "path"
        },
        "value": ""
      },
      {
        "key": {
          "type": 0,
          "file": 2,
          "line": 57,
          "col": 3,
          "lit": "clean"
        },
        "value": {
          "type": 0,
          "file": 2,
          "line": 59,
          "col": 14,
          "lit": "true"
        }
      },
      {
        "key": {
          "type": 0,
          "file": 2,
          "line": 60,
          "col": 3,
          "lit": "filter"
        },
        "value": {
          "type": 0,
          "file": 2,
          "line": 64,
          "col": 14,
          "lit": ""
        }
      },
      {
        "key": {
          "type": 0,
          "file": 2,
          "line": 65,
          "col": 3,
          "lit": "sparse-checkout"
        },
        "value": {
          "type": 0,
          "file": 2,
          "line": 69,
          "col": 14,
          "lit": ""
        }
      },
      {
        "key": {
          "type": 0,
          "file": 2,
          "line": 70,
          "col": 3,
          "lit": "sparse-checkout-cone-mode"
        },
        "value": {
          "type": 0,
          "file": 2,
          "line": 73,
          "col": 14,
          "lit": "true"
        }
      },
      {
        "key": {
          "type": 0,
          "file": 2,
          "line": 74,
          "col": 3,
          "lit": "fetch-depth"
        },
        "value": {
          "type": 0,
          "file": 2,
          "line": 76,
          "col": 14,
          "lit": "1"
        }
      },
      {
        "key": {
          "type": 0,
          "file": 2,
          "line": 77,
          "col": 3,
          "lit": "fetch-tags"
        },
        "value": {
          "type": 0,
          "file": 2,
          "line": 79,
          "col": 14,
          "lit": "false"
        }
      },
      {
        "key": {
          "type": 0,
          "file": 2,
          "line": 80,
          "col": 3,
          "lit": "show-progress"
        },
        "value": {
          "type": 0,
          "file": 2,
          "line": 82,
          "col": 14,
          "lit": "true"
        }
      },
      {
        "key": {
          "type": 0,
          "file": 2,
          "line": 83,
          "col": 3,
          "lit": "lfs"
        },
        "value": {
          "type": 0,
          "file": 2,
          "line": 85,
          "col": 14,
          "lit": "false"
        }
      },
      {
        "key": {
          "type": 0,
          "file": 2,
          "line": 86,
          "col": 3,
          "lit": "submodules"
        },
        "value": {
          "type": 0,
          "file": 2,
          "line": 94,
          "col": 14,
          "lit": "false"
        }
      },
      {
        "key": {
          "type": 0,
          "file": 2,
          "line": 95,
          "col": 3,
          "lit": "set-safe-directory"
        },
        "value": {
          "type": 0,
          "file": 2,
          "line": 97,
          "col": 14,
          "lit": "true"
        }
      },
      {
        "key": {
          "type": 0,
          "file": 2,
          "line": 98,
          "col": 3,
          "lit": "github-server-url"
        },
        "value": ""
      },
      {
        "key": {
          "type": 0,
          "file": 2,
          "line": 101,
          "col": 3,
          "lit": "allow-unsafe-pr-checkout"
        },
        "value": {
          "type": 0,
          "file": 2,
          "line": 109,
          "col": 14,
          "lit": "false"
        }
      }
    ]
  },
  "execution": {
    "executionType": "nodeJS",
    "hasPre": false,
    "hasPost": true,
    "script": "dist/index.js",
    "pre": null,
    "post": "dist/index.js",
    "nodeVersion": "node20",
    "cleanupCondition": "always()",
    "initCondition": "always()"
  },
  "deprecated": null
}
[2026-08-26 21:17:40Z INFO ActionManager] Action pre node.js file: N/A.
[2026-08-26 21:17:40Z INFO ActionManager] Action node.js file: dist/index.js.
[2026-08-26 21:17:40Z INFO ActionManager] Action post node.js file: dist/index.js.
[2026-08-26 21:17:40Z INFO HostContext] Well known directory 'Bin': 'D:\actions-runner\bin'
[2026-08-26 21:17:40Z INFO HostContext] Well known directory 'Root': 'D:\actions-runner'
[2026-08-26 21:17:40Z INFO HostContext] Well known directory 'Work': 'D:\actions-runner\_work'
[2026-08-26 21:17:40Z INFO HostContext] Well known directory 'Temp': 'D:\actions-runner\_work\_temp'
[2026-08-26 21:17:40Z INFO ExecutionContext] Write event payload to D:\actions-runner\_work\_temp\_github_workflow\event.json
[2026-08-26 21:17:40Z INFO HostContext] Well known directory 'Bin': 'D:\actions-runner\bin'
[2026-08-26 21:17:40Z INFO HostContext] Well known directory 'Root': 'D:\actions-runner'
[2026-08-26 21:17:40Z INFO HostContext] Well known directory 'Work': 'D:\actions-runner\_work'
[2026-08-26 21:17:40Z INFO HostContext] Well known directory 'Temp': 'D:\actions-runner\_work\_temp'
[2026-08-26 21:17:40Z INFO ExtensionManager] Getting extensions for interface: 'GitHub.Runner.Worker.IFileCommandExtension'
[2026-08-26 21:17:40Z INFO ActionManifestManagerLegacy] Input 'repository': default value evaluate result: {
  "type": 0,
  "file": 2,
  "line": 6,
  "col": 14,
  "lit": "ElAlecs69/SignServer"
}
[2026-08-26 21:17:40Z INFO ActionManifestManagerLegacy] Input 'ref': default value evaluate result: ""
[2026-08-26 21:17:40Z INFO ActionManifestManagerLegacy] Input 'token': default value evaluate result: {
  "type": 0,
  "file": 2,
  "line": 24,
  "col": 14,
  "lit": "***"
}
[2026-08-26 21:17:40Z INFO ActionManifestManagerLegacy] Input 'ssh-key': default value evaluate result: ""
[2026-08-26 21:17:40Z INFO ActionManifestManagerLegacy] Input 'ssh-known-hosts': default value evaluate result: ""
[2026-08-26 21:17:40Z INFO ActionManifestManagerLegacy] Input 'ssh-strict': default value evaluate result: {
  "type": 0,
  "file": 2,
  "line": 47,
  "col": 14,
  "lit": "true"
}
[2026-08-26 21:17:40Z INFO ActionManifestManagerLegacy] Input 'ssh-user': default value evaluate result: {
  "type": 0,
  "file": 2,
  "line": 51,
  "col": 14,
  "lit": "git"
}
[2026-08-26 21:17:40Z INFO ActionManifestManagerLegacy] Input 'persist-credentials': default value evaluate result: {
  "type": 0,
  "file": 2,
  "line": 54,
  "col": 14,
  "lit": "true"
}
[2026-08-26 21:17:40Z INFO ActionManifestManagerLegacy] Input 'path': default value evaluate result: ""
[2026-08-26 21:17:40Z INFO ActionManifestManagerLegacy] Input 'clean': default value evaluate result: {
  "type": 0,
  "file": 2,
  "line": 59,
  "col": 14,
  "lit": "true"
}
[2026-08-26 21:17:40Z INFO ActionManifestManagerLegacy] Input 'filter': default value evaluate result: {
  "type": 0,
  "file": 2,
  "line": 64,
  "col": 14,
  "lit": ""
}
[2026-08-26 21:17:40Z INFO ActionManifestManagerLegacy] Input 'sparse-checkout': default value evaluate result: {
  "type": 0,
  "file": 2,
  "line": 69,
  "col": 14,
  "lit": ""
}
[2026-08-26 21:17:40Z INFO ActionManifestManagerLegacy] Input 'sparse-checkout-cone-mode': default value evaluate result: {
  "type": 0,
  "file": 2,
  "line": 73,
  "col": 14,
  "lit": "true"
}
[2026-08-26 21:17:40Z INFO ActionManifestManagerLegacy] Input 'fetch-depth': default value evaluate result: {
  "type": 0,
  "file": 2,
  "line": 76,
  "col": 14,
  "lit": "1"
}
[2026-08-26 21:17:40Z INFO ActionManifestManagerLegacy] Input 'fetch-tags': default value evaluate result: {
  "type": 0,
  "file": 2,
  "line": 79,
  "col": 14,
  "lit": "false"
}
[2026-08-26 21:17:40Z INFO ActionManifestManagerLegacy] Input 'show-progress': default value evaluate result: {
  "type": 0,
  "file": 2,
  "line": 82,
  "col": 14,
  "lit": "true"
}
[2026-08-26 21:17:40Z INFO ActionManifestManagerLegacy] Input 'lfs': default value evaluate result: {
  "type": 0,
  "file": 2,
  "line": 85,
  "col": 14,
  "lit": "false"
}
[2026-08-26 21:17:40Z INFO ActionManifestManagerLegacy] Input 'submodules': default value evaluate result: {
  "type": 0,
  "file": 2,
  "line": 94,
  "col": 14,
  "lit": "false"
}
[2026-08-26 21:17:40Z INFO ActionManifestManagerLegacy] Input 'set-safe-directory': default value evaluate result: {
  "type": 0,
  "file": 2,
  "line": 97,
  "col": 14,
  "lit": "true"
}
[2026-08-26 21:17:40Z INFO ActionManifestManagerLegacy] Input 'github-server-url': default value evaluate result: ""
[2026-08-26 21:17:40Z INFO ActionManifestManagerLegacy] Input 'allow-unsafe-pr-checkout': default value evaluate result: {
  "type": 0,
  "file": 2,
  "line": 109,
  "col": 14,
  "lit": "false"
}
[2026-08-26 21:17:40Z INFO ExtensionManager] Getting extensions for interface: 'GitHub.Runner.Worker.IActionCommandExtension'
[2026-08-26 21:17:40Z INFO ActionCommandManager] Register action command extension for command internal-set-repo-path
[2026-08-26 21:17:40Z INFO ActionCommandManager] Register action command extension for command set-env
[2026-08-26 21:17:40Z INFO ActionCommandManager] Register action command extension for command set-output
[2026-08-26 21:17:40Z INFO ActionCommandManager] Register action command extension for command save-state
[2026-08-26 21:17:40Z INFO ActionCommandManager] Register action command extension for command add-path
[2026-08-26 21:17:40Z INFO ActionCommandManager] Register action command extension for command add-mask
[2026-08-26 21:17:40Z INFO ActionCommandManager] Register action command extension for command add-matcher
[2026-08-26 21:17:40Z INFO ActionCommandManager] Register action command extension for command remove-matcher
[2026-08-26 21:17:40Z INFO ActionCommandManager] Register action command extension for command warning
[2026-08-26 21:17:40Z INFO ActionCommandManager] Register action command extension for command error
[2026-08-26 21:17:40Z INFO ActionCommandManager] Register action command extension for command notice
[2026-08-26 21:17:40Z INFO ActionCommandManager] Register action command extension for command debug
[2026-08-26 21:17:40Z INFO ActionCommandManager] Register action command extension for command group
[2026-08-26 21:17:40Z INFO ActionCommandManager] Register action command extension for command endgroup
[2026-08-26 21:17:40Z INFO ActionCommandManager] Register action command extension for command echo
[2026-08-26 21:17:40Z INFO HostContext] Well known directory 'Bin': 'D:\actions-runner\bin'
[2026-08-26 21:17:40Z INFO HostContext] Well known directory 'Root': 'D:\actions-runner'
[2026-08-26 21:17:40Z INFO HostContext] Well known directory 'Externals': 'D:\actions-runner\externals'
[2026-08-26 21:17:40Z INFO ProcessInvokerWrapper] Starting process:
[2026-08-26 21:17:40Z INFO ProcessInvokerWrapper]   File name: 'D:\actions-runner\externals\node24\bin\node.exe'
[2026-08-26 21:17:40Z INFO ProcessInvokerWrapper]   Arguments: '"D:\actions-runner\_work\_actions\actions\checkout\v4\dist/index.js"'
[2026-08-26 21:17:40Z INFO ProcessInvokerWrapper]   Working directory: 'D:\actions-runner\_work\SignServer\SignServer'
[2026-08-26 21:17:40Z INFO ProcessInvokerWrapper]   Require exit code zero: 'False'
[2026-08-26 21:17:40Z INFO ProcessInvokerWrapper]   Encoding web name: utf-8 ; code page: '65001'
[2026-08-26 21:17:40Z INFO ProcessInvokerWrapper]   Force kill process on cancellation: 'False'
[2026-08-26 21:17:40Z INFO ProcessInvokerWrapper]   Redirected STDIN: 'False'
[2026-08-26 21:17:40Z INFO ProcessInvokerWrapper]   Persist current code page: 'True'
[2026-08-26 21:17:40Z INFO ProcessInvokerWrapper]   Keep redirected STDIN open: 'False'
[2026-08-26 21:17:40Z INFO ProcessInvokerWrapper]   High priority process: 'False'
[2026-08-26 21:17:40Z INFO ProcessInvokerWrapper] Process started with process id 16756, waiting for process exit.
[2026-08-26 21:17:40Z INFO JobServerQueue] Tried to upload 1 file(s) to results, success rate: 1/1.
[2026-08-26 21:17:40Z INFO JobServerQueue] Try to append 1 batches web console lines for record '0e5b4b53-78e8-4a75-88a6-c132b7590e05', success rate: 1/1.
[2026-08-26 21:17:40Z INFO JobServerQueue] Try to append 1 batches web console lines for record '26a384fb-369c-477e-8cb3-e5871b70975e', success rate: 1/1.
[2026-08-26 21:17:40Z INFO AddMaskCommandExtension] Add new secret mask with length of 32
[2026-08-26 21:17:40Z INFO JobServerQueue] Try to append 1 batches web console lines for record '26a384fb-369c-477e-8cb3-e5871b70975e', success rate: 1/1.
[2026-08-26 21:17:41Z INFO JobServerQueue] Try to upload 1 log files or attachments, success rate: 1/1.
[2026-08-26 21:17:41Z INFO JobServerQueue] Try to append 1 batches web console lines for record '26a384fb-369c-477e-8cb3-e5871b70975e', success rate: 1/1.
[2026-08-26 21:17:41Z INFO JobServerQueue] Got a step log file to send to results service.
[2026-08-26 21:17:41Z INFO JobServerQueue] Starting upload of step log file to results service ResultsLog, D:\actions-runner\_diag\blocks\bf032936-7dc5-41d6-802d-f406f5d00d3c_0e5b4b53-78e8-4a75-88a6-c132b7590e05.1
[2026-08-26 21:17:41Z INFO JobServerQueue] Try to append 1 batches web console lines for record '26a384fb-369c-477e-8cb3-e5871b70975e', success rate: 1/1.
[2026-08-26 21:17:41Z INFO JobServerQueue] Tried to upload 1 file(s) to results, success rate: 1/1.
[2026-08-26 21:17:42Z INFO JobServerQueue] Try to append 1 batches web console lines for record '26a384fb-369c-477e-8cb3-e5871b70975e', success rate: 1/1.
[2026-08-26 21:17:42Z INFO ProcessInvokerWrapper] STDOUT/STDERR stream read finished.
[2026-08-26 21:17:42Z INFO ProcessInvokerWrapper] STDOUT/STDERR stream read finished.
[2026-08-26 21:17:42Z INFO ProcessInvokerWrapper] Finished process 16756 with exit code 0, and elapsed time 00:00:02.0628628.
[2026-08-26 21:17:42Z INFO CreateStepSummaryCommand] Step Summary file (D:\actions-runner\_work\_temp\_runner_file_commands\step_summary_0b88e6e8-6e32-4bb8-b1bf-e34cdb8a6d90) is empty; skipping attachment upload
[2026-08-26 21:17:42Z INFO StepsRunner] Step result: 
[2026-08-26 21:17:42Z INFO ExecutionContext] Publish step telemetry for current step {
  "action": "actions/checkout",
  "ref": "v4",
  "type": "node24",
  "stage": "Post",
  "stepId": "26a384fb-369c-477e-8cb3-e5871b70975e",
  "result": "succeeded",
  "errorMessages": [],
  "executionTimeInSeconds": 3,
  "startTime": "2026-08-26T21:17:40.5771094Z",
  "finishTime": "2026-08-26T21:17:42.6630001Z"
}.
[2026-08-26 21:17:42Z INFO StepsRunner] No need for updating job result with current step result 'Succeeded'.
[2026-08-26 21:17:42Z INFO StepsRunner] Current state: job state = ''
[2026-08-26 21:17:42Z INFO JobRunner] Finalize job.
[2026-08-26 21:17:42Z INFO HostContext] Well known directory 'Bin': 'D:\actions-runner\bin'
[2026-08-26 21:17:42Z INFO HostContext] Well known directory 'Root': 'D:\actions-runner'
[2026-08-26 21:17:42Z INFO HostContext] Well known directory 'Diag': 'D:\actions-runner\_diag'
[2026-08-26 21:17:42Z INFO HostContext] Well known directory 'Bin': 'D:\actions-runner\bin'
[2026-08-26 21:17:42Z INFO HostContext] Well known directory 'Root': 'D:\actions-runner'
[2026-08-26 21:17:42Z INFO HostContext] Well known directory 'Diag': 'D:\actions-runner\_diag'
[2026-08-26 21:17:42Z INFO JobExtension] Initialize Env context
[2026-08-26 21:17:42Z INFO JobExtension] Initialize steps context
[2026-08-26 21:17:42Z INFO JobExtension] Total accessible running process: 153.
[2026-08-26 21:17:42Z INFO JobExtension] Inspecting process environment variables. PID: 3372 (brave)
[2026-08-26 21:17:42Z INFO JobExtension] Inspecting process environment variables. PID: 13712 (RuntimeBroker)
[2026-08-26 21:17:42Z INFO JobExtension] Wait for all connectivity checks to finish.
[2026-08-26 21:17:42Z INFO JobExtension] Connectivity check result: {
  "endpointUrl": "https://broker.actions.githubusercontent.com/health",
  "endpointIPs": null,
  "startTime": "2026-08-26T21:16:59.1604194Z",
  "statusCode": "http_OK",
  "requestId": "0E7D:1E7A3:52C6D0:543901:6A8F57BE",
  "httpRequestDurationInMs": 297,
  "dnsResolutionDurationInMs": 0,
  "dnsError": null
}
[2026-08-26 21:17:42Z INFO JobExtension] Connectivity check result: {
  "endpointUrl": "https://token.actions.githubusercontent.com/ready",
  "endpointIPs": null,
  "startTime": "2026-08-26T21:16:59.1612109Z",
  "statusCode": "http_NoContent",
  "requestId": "0E7E:3704FA:33CD51:3AD64E:6A8F57BE",
  "httpRequestDurationInMs": 287,
  "dnsResolutionDurationInMs": 0,
  "dnsError": null
}
[2026-08-26 21:17:42Z INFO JobExtension] Connectivity check result: {
  "endpointUrl": "https://run.actions.githubusercontent.com/health",
  "endpointIPs": null,
  "startTime": "2026-08-26T21:16:59.1613709Z",
  "statusCode": "http_OK",
  "requestId": "0E7F:72CC0:533340:54A630:6A8F57BE",
  "httpRequestDurationInMs": 300,
  "dnsResolutionDurationInMs": 0,
  "dnsError": null
}
[2026-08-26 21:17:42Z INFO ExecutionContext] Publish step telemetry for current step {
  "action": "complete_job",
  "type": "runner",
  "stage": "Post",
  "stepId": "f4010760-9f23-43c4-90ff-9e96ecd33728",
  "result": "succeeded",
  "errorMessages": [
    "Node.js 20 is deprecated. The following actions target Node.js 20 but are being forced to run on Node.js 24: actions/checkout@v4, actions/setup-node@v4. For more information see: https://github.blog/changelog/2025-09-19-deprecation-of-node-20-on-github-act"
  ],
  "executionTimeInSeconds": 1,
  "startTime": "2026-08-26T21:17:42.6686178Z",
  "finishTime": "2026-08-26T21:17:42.6821834Z"
}.
[2026-08-26 21:17:42Z INFO JobRunner] Job result after all job steps finish: Succeeded
[2026-08-26 21:17:42Z INFO JobRunner] Completing the job execution context.
[2026-08-26 21:17:42Z INFO JobRunner] Shutting down the job server queue.
[2026-08-26 21:17:42Z INFO JobServerQueue] Fire signal to shutdown all queues.
[2026-08-26 21:17:43Z INFO JobServerQueue] All queue process task stopped.
[2026-08-26 21:17:43Z INFO JobServerQueue] Try to append 1 batches web console lines for record 'f4010760-9f23-43c4-90ff-9e96ecd33728', success rate: 1/1.
[2026-08-26 21:17:43Z INFO JobServerQueue] Web console line queue drained.
[2026-08-26 21:17:43Z INFO JobServerQueue] Uploading 3 files in one shot.
[2026-08-26 21:17:43Z INFO JobServerQueue] Try to upload 3 log files or attachments, success rate: 3/3.
[2026-08-26 21:17:43Z INFO JobServerQueue] File upload queue drained.
[2026-08-26 21:17:43Z INFO JobServerQueue] Starting results-based upload queue...
[2026-08-26 21:17:43Z INFO JobServerQueue] Uploading 3 file(s) in one shot through results service.
[2026-08-26 21:17:43Z INFO JobServerQueue] Got a step log file to send to results service.
[2026-08-26 21:17:43Z INFO JobServerQueue] Starting upload of step log file to results service ResultsLog, D:\actions-runner\_diag\blocks\bf032936-7dc5-41d6-802d-f406f5d00d3c_26a384fb-369c-477e-8cb3-e5871b70975e.1
[2026-08-26 21:17:43Z INFO JobServerQueue] Got a step log file to send to results service.
[2026-08-26 21:17:43Z INFO JobServerQueue] Starting upload of step log file to results service ResultsLog, D:\actions-runner\_diag\blocks\bf032936-7dc5-41d6-802d-f406f5d00d3c_f4010760-9f23-43c4-90ff-9e96ecd33728.1
[2026-08-26 21:17:43Z INFO JobServerQueue] Got a job log file to send to results service.
[2026-08-26 21:17:43Z INFO JobServerQueue] Starting upload of job log file to results service ResultsLog, D:\actions-runner\_diag\blocks\bf032936-7dc5-41d6-802d-f406f5d00d3c_20cd16b7-b615-5328-baf7-27b6ae454c24.1
[2026-08-26 21:17:43Z INFO JobServerQueue] Tried to upload 3 file(s) to results, success rate: 3/3.
[2026-08-26 21:17:43Z INFO JobServerQueue] Results upload queue drained.
[2026-08-26 21:17:43Z INFO JobServerQueue] Timeline update queue drained.
[2026-08-26 21:17:43Z INFO JobServerQueue] Disposing job server ...
[2026-08-26 21:17:43Z INFO JobServerQueue] Disposing results server ...
[2026-08-26 21:17:44Z INFO JobServerQueue] All queue process tasks have been stopped, and all queues are drained.
[2026-08-26 21:17:44Z INFO TempDirectoryManager] Cleaning runner temp folder: D:\actions-runner\_work\_temp
[2026-08-26 21:17:44Z INFO HostContext] Well known directory 'Bin': 'D:\actions-runner\bin'
[2026-08-26 21:17:44Z INFO HostContext] Well known directory 'Root': 'D:\actions-runner'
[2026-08-26 21:17:44Z INFO HostContext] Well known directory 'Diag': 'D:\actions-runner\_diag'
[2026-08-26 21:17:44Z INFO HostContext] Well known config file 'Telemetry': 'D:\actions-runner\_diag\.telemetry'
[2026-08-26 21:17:44Z INFO JobRunner] Raising job completed against run service
[2026-08-26 21:17:44Z INFO Worker] Job completed.
