[2026-08-26 21:24:45Z INFO HostContext] No proxy settings were found based on environmental variables (http_proxy/https_proxy/HTTP_PROXY/HTTPS_PROXY)
[2026-08-26 21:24:45Z INFO HostContext] Well known directory 'Bin': 'D:\actions-runner\bin'
[2026-08-26 21:24:45Z INFO HostContext] Well known directory 'Root': 'D:\actions-runner'
[2026-08-26 21:24:45Z INFO HostContext] Well known config file 'Credentials': 'D:\actions-runner\.credentials'
[2026-08-26 21:24:45Z INFO HostContext] Well known directory 'Bin': 'D:\actions-runner\bin'
[2026-08-26 21:24:45Z INFO HostContext] Well known directory 'Root': 'D:\actions-runner'
[2026-08-26 21:24:45Z INFO HostContext] Well known config file 'Runner': 'D:\actions-runner\.runner'
[2026-08-26 21:24:45Z INFO Listener] Runner is built for Windows (X64) - win-x64.
[2026-08-26 21:24:45Z INFO Listener] RuntimeInformation: Microsoft Windows 10.0.19044.
[2026-08-26 21:24:45Z INFO Listener] Version: 2.336.0
[2026-08-26 21:24:45Z INFO Listener] Commit: 98aabcd429c4e8402406c56ce2d26387fed3b9ce
[2026-08-26 21:24:45Z INFO Listener] Culture: es-MX
[2026-08-26 21:24:45Z INFO Listener] UI Culture: es-MX
[2026-08-26 21:24:45Z INFO HostContext] Well known directory 'Bin': 'D:\actions-runner\bin'
[2026-08-26 21:24:45Z INFO HostContext] Well known directory 'Root': 'D:\actions-runner'
[2026-08-26 21:24:45Z INFO Listener] Validating directory permissions for: 'D:\actions-runner'
[2026-08-26 21:24:45Z INFO CommandLineParser] Parse
[2026-08-26 21:24:45Z INFO CommandLineParser] Parsing 1 args
[2026-08-26 21:24:45Z INFO CommandLineParser] parsing argument
[2026-08-26 21:24:45Z INFO CommandLineParser] HasArgs: False
[2026-08-26 21:24:45Z INFO CommandLineParser] Adding Command: run
[2026-08-26 21:24:45Z INFO Listener] Arguments parsed
[2026-08-26 21:24:45Z INFO Runner] ExecuteCommand
[2026-08-26 21:24:45Z INFO ConfigurationStore] currentAssemblyLocation: D:\actions-runner\bin\Runner.Listener.dll
[2026-08-26 21:24:45Z INFO HostContext] Well known directory 'Bin': 'D:\actions-runner\bin'
[2026-08-26 21:24:45Z INFO ConfigurationStore] binPath: D:\actions-runner\bin
[2026-08-26 21:24:45Z INFO HostContext] Well known directory 'Bin': 'D:\actions-runner\bin'
[2026-08-26 21:24:45Z INFO HostContext] Well known directory 'Root': 'D:\actions-runner'
[2026-08-26 21:24:45Z INFO ConfigurationStore] RootFolder: D:\actions-runner
[2026-08-26 21:24:45Z INFO HostContext] Well known directory 'Bin': 'D:\actions-runner\bin'
[2026-08-26 21:24:45Z INFO HostContext] Well known directory 'Root': 'D:\actions-runner'
[2026-08-26 21:24:45Z INFO HostContext] Well known config file 'Runner': 'D:\actions-runner\.runner'
[2026-08-26 21:24:45Z INFO ConfigurationStore] ConfigFilePath: D:\actions-runner\.runner
[2026-08-26 21:24:45Z INFO HostContext] Well known directory 'Bin': 'D:\actions-runner\bin'
[2026-08-26 21:24:45Z INFO HostContext] Well known directory 'Root': 'D:\actions-runner'
[2026-08-26 21:24:45Z INFO HostContext] Well known config file 'MigratedRunner': 'D:\actions-runner\.runner_migrated'
[2026-08-26 21:24:45Z INFO ConfigurationStore] MigratedConfigFilePath: D:\actions-runner\.runner_migrated
[2026-08-26 21:24:45Z INFO HostContext] Well known directory 'Bin': 'D:\actions-runner\bin'
[2026-08-26 21:24:45Z INFO HostContext] Well known directory 'Root': 'D:\actions-runner'
[2026-08-26 21:24:45Z INFO HostContext] Well known config file 'Credentials': 'D:\actions-runner\.credentials'
[2026-08-26 21:24:45Z INFO ConfigurationStore] CredFilePath: D:\actions-runner\.credentials
[2026-08-26 21:24:45Z INFO HostContext] Well known directory 'Bin': 'D:\actions-runner\bin'
[2026-08-26 21:24:45Z INFO HostContext] Well known directory 'Root': 'D:\actions-runner'
[2026-08-26 21:24:45Z INFO HostContext] Well known config file 'MigratedCredentials': 'D:\actions-runner\.credentials_migrated'
[2026-08-26 21:24:45Z INFO ConfigurationStore] MigratedCredFilePath: D:\actions-runner\.credentials_migrated
[2026-08-26 21:24:45Z INFO HostContext] Well known directory 'Bin': 'D:\actions-runner\bin'
[2026-08-26 21:24:45Z INFO HostContext] Well known directory 'Root': 'D:\actions-runner'
[2026-08-26 21:24:45Z INFO HostContext] Well known config file 'Service': 'D:\actions-runner\.service'
[2026-08-26 21:24:45Z INFO ConfigurationStore] ServiceConfigFilePath: D:\actions-runner\.service
[2026-08-26 21:24:45Z INFO CommandSettings] Flag 'help': 'False'
[2026-08-26 21:24:45Z INFO CommandSettings] Flag 'version': 'False'
[2026-08-26 21:24:45Z INFO CommandSettings] Flag 'commit': 'False'
[2026-08-26 21:24:45Z INFO CommandSettings] Flag 'check': 'False'
[2026-08-26 21:24:45Z INFO CommandSettings] Command 'configure': 'False'
[2026-08-26 21:24:45Z INFO CommandSettings] Command 'remove': 'False'
[2026-08-26 21:24:45Z INFO CommandSettings] Command 'warmup': 'False'
[2026-08-26 21:24:45Z INFO ConfigurationManager] LoadSettings
[2026-08-26 21:24:45Z INFO ConfigurationStore] IsConfigured()
[2026-08-26 21:24:45Z INFO ConfigurationStore] IsConfigured: True
[2026-08-26 21:24:45Z INFO ConfigurationManager] Is configured: True
[2026-08-26 21:24:45Z INFO ConfigurationStore] Read setting file: 388 chars
[2026-08-26 21:24:45Z INFO ConfigurationManager] Settings Loaded
[2026-08-26 21:24:45Z INFO ConfigurationStore] IsServiceConfigured()
[2026-08-26 21:24:45Z INFO ConfigurationStore] IsServiceConfigured: True
[2026-08-26 21:24:45Z INFO CommandSettings] Command 'run': 'True'
[2026-08-26 21:24:45Z INFO ConfigurationStore] IsConfigured()
[2026-08-26 21:24:45Z INFO ConfigurationStore] IsConfigured: True
[2026-08-26 21:24:45Z INFO ConfigurationManager] Is configured: True
[2026-08-26 21:24:45Z INFO Runner] Try determine runner startup type base on console redirects.
[2026-08-26 21:24:45Z INFO Runner] Set runner startup type - Manual
[2026-08-26 21:24:45Z INFO CommandSettings] Flag 'once': 'False'
[2026-08-26 21:24:45Z INFO CommandSettings] Flag 'once': 'False'
[2026-08-26 21:24:45Z INFO Runner] RunAsync
[2026-08-26 21:24:45Z INFO HostContext] Well known directory 'Bin': 'D:\actions-runner\bin'
[2026-08-26 21:24:45Z INFO HostContext] Well known directory 'Root': 'D:\actions-runner'
[2026-08-26 21:24:45Z INFO HostContext] Well known directory 'Work': 'D:\actions-runner\_work'
[2026-08-26 21:24:45Z INFO Runner] Validating directory permissions for: 'D:\actions-runner\_work'
[2026-08-26 21:24:45Z INFO ConfigurationManager] LoadMigratedSettings
[2026-08-26 21:24:45Z INFO ConfigurationStore] IsMigratedConfigured()
[2026-08-26 21:24:45Z INFO ConfigurationStore] IsMigratedConfigured: False
[2026-08-26 21:24:45Z INFO Runner] Failed to load migrated settings: No migrated configuration found.
[2026-08-26 21:24:45Z INFO Runner] Falling back to original .runner settings
[2026-08-26 21:24:45Z INFO Runner] Using BrokerMessageListener
[2026-08-26 21:24:45Z INFO BrokerMessageListener] Using provided settings
[2026-08-26 21:24:45Z INFO BrokerMessageListener] {
  "AgentId": 3,
  "AgentName": "ALECS",
  "PoolId": 1,
  "PoolName": "Default",
  "ServerUrl": "https://pipelinesghubeus3.actions.githubusercontent.com/EmAG2M8FINDSjrWclBxv8jvpEp68V4tP5qcz0uU8ldIEJDfNWQ/",
  "GitHubUrl": "https://github.com/ElAlecs69/SignServer",
  "WorkFolder": "_work",
  "UseV2Flow": true,
  "ServerUrlV2": "https://broker.actions.githubusercontent.com/"
}
[2026-08-26 21:24:45Z INFO BrokerMessageListener] Loading Credentials
[2026-08-26 21:24:45Z INFO ConfigurationStore] HasCredentials()
[2026-08-26 21:24:45Z INFO ConfigurationStore] stored True
[2026-08-26 21:24:45Z INFO CredentialManager] GetCredentialProvider
[2026-08-26 21:24:45Z INFO CredentialManager] Creating type OAuth
[2026-08-26 21:24:45Z INFO CredentialManager] Creating credential type: OAuth
[2026-08-26 21:24:45Z INFO HostContext] Well known directory 'Bin': 'D:\actions-runner\bin'
[2026-08-26 21:24:45Z INFO HostContext] Well known directory 'Root': 'D:\actions-runner'
[2026-08-26 21:24:45Z INFO HostContext] Well known config file 'RSACredentials': 'D:\actions-runner\.credentials_rsaparams'
[2026-08-26 21:24:45Z INFO RSAEncryptedFileKeyManager] Loading RSA key parameters from file D:\actions-runner\.credentials_rsaparams
[2026-08-26 21:24:45Z INFO BrokerMessageListener] Attempt to create session.
[2026-08-26 21:24:45Z INFO BrokerMessageListener] Connecting to the Broker Server...
[2026-08-26 21:24:45Z INFO ConfigurationStore] HasCredentials()
[2026-08-26 21:24:45Z INFO ConfigurationStore] stored True
[2026-08-26 21:24:45Z INFO CredentialManager] GetCredentialProvider
[2026-08-26 21:24:45Z INFO CredentialManager] Creating type OAuth
[2026-08-26 21:24:45Z INFO CredentialManager] Creating credential type: OAuth
[2026-08-26 21:24:45Z INFO RSAEncryptedFileKeyManager] Loading RSA key parameters from file D:\actions-runner\.credentials_rsaparams
[2026-08-26 21:24:45Z INFO BrokerMessageListener] VssConnection created
[2026-08-26 21:24:45Z INFO BrokerMessageListener] Connecting to the Runner server...
[2026-08-26 21:24:45Z INFO RunnerServer] EstablishVssConnection
[2026-08-26 21:24:45Z INFO RunnerServer] Establish connection with 100 seconds timeout.
[2026-08-26 21:24:45Z INFO GitHubActionsService] Starting operation Location.GetConnectionData
[2026-08-26 21:24:45Z INFO RunnerServer] EstablishVssConnection
[2026-08-26 21:24:45Z INFO RunnerServer] Establish connection with 60 seconds timeout.
[2026-08-26 21:24:45Z INFO GitHubActionsService] Starting operation Location.GetConnectionData
[2026-08-26 21:24:45Z INFO RunnerServer] EstablishVssConnection
[2026-08-26 21:24:45Z INFO RunnerServer] Establish connection with 60 seconds timeout.
[2026-08-26 21:24:45Z INFO GitHubActionsService] Starting operation Location.GetConnectionData
[2026-08-26 21:24:45Z INFO GitHubActionsService] Finished operation Location.GetConnectionData
[2026-08-26 21:24:45Z INFO GitHubActionsService] Finished operation Location.GetConnectionData
[2026-08-26 21:24:45Z INFO GitHubActionsService] Finished operation Location.GetConnectionData
[2026-08-26 21:24:46Z INFO BrokerMessageListener] VssConnection created
[2026-08-26 21:24:46Z INFO Terminal] WRITE LINE: 
[2026-08-26 21:24:46Z INFO Terminal] WRITE LINE: 
[2026-08-26 21:24:46Z INFO RSAEncryptedFileKeyManager] Loading RSA key parameters from file D:\actions-runner\.credentials_rsaparams
[2026-08-26 21:24:46Z INFO RSAEncryptedFileKeyManager] Loading RSA key parameters from file D:\actions-runner\.credentials_rsaparams
[2026-08-26 21:24:46Z INFO GitHubActionsService] AAD Correlation ID for this token request: Unknown
[2026-08-26 21:24:46Z INFO BrokerMessageListener] Session created.
[2026-08-26 21:24:46Z INFO Terminal] WRITE LINE: Current runner version: '2.336.0'
[2026-08-26 21:24:46Z INFO Terminal] WRITE LINE: 2026-08-26 21:24:46Z: Listening for Jobs
[2026-08-26 21:24:46Z INFO JobDispatcher] Set runner/worker IPC timeout to 30 seconds.
[2026-08-26 21:33:18Z INFO BrokerMessageListener] Acknowledging runner request 'e79a86be-585a-5d01-9088-29a78b003eef'.
[2026-08-26 21:33:18Z INFO ConfigurationStore] HasCredentials()
[2026-08-26 21:33:18Z INFO ConfigurationStore] stored True
[2026-08-26 21:33:18Z INFO CredentialManager] GetCredentialProvider
[2026-08-26 21:33:18Z INFO CredentialManager] Creating type OAuth
[2026-08-26 21:33:18Z INFO CredentialManager] Creating credential type: OAuth
[2026-08-26 21:33:18Z INFO RSAEncryptedFileKeyManager] Loading RSA key parameters from file D:\actions-runner\.credentials_rsaparams
[2026-08-26 21:33:18Z INFO RSAEncryptedFileKeyManager] Loading RSA key parameters from file D:\actions-runner\.credentials_rsaparams
[2026-08-26 21:33:18Z INFO RSAEncryptedFileKeyManager] Loading RSA key parameters from file D:\actions-runner\.credentials_rsaparams
[2026-08-26 21:33:19Z INFO GitHubActionsService] AAD Correlation ID for this token request: Unknown
[2026-08-26 21:33:19Z INFO JobDispatcher] Job request 0 for plan 9180c0c2-0b76-48f4-8f0b-dc7f357fd0fe job e79a86be-585a-5d01-9088-29a78b003eef received.
[2026-08-26 21:33:19Z INFO JobDispatcher] Pull OrchestrationId 9180c0c2-0b76-48f4-8f0b-dc7f357fd0fe.deploy.__default from JWT claims
[2026-08-26 21:33:19Z INFO BrokerMessageListener] Received job status event. JobState: Busy
[2026-08-26 21:33:19Z INFO BrokerMessageListener] _getMessagesTokenSource is already disposed.
[2026-08-26 21:33:19Z INFO Terminal] WRITE LINE: 2026-08-26 21:33:19Z: Running job: deploy
[2026-08-26 21:33:19Z INFO JobDispatcher] Start renew job request 0 for job e79a86be-585a-5d01-9088-29a78b003eef.
[2026-08-26 21:33:20Z INFO JobDispatcher] Successfully renew job e79a86be-585a-5d01-9088-29a78b003eef, job is valid till 26/08/2026 09:43:07 p. m.
[2026-08-26 21:33:20Z INFO HostContext] Well known directory 'Bin': 'D:\actions-runner\bin'
[2026-08-26 21:33:20Z INFO ProcessInvokerWrapper] Starting process:
[2026-08-26 21:33:20Z INFO ProcessInvokerWrapper]   File name: 'D:\actions-runner\bin\Runner.Worker.exe'
[2026-08-26 21:33:20Z INFO ProcessInvokerWrapper]   Arguments: 'spawnclient 1748 1552'
[2026-08-26 21:33:20Z INFO ProcessInvokerWrapper]   Working directory: 'D:\actions-runner\bin'
[2026-08-26 21:33:20Z INFO ProcessInvokerWrapper]   Require exit code zero: 'False'
[2026-08-26 21:33:20Z INFO ProcessInvokerWrapper]   Encoding web name:  ; code page: ''
[2026-08-26 21:33:20Z INFO ProcessInvokerWrapper]   Force kill process on cancellation: 'True'
[2026-08-26 21:33:20Z INFO ProcessInvokerWrapper]   Redirected STDIN: 'False'
[2026-08-26 21:33:20Z INFO ProcessInvokerWrapper]   Persist current code page: 'False'
[2026-08-26 21:33:20Z INFO ProcessInvokerWrapper]   Keep redirected STDIN open: 'False'
[2026-08-26 21:33:20Z INFO ProcessInvokerWrapper]   High priority process: 'True'
[2026-08-26 21:33:20Z INFO ProcessInvokerWrapper] Process started with process id 14984, waiting for process exit.
[2026-08-26 21:33:20Z INFO JobDispatcher] Send job request message to worker for job e79a86be-585a-5d01-9088-29a78b003eef.
[2026-08-26 21:33:20Z INFO ProcessChannel] Sending message of length 23791, with hash 'd1b679efb1a799d8cad24ad41e7800841bbdf4bdf7c40ca9e8a71c2c0a5518c2'
[2026-08-26 21:33:20Z INFO JobNotification] Entering JobStarted Notification
[2026-08-26 21:33:20Z INFO JobNotification] Entering StartMonitor
[2026-08-26 21:33:57Z INFO ProcessInvokerWrapper] STDOUT/STDERR stream read finished.
[2026-08-26 21:33:57Z INFO ProcessInvokerWrapper] STDOUT/STDERR stream read finished.
[2026-08-26 21:33:57Z INFO ProcessInvokerWrapper] Finished process 14984 with exit code 100, and elapsed time 00:00:37.0334860.
[2026-08-26 21:33:57Z INFO JobDispatcher] Worker finished for job e79a86be-585a-5d01-9088-29a78b003eef. Code: 100
[2026-08-26 21:33:57Z INFO JobDispatcher] finish job request for job e79a86be-585a-5d01-9088-29a78b003eef with result: Succeeded
[2026-08-26 21:33:57Z INFO Terminal] WRITE LINE: 2026-08-26 21:33:57Z: Job deploy completed with result: Succeeded
[2026-08-26 21:33:57Z INFO JobDispatcher] Stop renew job request for job e79a86be-585a-5d01-9088-29a78b003eef.
[2026-08-26 21:33:57Z INFO JobDispatcher] job renew has been cancelled, stop renew job e79a86be-585a-5d01-9088-29a78b003eef.
[2026-08-26 21:33:57Z INFO JobNotification] Entering JobCompleted Notification
[2026-08-26 21:33:57Z INFO JobNotification] Entering EndMonitor
[2026-08-26 21:33:57Z INFO BrokerMessageListener] Received job status event. JobState: Online
[2026-08-26 21:33:57Z WARN GitHubActionsService] GET request to https://broker.actions.githubusercontent.com/message?sessionId=9834f623-5e15-4295-a190-a3c30c38b9d0&status=Busy&runnerVersion=2.336.0&os=Windows&architecture=X64&disableUpdate=false has been cancelled.
[2026-08-26 21:33:57Z ERR  BrokerServer] Catch exception during request
[2026-08-26 21:33:57Z ERR  BrokerServer] System.Threading.Tasks.TaskCanceledException: The operation was canceled.
 ---> System.Threading.Tasks.TaskCanceledException: The operation was canceled.
 ---> System.IO.IOException: Unable to read data from the transport connection: La operación de E/S se anuló por una salida de subproceso o por una solicitud de aplicación..
 ---> System.Net.Sockets.SocketException (995): La operación de E/S se anuló por una salida de subproceso o por una solicitud de aplicación.
   --- End of inner exception stack trace ---
   at System.Net.Sockets.Socket.AwaitableSocketAsyncEventArgs.ThrowException(SocketError error, CancellationToken cancellationToken)
   at System.Net.Sockets.Socket.AwaitableSocketAsyncEventArgs.System.Threading.Tasks.Sources.IValueTaskSource<System.Int32>.GetResult(Int16 token)
   at System.Net.Security.SslStream.EnsureFullTlsFrameAsync[TIOAdapter](CancellationToken cancellationToken, Int32 estimatedSize)
   at System.Runtime.CompilerServices.PoolingAsyncValueTaskMethodBuilder`1.StateMachineBox`1.System.Threading.Tasks.Sources.IValueTaskSource<TResult>.GetResult(Int16 token)
   at System.Net.Security.SslStream.ReadAsyncInternal[TIOAdapter](Memory`1 buffer, CancellationToken cancellationToken)
   at System.Runtime.CompilerServices.PoolingAsyncValueTaskMethodBuilder`1.StateMachineBox`1.System.Threading.Tasks.Sources.IValueTaskSource<TResult>.GetResult(Int16 token)
   at System.Net.Http.HttpConnection.SendAsync(HttpRequestMessage request, Boolean async, CancellationToken cancellationToken)
   --- End of inner exception stack trace ---
   at System.Net.Http.HttpConnection.SendAsync(HttpRequestMessage request, Boolean async, CancellationToken cancellationToken)
   at System.Net.Http.AuthenticationHelper.SendWithNtAuthAsync(HttpRequestMessage request, Uri authUri, Boolean async, ICredentials credentials, Boolean isProxyAuth, HttpConnection connection, HttpConnectionPool connectionPool, CancellationToken cancellationToken)
   at System.Net.Http.HttpConnectionPool.SendWithVersionDetectionAndRetryAsync(HttpRequestMessage request, Boolean async, Boolean doRequestAuth, CancellationToken cancellationToken)
   at System.Net.Http.AuthenticationHelper.SendWithAuthAsync(HttpRequestMessage request, Uri authUri, Boolean async, ICredentials credentials, Boolean preAuthenticate, Boolean isProxyAuth, Boolean doRequestAuth, HttpConnectionPool pool, CancellationToken cancellationToken)
   at System.Net.Http.RedirectHandler.SendAsync(HttpRequestMessage request, Boolean async, CancellationToken cancellationToken)
   at GitHub.Services.Common.RawHttpMessageHandler.SendAsync(HttpRequestMessage request, CancellationToken cancellationToken)
   at GitHub.Services.Common.VssHttpRetryMessageHandler.SendAsync(HttpRequestMessage request, CancellationToken cancellationToken)
   at System.Net.Http.HttpClient.<SendAsync>g__Core|83_0(HttpRequestMessage request, HttpCompletionOption completionOption, CancellationTokenSource cts, Boolean disposeCts, CancellationTokenSource pendingRequestsCts, CancellationToken originalCancellationToken)
   --- End of inner exception stack trace ---
   at System.Net.Http.HttpClient.HandleFailure(Exception e, Boolean telemetryStarted, HttpResponseMessage response, CancellationTokenSource cts, CancellationToken cancellationToken, CancellationTokenSource pendingRequestsCts)
   at System.Net.Http.HttpClient.<SendAsync>g__Core|83_0(HttpRequestMessage request, HttpCompletionOption completionOption, CancellationTokenSource cts, Boolean disposeCts, CancellationTokenSource pendingRequestsCts, CancellationToken originalCancellationToken)
   at Sdk.WebApi.WebApi.RawHttpClientBase.SendAsync(HttpRequestMessage message, HttpCompletionOption completionOption, Object userState, CancellationToken cancellationToken)
   at Sdk.WebApi.WebApi.RawHttpClientBase.SendAsync[T](HttpRequestMessage message, Boolean readErrorBody, Object userState, CancellationToken cancellationToken)
   at Sdk.WebApi.WebApi.RawHttpClientBase.SendAsync[T](HttpMethod method, IEnumerable`1 additionalHeaders, Uri requestUri, HttpContent content, IEnumerable`1 queryParameters, Boolean readErrorBody, Object userState, CancellationToken cancellationToken)
   at GitHub.Actions.RunService.WebApi.BrokerHttpClient.GetRunnerMessageAsync(Nullable`1 sessionId, String runnerVersion, Nullable`1 status, String os, String architecture, Nullable`1 disableUpdate, CancellationToken cancellationToken)
   at GitHub.Runner.Common.BrokerServer.<>c__DisplayClass7_0.<<GetRunnerMessageAsync>b__0>d.MoveNext()
--- End of stack trace from previous location ---
   at GitHub.Runner.Common.RunnerService.RetryRequest[T](Func`1 func, CancellationToken cancellationToken, Int32 maxAttempts, Func`2 shouldRetry)
[2026-08-26 21:33:57Z ERR  BrokerServer] #####################################################
[2026-08-26 21:33:57Z ERR  BrokerServer] System.Threading.Tasks.TaskCanceledException: The operation was canceled.
 ---> System.IO.IOException: Unable to read data from the transport connection: La operación de E/S se anuló por una salida de subproceso o por una solicitud de aplicación..
 ---> System.Net.Sockets.SocketException (995): La operación de E/S se anuló por una salida de subproceso o por una solicitud de aplicación.
   --- End of inner exception stack trace ---
   at System.Net.Sockets.Socket.AwaitableSocketAsyncEventArgs.ThrowException(SocketError error, CancellationToken cancellationToken)
   at System.Net.Sockets.Socket.AwaitableSocketAsyncEventArgs.System.Threading.Tasks.Sources.IValueTaskSource<System.Int32>.GetResult(Int16 token)
   at System.Net.Security.SslStream.EnsureFullTlsFrameAsync[TIOAdapter](CancellationToken cancellationToken, Int32 estimatedSize)
   at System.Runtime.CompilerServices.PoolingAsyncValueTaskMethodBuilder`1.StateMachineBox`1.System.Threading.Tasks.Sources.IValueTaskSource<TResult>.GetResult(Int16 token)
   at System.Net.Security.SslStream.ReadAsyncInternal[TIOAdapter](Memory`1 buffer, CancellationToken cancellationToken)
   at System.Runtime.CompilerServices.PoolingAsyncValueTaskMethodBuilder`1.StateMachineBox`1.System.Threading.Tasks.Sources.IValueTaskSource<TResult>.GetResult(Int16 token)
   at System.Net.Http.HttpConnection.SendAsync(HttpRequestMessage request, Boolean async, CancellationToken cancellationToken)
   --- End of inner exception stack trace ---
   at System.Net.Http.HttpConnection.SendAsync(HttpRequestMessage request, Boolean async, CancellationToken cancellationToken)
   at System.Net.Http.AuthenticationHelper.SendWithNtAuthAsync(HttpRequestMessage request, Uri authUri, Boolean async, ICredentials credentials, Boolean isProxyAuth, HttpConnection connection, HttpConnectionPool connectionPool, CancellationToken cancellationToken)
   at System.Net.Http.HttpConnectionPool.SendWithVersionDetectionAndRetryAsync(HttpRequestMessage request, Boolean async, Boolean doRequestAuth, CancellationToken cancellationToken)
   at System.Net.Http.AuthenticationHelper.SendWithAuthAsync(HttpRequestMessage request, Uri authUri, Boolean async, ICredentials credentials, Boolean preAuthenticate, Boolean isProxyAuth, Boolean doRequestAuth, HttpConnectionPool pool, CancellationToken cancellationToken)
   at System.Net.Http.RedirectHandler.SendAsync(HttpRequestMessage request, Boolean async, CancellationToken cancellationToken)
   at GitHub.Services.Common.RawHttpMessageHandler.SendAsync(HttpRequestMessage request, CancellationToken cancellationToken)
   at GitHub.Services.Common.VssHttpRetryMessageHandler.SendAsync(HttpRequestMessage request, CancellationToken cancellationToken)
   at System.Net.Http.HttpClient.<SendAsync>g__Core|83_0(HttpRequestMessage request, HttpCompletionOption completionOption, CancellationTokenSource cts, Boolean disposeCts, CancellationTokenSource pendingRequestsCts, CancellationToken originalCancellationToken)
[2026-08-26 21:33:57Z ERR  BrokerServer] #####################################################
[2026-08-26 21:33:57Z ERR  BrokerServer] System.IO.IOException: Unable to read data from the transport connection: La operación de E/S se anuló por una salida de subproceso o por una solicitud de aplicación..
 ---> System.Net.Sockets.SocketException (995): La operación de E/S se anuló por una salida de subproceso o por una solicitud de aplicación.
   --- End of inner exception stack trace ---
   at System.Net.Sockets.Socket.AwaitableSocketAsyncEventArgs.ThrowException(SocketError error, CancellationToken cancellationToken)
   at System.Net.Sockets.Socket.AwaitableSocketAsyncEventArgs.System.Threading.Tasks.Sources.IValueTaskSource<System.Int32>.GetResult(Int16 token)
   at System.Net.Security.SslStream.EnsureFullTlsFrameAsync[TIOAdapter](CancellationToken cancellationToken, Int32 estimatedSize)
   at System.Runtime.CompilerServices.PoolingAsyncValueTaskMethodBuilder`1.StateMachineBox`1.System.Threading.Tasks.Sources.IValueTaskSource<TResult>.GetResult(Int16 token)
   at System.Net.Security.SslStream.ReadAsyncInternal[TIOAdapter](Memory`1 buffer, CancellationToken cancellationToken)
   at System.Runtime.CompilerServices.PoolingAsyncValueTaskMethodBuilder`1.StateMachineBox`1.System.Threading.Tasks.Sources.IValueTaskSource<TResult>.GetResult(Int16 token)
   at System.Net.Http.HttpConnection.SendAsync(HttpRequestMessage request, Boolean async, CancellationToken cancellationToken)
[2026-08-26 21:33:57Z ERR  BrokerServer] #####################################################
[2026-08-26 21:33:57Z ERR  BrokerServer] System.Net.Sockets.SocketException (995): La operación de E/S se anuló por una salida de subproceso o por una solicitud de aplicación.
[2026-08-26 21:33:57Z WARN BrokerServer] Back off 5.592 seconds before next retry. 4 attempt left.
[2026-08-26 21:33:57Z INFO BrokerMessageListener] Get messages has been cancelled using local token source. Continue to get messages with new status.
[2026-08-27 00:14:43Z WARN GitHubActionsService] GET request to https://broker.actions.githubusercontent.com/message?sessionId=9834f623-5e15-4295-a190-a3c30c38b9d0&status=Online&runnerVersion=2.336.0&os=Windows&architecture=X64&disableUpdate=false timed out after 100 seconds.
[2026-08-27 00:14:43Z ERR  BrokerServer] Catch exception during request
[2026-08-27 00:14:43Z ERR  BrokerServer] System.TimeoutException: The HTTP request timed out after 00:01:40.
 ---> System.Threading.Tasks.TaskCanceledException: The operation was canceled.
 ---> System.IO.IOException: Unable to read data from the transport connection: La operación de E/S se anuló por una salida de subproceso o por una solicitud de aplicación..
 ---> System.Net.Sockets.SocketException (995): La operación de E/S se anuló por una salida de subproceso o por una solicitud de aplicación.
   --- End of inner exception stack trace ---
   at System.Net.Sockets.Socket.AwaitableSocketAsyncEventArgs.ThrowException(SocketError error, CancellationToken cancellationToken)
   at System.Net.Sockets.Socket.AwaitableSocketAsyncEventArgs.System.Threading.Tasks.Sources.IValueTaskSource<System.Int32>.GetResult(Int16 token)
   at System.Net.Security.SslStream.EnsureFullTlsFrameAsync[TIOAdapter](CancellationToken cancellationToken, Int32 estimatedSize)
   at System.Runtime.CompilerServices.PoolingAsyncValueTaskMethodBuilder`1.StateMachineBox`1.System.Threading.Tasks.Sources.IValueTaskSource<TResult>.GetResult(Int16 token)
   at System.Net.Security.SslStream.ReadAsyncInternal[TIOAdapter](Memory`1 buffer, CancellationToken cancellationToken)
   at System.Runtime.CompilerServices.PoolingAsyncValueTaskMethodBuilder`1.StateMachineBox`1.System.Threading.Tasks.Sources.IValueTaskSource<TResult>.GetResult(Int16 token)
   at System.Net.Http.HttpConnection.SendAsync(HttpRequestMessage request, Boolean async, CancellationToken cancellationToken)
   --- End of inner exception stack trace ---
   at System.Net.Http.HttpConnection.SendAsync(HttpRequestMessage request, Boolean async, CancellationToken cancellationToken)
   at System.Net.Http.AuthenticationHelper.SendWithNtAuthAsync(HttpRequestMessage request, Uri authUri, Boolean async, ICredentials credentials, Boolean isProxyAuth, HttpConnection connection, HttpConnectionPool connectionPool, CancellationToken cancellationToken)
   at System.Net.Http.HttpConnectionPool.SendWithVersionDetectionAndRetryAsync(HttpRequestMessage request, Boolean async, Boolean doRequestAuth, CancellationToken cancellationToken)
   at System.Net.Http.AuthenticationHelper.SendWithAuthAsync(HttpRequestMessage request, Uri authUri, Boolean async, ICredentials credentials, Boolean preAuthenticate, Boolean isProxyAuth, Boolean doRequestAuth, HttpConnectionPool pool, CancellationToken cancellationToken)
   at System.Net.Http.RedirectHandler.SendAsync(HttpRequestMessage request, Boolean async, CancellationToken cancellationToken)
   at GitHub.Services.Common.RawHttpMessageHandler.SendAsync(HttpRequestMessage request, CancellationToken cancellationToken)
   --- End of inner exception stack trace ---
   at GitHub.Services.Common.RawHttpMessageHandler.SendAsync(HttpRequestMessage request, CancellationToken cancellationToken)
   at GitHub.Services.Common.VssHttpRetryMessageHandler.SendAsync(HttpRequestMessage request, CancellationToken cancellationToken)
   at System.Net.Http.HttpClient.<SendAsync>g__Core|83_0(HttpRequestMessage request, HttpCompletionOption completionOption, CancellationTokenSource cts, Boolean disposeCts, CancellationTokenSource pendingRequestsCts, CancellationToken originalCancellationToken)
   at Sdk.WebApi.WebApi.RawHttpClientBase.SendAsync(HttpRequestMessage message, HttpCompletionOption completionOption, Object userState, CancellationToken cancellationToken)
   at Sdk.WebApi.WebApi.RawHttpClientBase.SendAsync[T](HttpRequestMessage message, Boolean readErrorBody, Object userState, CancellationToken cancellationToken)
   at Sdk.WebApi.WebApi.RawHttpClientBase.SendAsync[T](HttpMethod method, IEnumerable`1 additionalHeaders, Uri requestUri, HttpContent content, IEnumerable`1 queryParameters, Boolean readErrorBody, Object userState, CancellationToken cancellationToken)
   at GitHub.Actions.RunService.WebApi.BrokerHttpClient.GetRunnerMessageAsync(Nullable`1 sessionId, String runnerVersion, Nullable`1 status, String os, String architecture, Nullable`1 disableUpdate, CancellationToken cancellationToken)
   at GitHub.Runner.Common.BrokerServer.<>c__DisplayClass7_0.<<GetRunnerMessageAsync>b__0>d.MoveNext()
--- End of stack trace from previous location ---
   at GitHub.Runner.Common.RunnerService.RetryRequest[T](Func`1 func, CancellationToken cancellationToken, Int32 maxAttempts, Func`2 shouldRetry)
[2026-08-27 00:14:43Z ERR  BrokerServer] #####################################################
[2026-08-27 00:14:43Z ERR  BrokerServer] System.Threading.Tasks.TaskCanceledException: The operation was canceled.
 ---> System.IO.IOException: Unable to read data from the transport connection: La operación de E/S se anuló por una salida de subproceso o por una solicitud de aplicación..
 ---> System.Net.Sockets.SocketException (995): La operación de E/S se anuló por una salida de subproceso o por una solicitud de aplicación.
   --- End of inner exception stack trace ---
   at System.Net.Sockets.Socket.AwaitableSocketAsyncEventArgs.ThrowException(SocketError error, CancellationToken cancellationToken)
   at System.Net.Sockets.Socket.AwaitableSocketAsyncEventArgs.System.Threading.Tasks.Sources.IValueTaskSource<System.Int32>.GetResult(Int16 token)
   at System.Net.Security.SslStream.EnsureFullTlsFrameAsync[TIOAdapter](CancellationToken cancellationToken, Int32 estimatedSize)
   at System.Runtime.CompilerServices.PoolingAsyncValueTaskMethodBuilder`1.StateMachineBox`1.System.Threading.Tasks.Sources.IValueTaskSource<TResult>.GetResult(Int16 token)
   at System.Net.Security.SslStream.ReadAsyncInternal[TIOAdapter](Memory`1 buffer, CancellationToken cancellationToken)
   at System.Runtime.CompilerServices.PoolingAsyncValueTaskMethodBuilder`1.StateMachineBox`1.System.Threading.Tasks.Sources.IValueTaskSource<TResult>.GetResult(Int16 token)
   at System.Net.Http.HttpConnection.SendAsync(HttpRequestMessage request, Boolean async, CancellationToken cancellationToken)
   --- End of inner exception stack trace ---
   at System.Net.Http.HttpConnection.SendAsync(HttpRequestMessage request, Boolean async, CancellationToken cancellationToken)
   at System.Net.Http.AuthenticationHelper.SendWithNtAuthAsync(HttpRequestMessage request, Uri authUri, Boolean async, ICredentials credentials, Boolean isProxyAuth, HttpConnection connection, HttpConnectionPool connectionPool, CancellationToken cancellationToken)
   at System.Net.Http.HttpConnectionPool.SendWithVersionDetectionAndRetryAsync(HttpRequestMessage request, Boolean async, Boolean doRequestAuth, CancellationToken cancellationToken)
   at System.Net.Http.AuthenticationHelper.SendWithAuthAsync(HttpRequestMessage request, Uri authUri, Boolean async, ICredentials credentials, Boolean preAuthenticate, Boolean isProxyAuth, Boolean doRequestAuth, HttpConnectionPool pool, CancellationToken cancellationToken)
   at System.Net.Http.RedirectHandler.SendAsync(HttpRequestMessage request, Boolean async, CancellationToken cancellationToken)
   at GitHub.Services.Common.RawHttpMessageHandler.SendAsync(HttpRequestMessage request, CancellationToken cancellationToken)
[2026-08-27 00:14:43Z ERR  BrokerServer] #####################################################
[2026-08-27 00:14:43Z ERR  BrokerServer] System.IO.IOException: Unable to read data from the transport connection: La operación de E/S se anuló por una salida de subproceso o por una solicitud de aplicación..
 ---> System.Net.Sockets.SocketException (995): La operación de E/S se anuló por una salida de subproceso o por una solicitud de aplicación.
   --- End of inner exception stack trace ---
   at System.Net.Sockets.Socket.AwaitableSocketAsyncEventArgs.ThrowException(SocketError error, CancellationToken cancellationToken)
   at System.Net.Sockets.Socket.AwaitableSocketAsyncEventArgs.System.Threading.Tasks.Sources.IValueTaskSource<System.Int32>.GetResult(Int16 token)
   at System.Net.Security.SslStream.EnsureFullTlsFrameAsync[TIOAdapter](CancellationToken cancellationToken, Int32 estimatedSize)
   at System.Runtime.CompilerServices.PoolingAsyncValueTaskMethodBuilder`1.StateMachineBox`1.System.Threading.Tasks.Sources.IValueTaskSource<TResult>.GetResult(Int16 token)
   at System.Net.Security.SslStream.ReadAsyncInternal[TIOAdapter](Memory`1 buffer, CancellationToken cancellationToken)
   at System.Runtime.CompilerServices.PoolingAsyncValueTaskMethodBuilder`1.StateMachineBox`1.System.Threading.Tasks.Sources.IValueTaskSource<TResult>.GetResult(Int16 token)
   at System.Net.Http.HttpConnection.SendAsync(HttpRequestMessage request, Boolean async, CancellationToken cancellationToken)
[2026-08-27 00:14:43Z ERR  BrokerServer] #####################################################
[2026-08-27 00:14:43Z ERR  BrokerServer] System.Net.Sockets.SocketException (995): La operación de E/S se anuló por una salida de subproceso o por una solicitud de aplicación.
[2026-08-27 00:14:43Z WARN BrokerServer] Back off 6.5 seconds before next retry. 4 attempt left.
[2026-08-27 00:14:50Z INFO RSAEncryptedFileKeyManager] Loading RSA key parameters from file D:\actions-runner\.credentials_rsaparams
[2026-08-27 00:14:50Z INFO GitHubActionsService] AAD Correlation ID for this token request: Unknown
[2026-08-27 00:59:14Z INFO BrokerMessageListener] Acknowledging runner request 'd1d76074-144b-505c-924d-b354b00abe63'.
[2026-08-27 00:59:14Z INFO ConfigurationStore] HasCredentials()
[2026-08-27 00:59:14Z INFO ConfigurationStore] stored True
[2026-08-27 00:59:14Z INFO CredentialManager] GetCredentialProvider
[2026-08-27 00:59:14Z INFO CredentialManager] Creating type OAuth
[2026-08-27 00:59:14Z INFO CredentialManager] Creating credential type: OAuth
[2026-08-27 00:59:14Z INFO RSAEncryptedFileKeyManager] Loading RSA key parameters from file D:\actions-runner\.credentials_rsaparams
[2026-08-27 00:59:14Z INFO RSAEncryptedFileKeyManager] Loading RSA key parameters from file D:\actions-runner\.credentials_rsaparams
[2026-08-27 00:59:14Z INFO RSAEncryptedFileKeyManager] Loading RSA key parameters from file D:\actions-runner\.credentials_rsaparams
[2026-08-27 00:59:14Z INFO GitHubActionsService] AAD Correlation ID for this token request: Unknown
[2026-08-27 00:59:15Z INFO JobDispatcher] Job request 0 for plan 06b7b41f-0261-4e13-8b84-137b3797d73b job d1d76074-144b-505c-924d-b354b00abe63 received.
[2026-08-27 00:59:15Z INFO JobDispatcher] Pull OrchestrationId 06b7b41f-0261-4e13-8b84-137b3797d73b.deploy.__default from JWT claims
[2026-08-27 00:59:15Z INFO BrokerMessageListener] Received job status event. JobState: Busy
[2026-08-27 00:59:15Z INFO BrokerMessageListener] _getMessagesTokenSource is already disposed.
[2026-08-27 00:59:15Z INFO JobDispatcher] Job request e79a86be-585a-5d01-9088-29a78b003eef processed succeed.
[2026-08-27 00:59:15Z INFO Terminal] WRITE LINE: 2026-08-27 00:59:15Z: Running job: deploy
[2026-08-27 00:59:15Z INFO JobDispatcher] Start renew job request 0 for job d1d76074-144b-505c-924d-b354b00abe63.
[2026-08-27 00:59:15Z INFO JobDispatcher] Successfully renew job d1d76074-144b-505c-924d-b354b00abe63, job is valid till 27/08/2026 01:09:03 a. m.
[2026-08-27 00:59:15Z INFO HostContext] Well known directory 'Bin': 'D:\actions-runner\bin'
[2026-08-27 00:59:15Z INFO ProcessInvokerWrapper] Starting process:
[2026-08-27 00:59:15Z INFO ProcessInvokerWrapper]   File name: 'D:\actions-runner\bin\Runner.Worker.exe'
[2026-08-27 00:59:15Z INFO ProcessInvokerWrapper]   Arguments: 'spawnclient 2680 2692'
[2026-08-27 00:59:15Z INFO ProcessInvokerWrapper]   Working directory: 'D:\actions-runner\bin'
[2026-08-27 00:59:15Z INFO ProcessInvokerWrapper]   Require exit code zero: 'False'
[2026-08-27 00:59:15Z INFO ProcessInvokerWrapper]   Encoding web name:  ; code page: ''
[2026-08-27 00:59:15Z INFO ProcessInvokerWrapper]   Force kill process on cancellation: 'True'
[2026-08-27 00:59:15Z INFO ProcessInvokerWrapper]   Redirected STDIN: 'False'
[2026-08-27 00:59:15Z INFO ProcessInvokerWrapper]   Persist current code page: 'False'
[2026-08-27 00:59:15Z INFO ProcessInvokerWrapper]   Keep redirected STDIN open: 'False'
[2026-08-27 00:59:15Z INFO ProcessInvokerWrapper]   High priority process: 'True'
[2026-08-27 00:59:16Z INFO ProcessInvokerWrapper] Process started with process id 3796, waiting for process exit.
[2026-08-27 00:59:16Z INFO JobDispatcher] Send job request message to worker for job d1d76074-144b-505c-924d-b354b00abe63.
[2026-08-27 00:59:16Z INFO ProcessChannel] Sending message of length 23823, with hash 'beb9abcfe6554819b57acf3e9cd851eb2047adca81e655ad6146a3b06a2d8c3a'
[2026-08-27 00:59:21Z INFO JobNotification] Entering JobStarted Notification
[2026-08-27 00:59:21Z INFO JobNotification] Entering StartMonitor
[2026-08-27 01:00:10Z INFO ProcessInvokerWrapper] STDOUT/STDERR stream read finished.
[2026-08-27 01:00:10Z INFO ProcessInvokerWrapper] STDOUT/STDERR stream read finished.
[2026-08-27 01:00:10Z INFO ProcessInvokerWrapper] Finished process 3796 with exit code 100, and elapsed time 00:00:54.6506947.
[2026-08-27 01:00:10Z INFO JobDispatcher] Worker finished for job d1d76074-144b-505c-924d-b354b00abe63. Code: 100
[2026-08-27 01:00:10Z INFO JobDispatcher] finish job request for job d1d76074-144b-505c-924d-b354b00abe63 with result: Succeeded
[2026-08-27 01:00:10Z INFO Terminal] WRITE LINE: 2026-08-27 01:00:10Z: Job deploy completed with result: Succeeded
[2026-08-27 01:00:10Z INFO JobDispatcher] Stop renew job request for job d1d76074-144b-505c-924d-b354b00abe63.
[2026-08-27 01:00:10Z INFO JobDispatcher] job renew has been cancelled, stop renew job d1d76074-144b-505c-924d-b354b00abe63.
[2026-08-27 01:00:10Z INFO JobNotification] Entering JobCompleted Notification
[2026-08-27 01:00:10Z INFO JobNotification] Entering EndMonitor
[2026-08-27 01:00:10Z INFO BrokerMessageListener] Received job status event. JobState: Online
[2026-08-27 01:00:10Z WARN GitHubActionsService] GET request to https://broker.actions.githubusercontent.com/message?sessionId=9834f623-5e15-4295-a190-a3c30c38b9d0&status=Busy&runnerVersion=2.336.0&os=Windows&architecture=X64&disableUpdate=false has been cancelled.
[2026-08-27 01:00:10Z ERR  BrokerServer] Catch exception during request
[2026-08-27 01:00:10Z ERR  BrokerServer] System.Threading.Tasks.TaskCanceledException: The operation was canceled.
 ---> System.Threading.Tasks.TaskCanceledException: The operation was canceled.
 ---> System.IO.IOException: Unable to read data from the transport connection: La operación de E/S se anuló por una salida de subproceso o por una solicitud de aplicación..
 ---> System.Net.Sockets.SocketException (995): La operación de E/S se anuló por una salida de subproceso o por una solicitud de aplicación.
   --- End of inner exception stack trace ---
   at System.Net.Sockets.Socket.AwaitableSocketAsyncEventArgs.System.Threading.Tasks.Sources.IValueTaskSource<System.Int32>.GetResult(Int16 token)
   at System.Net.Security.SslStream.EnsureFullTlsFrameAsync[TIOAdapter](CancellationToken cancellationToken, Int32 estimatedSize)
   at System.Runtime.CompilerServices.PoolingAsyncValueTaskMethodBuilder`1.StateMachineBox`1.System.Threading.Tasks.Sources.IValueTaskSource<TResult>.GetResult(Int16 token)
   at System.Net.Security.SslStream.ReadAsyncInternal[TIOAdapter](Memory`1 buffer, CancellationToken cancellationToken)
   at System.Runtime.CompilerServices.PoolingAsyncValueTaskMethodBuilder`1.StateMachineBox`1.System.Threading.Tasks.Sources.IValueTaskSource<TResult>.GetResult(Int16 token)
   at System.Net.Http.HttpConnection.SendAsync(HttpRequestMessage request, Boolean async, CancellationToken cancellationToken)
   --- End of inner exception stack trace ---
   at System.Net.Http.HttpConnection.SendAsync(HttpRequestMessage request, Boolean async, CancellationToken cancellationToken)
   at System.Net.Http.AuthenticationHelper.SendWithNtAuthAsync(HttpRequestMessage request, Uri authUri, Boolean async, ICredentials credentials, Boolean isProxyAuth, HttpConnection connection, HttpConnectionPool connectionPool, CancellationToken cancellationToken)
   at System.Net.Http.HttpConnectionPool.SendWithVersionDetectionAndRetryAsync(HttpRequestMessage request, Boolean async, Boolean doRequestAuth, CancellationToken cancellationToken)
   at System.Net.Http.AuthenticationHelper.SendWithAuthAsync(HttpRequestMessage request, Uri authUri, Boolean async, ICredentials credentials, Boolean preAuthenticate, Boolean isProxyAuth, Boolean doRequestAuth, HttpConnectionPool pool, CancellationToken cancellationToken)
   at System.Net.Http.RedirectHandler.SendAsync(HttpRequestMessage request, Boolean async, CancellationToken cancellationToken)
   at GitHub.Services.Common.RawHttpMessageHandler.SendAsync(HttpRequestMessage request, CancellationToken cancellationToken)
   at GitHub.Services.Common.VssHttpRetryMessageHandler.SendAsync(HttpRequestMessage request, CancellationToken cancellationToken)
   at System.Net.Http.HttpClient.<SendAsync>g__Core|83_0(HttpRequestMessage request, HttpCompletionOption completionOption, CancellationTokenSource cts, Boolean disposeCts, CancellationTokenSource pendingRequestsCts, CancellationToken originalCancellationToken)
   --- End of inner exception stack trace ---
   at System.Net.Http.HttpClient.HandleFailure(Exception e, Boolean telemetryStarted, HttpResponseMessage response, CancellationTokenSource cts, CancellationToken cancellationToken, CancellationTokenSource pendingRequestsCts)
   at System.Net.Http.HttpClient.<SendAsync>g__Core|83_0(HttpRequestMessage request, HttpCompletionOption completionOption, CancellationTokenSource cts, Boolean disposeCts, CancellationTokenSource pendingRequestsCts, CancellationToken originalCancellationToken)
   at Sdk.WebApi.WebApi.RawHttpClientBase.SendAsync(HttpRequestMessage message, HttpCompletionOption completionOption, Object userState, CancellationToken cancellationToken)
   at Sdk.WebApi.WebApi.RawHttpClientBase.SendAsync[T](HttpRequestMessage message, Boolean readErrorBody, Object userState, CancellationToken cancellationToken)
   at Sdk.WebApi.WebApi.RawHttpClientBase.SendAsync[T](HttpMethod method, IEnumerable`1 additionalHeaders, Uri requestUri, HttpContent content, IEnumerable`1 queryParameters, Boolean readErrorBody, Object userState, CancellationToken cancellationToken)
   at GitHub.Actions.RunService.WebApi.BrokerHttpClient.GetRunnerMessageAsync(Nullable`1 sessionId, String runnerVersion, Nullable`1 status, String os, String architecture, Nullable`1 disableUpdate, CancellationToken cancellationToken)
   at GitHub.Runner.Common.BrokerServer.<>c__DisplayClass7_0.<<GetRunnerMessageAsync>b__0>d.MoveNext()
--- End of stack trace from previous location ---
   at GitHub.Runner.Common.RunnerService.RetryRequest[T](Func`1 func, CancellationToken cancellationToken, Int32 maxAttempts, Func`2 shouldRetry)
[2026-08-27 01:00:10Z ERR  BrokerServer] #####################################################
[2026-08-27 01:00:10Z ERR  BrokerServer] System.Threading.Tasks.TaskCanceledException: The operation was canceled.
 ---> System.IO.IOException: Unable to read data from the transport connection: La operación de E/S se anuló por una salida de subproceso o por una solicitud de aplicación..
 ---> System.Net.Sockets.SocketException (995): La operación de E/S se anuló por una salida de subproceso o por una solicitud de aplicación.
   --- End of inner exception stack trace ---
   at System.Net.Sockets.Socket.AwaitableSocketAsyncEventArgs.System.Threading.Tasks.Sources.IValueTaskSource<System.Int32>.GetResult(Int16 token)
   at System.Net.Security.SslStream.EnsureFullTlsFrameAsync[TIOAdapter](CancellationToken cancellationToken, Int32 estimatedSize)
   at System.Runtime.CompilerServices.PoolingAsyncValueTaskMethodBuilder`1.StateMachineBox`1.System.Threading.Tasks.Sources.IValueTaskSource<TResult>.GetResult(Int16 token)
   at System.Net.Security.SslStream.ReadAsyncInternal[TIOAdapter](Memory`1 buffer, CancellationToken cancellationToken)
   at System.Runtime.CompilerServices.PoolingAsyncValueTaskMethodBuilder`1.StateMachineBox`1.System.Threading.Tasks.Sources.IValueTaskSource<TResult>.GetResult(Int16 token)
   at System.Net.Http.HttpConnection.SendAsync(HttpRequestMessage request, Boolean async, CancellationToken cancellationToken)
   --- End of inner exception stack trace ---
   at System.Net.Http.HttpConnection.SendAsync(HttpRequestMessage request, Boolean async, CancellationToken cancellationToken)
   at System.Net.Http.AuthenticationHelper.SendWithNtAuthAsync(HttpRequestMessage request, Uri authUri, Boolean async, ICredentials credentials, Boolean isProxyAuth, HttpConnection connection, HttpConnectionPool connectionPool, CancellationToken cancellationToken)
   at System.Net.Http.HttpConnectionPool.SendWithVersionDetectionAndRetryAsync(HttpRequestMessage request, Boolean async, Boolean doRequestAuth, CancellationToken cancellationToken)
   at System.Net.Http.AuthenticationHelper.SendWithAuthAsync(HttpRequestMessage request, Uri authUri, Boolean async, ICredentials credentials, Boolean preAuthenticate, Boolean isProxyAuth, Boolean doRequestAuth, HttpConnectionPool pool, CancellationToken cancellationToken)
   at System.Net.Http.RedirectHandler.SendAsync(HttpRequestMessage request, Boolean async, CancellationToken cancellationToken)
   at GitHub.Services.Common.RawHttpMessageHandler.SendAsync(HttpRequestMessage request, CancellationToken cancellationToken)
   at GitHub.Services.Common.VssHttpRetryMessageHandler.SendAsync(HttpRequestMessage request, CancellationToken cancellationToken)
   at System.Net.Http.HttpClient.<SendAsync>g__Core|83_0(HttpRequestMessage request, HttpCompletionOption completionOption, CancellationTokenSource cts, Boolean disposeCts, CancellationTokenSource pendingRequestsCts, CancellationToken originalCancellationToken)
[2026-08-27 01:00:10Z ERR  BrokerServer] #####################################################
[2026-08-27 01:00:10Z ERR  BrokerServer] System.IO.IOException: Unable to read data from the transport connection: La operación de E/S se anuló por una salida de subproceso o por una solicitud de aplicación..
 ---> System.Net.Sockets.SocketException (995): La operación de E/S se anuló por una salida de subproceso o por una solicitud de aplicación.
   --- End of inner exception stack trace ---
   at System.Net.Sockets.Socket.AwaitableSocketAsyncEventArgs.System.Threading.Tasks.Sources.IValueTaskSource<System.Int32>.GetResult(Int16 token)
   at System.Net.Security.SslStream.EnsureFullTlsFrameAsync[TIOAdapter](CancellationToken cancellationToken, Int32 estimatedSize)
   at System.Runtime.CompilerServices.PoolingAsyncValueTaskMethodBuilder`1.StateMachineBox`1.System.Threading.Tasks.Sources.IValueTaskSource<TResult>.GetResult(Int16 token)
   at System.Net.Security.SslStream.ReadAsyncInternal[TIOAdapter](Memory`1 buffer, CancellationToken cancellationToken)
   at System.Runtime.CompilerServices.PoolingAsyncValueTaskMethodBuilder`1.StateMachineBox`1.System.Threading.Tasks.Sources.IValueTaskSource<TResult>.GetResult(Int16 token)
   at System.Net.Http.HttpConnection.SendAsync(HttpRequestMessage request, Boolean async, CancellationToken cancellationToken)
[2026-08-27 01:00:10Z ERR  BrokerServer] #####################################################
[2026-08-27 01:00:10Z ERR  BrokerServer] System.Net.Sockets.SocketException (995): La operación de E/S se anuló por una salida de subproceso o por una solicitud de aplicación.
[2026-08-27 01:00:10Z WARN BrokerServer] Back off 11.573 seconds before next retry. 4 attempt left.
[2026-08-27 01:00:10Z INFO BrokerMessageListener] Get messages has been cancelled using local token source. Continue to get messages with new status.
[2026-08-27 01:05:11Z INFO RSAEncryptedFileKeyManager] Loading RSA key parameters from file D:\actions-runner\.credentials_rsaparams
[2026-08-27 01:05:11Z INFO GitHubActionsService] AAD Correlation ID for this token request: Unknown
[2026-08-27 01:12:27Z INFO BrokerMessageListener] Acknowledging runner request '08115490-1331-5b7c-92be-52f130bc5fa5'.
[2026-08-27 01:12:27Z INFO ConfigurationStore] HasCredentials()
[2026-08-27 01:12:27Z INFO ConfigurationStore] stored True
[2026-08-27 01:12:27Z INFO CredentialManager] GetCredentialProvider
[2026-08-27 01:12:27Z INFO CredentialManager] Creating type OAuth
[2026-08-27 01:12:27Z INFO CredentialManager] Creating credential type: OAuth
[2026-08-27 01:12:27Z INFO RSAEncryptedFileKeyManager] Loading RSA key parameters from file D:\actions-runner\.credentials_rsaparams
[2026-08-27 01:12:27Z INFO RSAEncryptedFileKeyManager] Loading RSA key parameters from file D:\actions-runner\.credentials_rsaparams
[2026-08-27 01:12:27Z INFO RSAEncryptedFileKeyManager] Loading RSA key parameters from file D:\actions-runner\.credentials_rsaparams
[2026-08-27 01:12:28Z INFO GitHubActionsService] AAD Correlation ID for this token request: Unknown
[2026-08-27 01:12:28Z INFO JobDispatcher] Job request 0 for plan c1668322-7845-4dee-9a02-74ae6c6eee2c job 08115490-1331-5b7c-92be-52f130bc5fa5 received.
[2026-08-27 01:12:28Z INFO JobDispatcher] Pull OrchestrationId c1668322-7845-4dee-9a02-74ae6c6eee2c.deploy.__default from JWT claims
[2026-08-27 01:12:28Z INFO BrokerMessageListener] Received job status event. JobState: Busy
[2026-08-27 01:12:28Z INFO BrokerMessageListener] _getMessagesTokenSource is already disposed.
[2026-08-27 01:12:28Z INFO JobDispatcher] Job request d1d76074-144b-505c-924d-b354b00abe63 processed succeed.
[2026-08-27 01:12:28Z INFO Terminal] WRITE LINE: 2026-08-27 01:12:28Z: Running job: deploy
[2026-08-27 01:12:28Z INFO JobDispatcher] Start renew job request 0 for job 08115490-1331-5b7c-92be-52f130bc5fa5.
[2026-08-27 01:12:29Z INFO JobDispatcher] Successfully renew job 08115490-1331-5b7c-92be-52f130bc5fa5, job is valid till 27/08/2026 01:22:16 a. m.
[2026-08-27 01:12:29Z INFO HostContext] Well known directory 'Bin': 'D:\actions-runner\bin'
[2026-08-27 01:12:29Z INFO ProcessInvokerWrapper] Starting process:
[2026-08-27 01:12:29Z INFO ProcessInvokerWrapper]   File name: 'D:\actions-runner\bin\Runner.Worker.exe'
[2026-08-27 01:12:29Z INFO ProcessInvokerWrapper]   Arguments: 'spawnclient 2816 2828'
[2026-08-27 01:12:29Z INFO ProcessInvokerWrapper]   Working directory: 'D:\actions-runner\bin'
[2026-08-27 01:12:29Z INFO ProcessInvokerWrapper]   Require exit code zero: 'False'
[2026-08-27 01:12:29Z INFO ProcessInvokerWrapper]   Encoding web name:  ; code page: ''
[2026-08-27 01:12:29Z INFO ProcessInvokerWrapper]   Force kill process on cancellation: 'True'
[2026-08-27 01:12:29Z INFO ProcessInvokerWrapper]   Redirected STDIN: 'False'
[2026-08-27 01:12:29Z INFO ProcessInvokerWrapper]   Persist current code page: 'False'
[2026-08-27 01:12:29Z INFO ProcessInvokerWrapper]   Keep redirected STDIN open: 'False'
[2026-08-27 01:12:29Z INFO ProcessInvokerWrapper]   High priority process: 'True'
[2026-08-27 01:12:29Z INFO ProcessInvokerWrapper] Process started with process id 19496, waiting for process exit.
[2026-08-27 01:12:29Z INFO JobDispatcher] Send job request message to worker for job 08115490-1331-5b7c-92be-52f130bc5fa5.
[2026-08-27 01:12:29Z INFO ProcessChannel] Sending message of length 21884, with hash 'd3e5143b5cb8a10197260a814d926369dc6b0d1b6195bcbcfae2789fe06ad854'
[2026-08-27 01:12:29Z INFO JobNotification] Entering JobStarted Notification
[2026-08-27 01:12:29Z INFO JobNotification] Entering StartMonitor
[2026-08-27 01:13:06Z INFO ProcessInvokerWrapper] STDOUT/STDERR stream read finished.
[2026-08-27 01:13:06Z INFO ProcessInvokerWrapper] STDOUT/STDERR stream read finished.
[2026-08-27 01:13:06Z INFO ProcessInvokerWrapper] Finished process 19496 with exit code 100, and elapsed time 00:00:37.0289492.
[2026-08-27 01:13:06Z INFO JobDispatcher] Worker finished for job 08115490-1331-5b7c-92be-52f130bc5fa5. Code: 100
[2026-08-27 01:13:06Z INFO JobDispatcher] finish job request for job 08115490-1331-5b7c-92be-52f130bc5fa5 with result: Succeeded
[2026-08-27 01:13:06Z INFO Terminal] WRITE LINE: 2026-08-27 01:13:06Z: Job deploy completed with result: Succeeded
[2026-08-27 01:13:06Z INFO JobDispatcher] Stop renew job request for job 08115490-1331-5b7c-92be-52f130bc5fa5.
[2026-08-27 01:13:06Z INFO JobDispatcher] job renew has been cancelled, stop renew job 08115490-1331-5b7c-92be-52f130bc5fa5.
[2026-08-27 01:13:06Z INFO JobNotification] Entering JobCompleted Notification
[2026-08-27 01:13:06Z INFO JobNotification] Entering EndMonitor
[2026-08-27 01:13:06Z INFO BrokerMessageListener] Received job status event. JobState: Online
[2026-08-27 01:13:06Z WARN GitHubActionsService] GET request to https://broker.actions.githubusercontent.com/message?sessionId=9834f623-5e15-4295-a190-a3c30c38b9d0&status=Busy&runnerVersion=2.336.0&os=Windows&architecture=X64&disableUpdate=false has been cancelled.
[2026-08-27 01:13:06Z ERR  BrokerServer] Catch exception during request
[2026-08-27 01:13:06Z ERR  BrokerServer] System.Threading.Tasks.TaskCanceledException: The operation was canceled.
 ---> System.Threading.Tasks.TaskCanceledException: The operation was canceled.
 ---> System.IO.IOException: Unable to read data from the transport connection: La operación de E/S se anuló por una salida de subproceso o por una solicitud de aplicación..
 ---> System.Net.Sockets.SocketException (995): La operación de E/S se anuló por una salida de subproceso o por una solicitud de aplicación.
   --- End of inner exception stack trace ---
   at System.Net.Sockets.Socket.AwaitableSocketAsyncEventArgs.System.Threading.Tasks.Sources.IValueTaskSource<System.Int32>.GetResult(Int16 token)
   at System.Net.Security.SslStream.EnsureFullTlsFrameAsync[TIOAdapter](CancellationToken cancellationToken, Int32 estimatedSize)
   at System.Runtime.CompilerServices.PoolingAsyncValueTaskMethodBuilder`1.StateMachineBox`1.System.Threading.Tasks.Sources.IValueTaskSource<TResult>.GetResult(Int16 token)
   at System.Net.Security.SslStream.ReadAsyncInternal[TIOAdapter](Memory`1 buffer, CancellationToken cancellationToken)
   at System.Runtime.CompilerServices.PoolingAsyncValueTaskMethodBuilder`1.StateMachineBox`1.System.Threading.Tasks.Sources.IValueTaskSource<TResult>.GetResult(Int16 token)
   at System.Net.Http.HttpConnection.<EnsureReadAheadTaskHasStarted>g__ReadAheadWithZeroByteReadAsync|40_0()
   at System.Net.Http.HttpConnection.SendAsync(HttpRequestMessage request, Boolean async, CancellationToken cancellationToken)
   --- End of inner exception stack trace ---
   at System.Net.Http.HttpConnection.SendAsync(HttpRequestMessage request, Boolean async, CancellationToken cancellationToken)
   at System.Net.Http.AuthenticationHelper.SendWithNtAuthAsync(HttpRequestMessage request, Uri authUri, Boolean async, ICredentials credentials, Boolean isProxyAuth, HttpConnection connection, HttpConnectionPool connectionPool, CancellationToken cancellationToken)
   at System.Net.Http.HttpConnectionPool.SendWithVersionDetectionAndRetryAsync(HttpRequestMessage request, Boolean async, Boolean doRequestAuth, CancellationToken cancellationToken)
   at System.Net.Http.AuthenticationHelper.SendWithAuthAsync(HttpRequestMessage request, Uri authUri, Boolean async, ICredentials credentials, Boolean preAuthenticate, Boolean isProxyAuth, Boolean doRequestAuth, HttpConnectionPool pool, CancellationToken cancellationToken)
   at System.Net.Http.RedirectHandler.SendAsync(HttpRequestMessage request, Boolean async, CancellationToken cancellationToken)
   at GitHub.Services.Common.RawHttpMessageHandler.SendAsync(HttpRequestMessage request, CancellationToken cancellationToken)
   at GitHub.Services.Common.VssHttpRetryMessageHandler.SendAsync(HttpRequestMessage request, CancellationToken cancellationToken)
   at System.Net.Http.HttpClient.<SendAsync>g__Core|83_0(HttpRequestMessage request, HttpCompletionOption completionOption, CancellationTokenSource cts, Boolean disposeCts, CancellationTokenSource pendingRequestsCts, CancellationToken originalCancellationToken)
   --- End of inner exception stack trace ---
   at System.Net.Http.HttpClient.HandleFailure(Exception e, Boolean telemetryStarted, HttpResponseMessage response, CancellationTokenSource cts, CancellationToken cancellationToken, CancellationTokenSource pendingRequestsCts)
   at System.Net.Http.HttpClient.<SendAsync>g__Core|83_0(HttpRequestMessage request, HttpCompletionOption completionOption, CancellationTokenSource cts, Boolean disposeCts, CancellationTokenSource pendingRequestsCts, CancellationToken originalCancellationToken)
   at Sdk.WebApi.WebApi.RawHttpClientBase.SendAsync(HttpRequestMessage message, HttpCompletionOption completionOption, Object userState, CancellationToken cancellationToken)
   at Sdk.WebApi.WebApi.RawHttpClientBase.SendAsync[T](HttpRequestMessage message, Boolean readErrorBody, Object userState, CancellationToken cancellationToken)
   at Sdk.WebApi.WebApi.RawHttpClientBase.SendAsync[T](HttpMethod method, IEnumerable`1 additionalHeaders, Uri requestUri, HttpContent content, IEnumerable`1 queryParameters, Boolean readErrorBody, Object userState, CancellationToken cancellationToken)
   at GitHub.Actions.RunService.WebApi.BrokerHttpClient.GetRunnerMessageAsync(Nullable`1 sessionId, String runnerVersion, Nullable`1 status, String os, String architecture, Nullable`1 disableUpdate, CancellationToken cancellationToken)
   at GitHub.Runner.Common.BrokerServer.<>c__DisplayClass7_0.<<GetRunnerMessageAsync>b__0>d.MoveNext()
--- End of stack trace from previous location ---
   at GitHub.Runner.Common.RunnerService.RetryRequest[T](Func`1 func, CancellationToken cancellationToken, Int32 maxAttempts, Func`2 shouldRetry)
[2026-08-27 01:13:06Z ERR  BrokerServer] #####################################################
[2026-08-27 01:13:06Z ERR  BrokerServer] System.Threading.Tasks.TaskCanceledException: The operation was canceled.
 ---> System.IO.IOException: Unable to read data from the transport connection: La operación de E/S se anuló por una salida de subproceso o por una solicitud de aplicación..
 ---> System.Net.Sockets.SocketException (995): La operación de E/S se anuló por una salida de subproceso o por una solicitud de aplicación.
   --- End of inner exception stack trace ---
   at System.Net.Sockets.Socket.AwaitableSocketAsyncEventArgs.System.Threading.Tasks.Sources.IValueTaskSource<System.Int32>.GetResult(Int16 token)
   at System.Net.Security.SslStream.EnsureFullTlsFrameAsync[TIOAdapter](CancellationToken cancellationToken, Int32 estimatedSize)
   at System.Runtime.CompilerServices.PoolingAsyncValueTaskMethodBuilder`1.StateMachineBox`1.System.Threading.Tasks.Sources.IValueTaskSource<TResult>.GetResult(Int16 token)
   at System.Net.Security.SslStream.ReadAsyncInternal[TIOAdapter](Memory`1 buffer, CancellationToken cancellationToken)
   at System.Runtime.CompilerServices.PoolingAsyncValueTaskMethodBuilder`1.StateMachineBox`1.System.Threading.Tasks.Sources.IValueTaskSource<TResult>.GetResult(Int16 token)
   at System.Net.Http.HttpConnection.<EnsureReadAheadTaskHasStarted>g__ReadAheadWithZeroByteReadAsync|40_0()
   at System.Net.Http.HttpConnection.SendAsync(HttpRequestMessage request, Boolean async, CancellationToken cancellationToken)
   --- End of inner exception stack trace ---
   at System.Net.Http.HttpConnection.SendAsync(HttpRequestMessage request, Boolean async, CancellationToken cancellationToken)
   at System.Net.Http.AuthenticationHelper.SendWithNtAuthAsync(HttpRequestMessage request, Uri authUri, Boolean async, ICredentials credentials, Boolean isProxyAuth, HttpConnection connection, HttpConnectionPool connectionPool, CancellationToken cancellationToken)
   at System.Net.Http.HttpConnectionPool.SendWithVersionDetectionAndRetryAsync(HttpRequestMessage request, Boolean async, Boolean doRequestAuth, CancellationToken cancellationToken)
   at System.Net.Http.AuthenticationHelper.SendWithAuthAsync(HttpRequestMessage request, Uri authUri, Boolean async, ICredentials credentials, Boolean preAuthenticate, Boolean isProxyAuth, Boolean doRequestAuth, HttpConnectionPool pool, CancellationToken cancellationToken)
   at System.Net.Http.RedirectHandler.SendAsync(HttpRequestMessage request, Boolean async, CancellationToken cancellationToken)
   at GitHub.Services.Common.RawHttpMessageHandler.SendAsync(HttpRequestMessage request, CancellationToken cancellationToken)
   at GitHub.Services.Common.VssHttpRetryMessageHandler.SendAsync(HttpRequestMessage request, CancellationToken cancellationToken)
   at System.Net.Http.HttpClient.<SendAsync>g__Core|83_0(HttpRequestMessage request, HttpCompletionOption completionOption, CancellationTokenSource cts, Boolean disposeCts, CancellationTokenSource pendingRequestsCts, CancellationToken originalCancellationToken)
[2026-08-27 01:13:06Z ERR  BrokerServer] #####################################################
[2026-08-27 01:13:06Z ERR  BrokerServer] System.IO.IOException: Unable to read data from the transport connection: La operación de E/S se anuló por una salida de subproceso o por una solicitud de aplicación..
 ---> System.Net.Sockets.SocketException (995): La operación de E/S se anuló por una salida de subproceso o por una solicitud de aplicación.
   --- End of inner exception stack trace ---
   at System.Net.Sockets.Socket.AwaitableSocketAsyncEventArgs.System.Threading.Tasks.Sources.IValueTaskSource<System.Int32>.GetResult(Int16 token)
   at System.Net.Security.SslStream.EnsureFullTlsFrameAsync[TIOAdapter](CancellationToken cancellationToken, Int32 estimatedSize)
   at System.Runtime.CompilerServices.PoolingAsyncValueTaskMethodBuilder`1.StateMachineBox`1.System.Threading.Tasks.Sources.IValueTaskSource<TResult>.GetResult(Int16 token)
   at System.Net.Security.SslStream.ReadAsyncInternal[TIOAdapter](Memory`1 buffer, CancellationToken cancellationToken)
   at System.Runtime.CompilerServices.PoolingAsyncValueTaskMethodBuilder`1.StateMachineBox`1.System.Threading.Tasks.Sources.IValueTaskSource<TResult>.GetResult(Int16 token)
   at System.Net.Http.HttpConnection.<EnsureReadAheadTaskHasStarted>g__ReadAheadWithZeroByteReadAsync|40_0()
   at System.Net.Http.HttpConnection.SendAsync(HttpRequestMessage request, Boolean async, CancellationToken cancellationToken)
[2026-08-27 01:13:06Z ERR  BrokerServer] #####################################################
[2026-08-27 01:13:06Z ERR  BrokerServer] System.Net.Sockets.SocketException (995): La operación de E/S se anuló por una salida de subproceso o por una solicitud de aplicación.
[2026-08-27 01:13:06Z WARN BrokerServer] Back off 13.333 seconds before next retry. 4 attempt left.
[2026-08-27 01:13:06Z INFO BrokerMessageListener] Get messages has been cancelled using local token source. Continue to get messages with new status.
[2026-08-27 01:22:35Z INFO BrokerMessageListener] Acknowledging runner request 'dc6b4a9f-da71-5600-8247-ba28d7a1c063'.
[2026-08-27 01:22:36Z INFO ConfigurationStore] HasCredentials()
[2026-08-27 01:22:36Z INFO ConfigurationStore] stored True
[2026-08-27 01:22:36Z INFO CredentialManager] GetCredentialProvider
[2026-08-27 01:22:36Z INFO CredentialManager] Creating type OAuth
[2026-08-27 01:22:36Z INFO CredentialManager] Creating credential type: OAuth
[2026-08-27 01:22:36Z INFO RSAEncryptedFileKeyManager] Loading RSA key parameters from file D:\actions-runner\.credentials_rsaparams
[2026-08-27 01:22:36Z INFO RSAEncryptedFileKeyManager] Loading RSA key parameters from file D:\actions-runner\.credentials_rsaparams
[2026-08-27 01:22:36Z INFO RSAEncryptedFileKeyManager] Loading RSA key parameters from file D:\actions-runner\.credentials_rsaparams
[2026-08-27 01:22:36Z INFO GitHubActionsService] AAD Correlation ID for this token request: Unknown
[2026-08-27 01:22:37Z INFO JobDispatcher] Job request 0 for plan 1e6e2f9c-f40c-4701-ab89-ffaa8a4e172d job dc6b4a9f-da71-5600-8247-ba28d7a1c063 received.
[2026-08-27 01:22:37Z INFO JobDispatcher] Pull OrchestrationId 1e6e2f9c-f40c-4701-ab89-ffaa8a4e172d.deploy.__default from JWT claims
[2026-08-27 01:22:37Z INFO BrokerMessageListener] Received job status event. JobState: Busy
[2026-08-27 01:22:37Z INFO BrokerMessageListener] _getMessagesTokenSource is already disposed.
[2026-08-27 01:22:37Z INFO JobDispatcher] Job request 08115490-1331-5b7c-92be-52f130bc5fa5 processed succeed.
[2026-08-27 01:22:37Z INFO Terminal] WRITE LINE: 2026-08-27 01:22:37Z: Running job: deploy
[2026-08-27 01:22:37Z INFO JobDispatcher] Start renew job request 0 for job dc6b4a9f-da71-5600-8247-ba28d7a1c063.
[2026-08-27 01:22:37Z INFO JobDispatcher] Successfully renew job dc6b4a9f-da71-5600-8247-ba28d7a1c063, job is valid till 27/08/2026 01:32:24 a. m.
[2026-08-27 01:22:37Z INFO HostContext] Well known directory 'Bin': 'D:\actions-runner\bin'
[2026-08-27 01:22:37Z INFO ProcessInvokerWrapper] Starting process:
[2026-08-27 01:22:37Z INFO ProcessInvokerWrapper]   File name: 'D:\actions-runner\bin\Runner.Worker.exe'
[2026-08-27 01:22:37Z INFO ProcessInvokerWrapper]   Arguments: 'spawnclient 2420 2924'
[2026-08-27 01:22:37Z INFO ProcessInvokerWrapper]   Working directory: 'D:\actions-runner\bin'
[2026-08-27 01:22:37Z INFO ProcessInvokerWrapper]   Require exit code zero: 'False'
[2026-08-27 01:22:37Z INFO ProcessInvokerWrapper]   Encoding web name:  ; code page: ''
[2026-08-27 01:22:37Z INFO ProcessInvokerWrapper]   Force kill process on cancellation: 'True'
[2026-08-27 01:22:37Z INFO ProcessInvokerWrapper]   Redirected STDIN: 'False'
[2026-08-27 01:22:37Z INFO ProcessInvokerWrapper]   Persist current code page: 'False'
[2026-08-27 01:22:37Z INFO ProcessInvokerWrapper]   Keep redirected STDIN open: 'False'
[2026-08-27 01:22:37Z INFO ProcessInvokerWrapper]   High priority process: 'True'
[2026-08-27 01:22:37Z INFO ProcessInvokerWrapper] Process started with process id 18960, waiting for process exit.
[2026-08-27 01:22:37Z INFO JobDispatcher] Send job request message to worker for job dc6b4a9f-da71-5600-8247-ba28d7a1c063.
[2026-08-27 01:22:37Z INFO ProcessChannel] Sending message of length 21884, with hash 'd88257d733a5a9c56e9bcc59946268836fee311e32c8cfc90fdc435f4553ab04'
[2026-08-27 01:22:37Z INFO JobNotification] Entering JobStarted Notification
[2026-08-27 01:22:37Z INFO JobNotification] Entering StartMonitor
[2026-08-27 01:23:15Z INFO ProcessInvokerWrapper] STDOUT/STDERR stream read finished.
[2026-08-27 01:23:15Z INFO ProcessInvokerWrapper] STDOUT/STDERR stream read finished.
[2026-08-27 01:23:15Z INFO ProcessInvokerWrapper] Finished process 18960 with exit code 100, and elapsed time 00:00:37.7437786.
[2026-08-27 01:23:15Z INFO JobDispatcher] Worker finished for job dc6b4a9f-da71-5600-8247-ba28d7a1c063. Code: 100
[2026-08-27 01:23:15Z INFO JobDispatcher] finish job request for job dc6b4a9f-da71-5600-8247-ba28d7a1c063 with result: Succeeded
[2026-08-27 01:23:15Z INFO Terminal] WRITE LINE: 2026-08-27 01:23:15Z: Job deploy completed with result: Succeeded
[2026-08-27 01:23:15Z INFO JobDispatcher] Stop renew job request for job dc6b4a9f-da71-5600-8247-ba28d7a1c063.
[2026-08-27 01:23:15Z INFO JobDispatcher] job renew has been cancelled, stop renew job dc6b4a9f-da71-5600-8247-ba28d7a1c063.
[2026-08-27 01:23:15Z INFO JobNotification] Entering JobCompleted Notification
[2026-08-27 01:23:15Z INFO JobNotification] Entering EndMonitor
[2026-08-27 01:23:15Z INFO BrokerMessageListener] Received job status event. JobState: Online
[2026-08-27 01:23:15Z WARN GitHubActionsService] GET request to https://broker.actions.githubusercontent.com/message?sessionId=9834f623-5e15-4295-a190-a3c30c38b9d0&status=Busy&runnerVersion=2.336.0&os=Windows&architecture=X64&disableUpdate=false has been cancelled.
[2026-08-27 01:23:15Z ERR  BrokerServer] Catch exception during request
[2026-08-27 01:23:15Z ERR  BrokerServer] System.Threading.Tasks.TaskCanceledException: The operation was canceled.
 ---> System.Threading.Tasks.TaskCanceledException: The operation was canceled.
 ---> System.IO.IOException: Unable to read data from the transport connection: La operación de E/S se anuló por una salida de subproceso o por una solicitud de aplicación..
 ---> System.Net.Sockets.SocketException (995): La operación de E/S se anuló por una salida de subproceso o por una solicitud de aplicación.
   --- End of inner exception stack trace ---
   at System.Net.Sockets.Socket.AwaitableSocketAsyncEventArgs.System.Threading.Tasks.Sources.IValueTaskSource<System.Int32>.GetResult(Int16 token)
   at System.Net.Security.SslStream.EnsureFullTlsFrameAsync[TIOAdapter](CancellationToken cancellationToken, Int32 estimatedSize)
   at System.Runtime.CompilerServices.PoolingAsyncValueTaskMethodBuilder`1.StateMachineBox`1.System.Threading.Tasks.Sources.IValueTaskSource<TResult>.GetResult(Int16 token)
   at System.Net.Security.SslStream.ReadAsyncInternal[TIOAdapter](Memory`1 buffer, CancellationToken cancellationToken)
   at System.Runtime.CompilerServices.PoolingAsyncValueTaskMethodBuilder`1.StateMachineBox`1.System.Threading.Tasks.Sources.IValueTaskSource<TResult>.GetResult(Int16 token)
   at System.Net.Http.HttpConnection.SendAsync(HttpRequestMessage request, Boolean async, CancellationToken cancellationToken)
   --- End of inner exception stack trace ---
   at System.Net.Http.HttpConnection.SendAsync(HttpRequestMessage request, Boolean async, CancellationToken cancellationToken)
   at System.Net.Http.AuthenticationHelper.SendWithNtAuthAsync(HttpRequestMessage request, Uri authUri, Boolean async, ICredentials credentials, Boolean isProxyAuth, HttpConnection connection, HttpConnectionPool connectionPool, CancellationToken cancellationToken)
   at System.Net.Http.HttpConnectionPool.SendWithVersionDetectionAndRetryAsync(HttpRequestMessage request, Boolean async, Boolean doRequestAuth, CancellationToken cancellationToken)
   at System.Net.Http.AuthenticationHelper.SendWithAuthAsync(HttpRequestMessage request, Uri authUri, Boolean async, ICredentials credentials, Boolean preAuthenticate, Boolean isProxyAuth, Boolean doRequestAuth, HttpConnectionPool pool, CancellationToken cancellationToken)
   at System.Net.Http.RedirectHandler.SendAsync(HttpRequestMessage request, Boolean async, CancellationToken cancellationToken)
   at GitHub.Services.Common.RawHttpMessageHandler.SendAsync(HttpRequestMessage request, CancellationToken cancellationToken)
   at GitHub.Services.Common.VssHttpRetryMessageHandler.SendAsync(HttpRequestMessage request, CancellationToken cancellationToken)
   at System.Net.Http.HttpClient.<SendAsync>g__Core|83_0(HttpRequestMessage request, HttpCompletionOption completionOption, CancellationTokenSource cts, Boolean disposeCts, CancellationTokenSource pendingRequestsCts, CancellationToken originalCancellationToken)
   --- End of inner exception stack trace ---
   at System.Net.Http.HttpClient.HandleFailure(Exception e, Boolean telemetryStarted, HttpResponseMessage response, CancellationTokenSource cts, CancellationToken cancellationToken, CancellationTokenSource pendingRequestsCts)
   at System.Net.Http.HttpClient.<SendAsync>g__Core|83_0(HttpRequestMessage request, HttpCompletionOption completionOption, CancellationTokenSource cts, Boolean disposeCts, CancellationTokenSource pendingRequestsCts, CancellationToken originalCancellationToken)
   at Sdk.WebApi.WebApi.RawHttpClientBase.SendAsync(HttpRequestMessage message, HttpCompletionOption completionOption, Object userState, CancellationToken cancellationToken)
   at Sdk.WebApi.WebApi.RawHttpClientBase.SendAsync[T](HttpRequestMessage message, Boolean readErrorBody, Object userState, CancellationToken cancellationToken)
   at Sdk.WebApi.WebApi.RawHttpClientBase.SendAsync[T](HttpMethod method, IEnumerable`1 additionalHeaders, Uri requestUri, HttpContent content, IEnumerable`1 queryParameters, Boolean readErrorBody, Object userState, CancellationToken cancellationToken)
   at GitHub.Actions.RunService.WebApi.BrokerHttpClient.GetRunnerMessageAsync(Nullable`1 sessionId, String runnerVersion, Nullable`1 status, String os, String architecture, Nullable`1 disableUpdate, CancellationToken cancellationToken)
   at GitHub.Runner.Common.BrokerServer.<>c__DisplayClass7_0.<<GetRunnerMessageAsync>b__0>d.MoveNext()
--- End of stack trace from previous location ---
   at GitHub.Runner.Common.RunnerService.RetryRequest[T](Func`1 func, CancellationToken cancellationToken, Int32 maxAttempts, Func`2 shouldRetry)
[2026-08-27 01:23:15Z ERR  BrokerServer] #####################################################
[2026-08-27 01:23:15Z ERR  BrokerServer] System.Threading.Tasks.TaskCanceledException: The operation was canceled.
 ---> System.IO.IOException: Unable to read data from the transport connection: La operación de E/S se anuló por una salida de subproceso o por una solicitud de aplicación..
 ---> System.Net.Sockets.SocketException (995): La operación de E/S se anuló por una salida de subproceso o por una solicitud de aplicación.
   --- End of inner exception stack trace ---
   at System.Net.Sockets.Socket.AwaitableSocketAsyncEventArgs.System.Threading.Tasks.Sources.IValueTaskSource<System.Int32>.GetResult(Int16 token)
   at System.Net.Security.SslStream.EnsureFullTlsFrameAsync[TIOAdapter](CancellationToken cancellationToken, Int32 estimatedSize)
   at System.Runtime.CompilerServices.PoolingAsyncValueTaskMethodBuilder`1.StateMachineBox`1.System.Threading.Tasks.Sources.IValueTaskSource<TResult>.GetResult(Int16 token)
   at System.Net.Security.SslStream.ReadAsyncInternal[TIOAdapter](Memory`1 buffer, CancellationToken cancellationToken)
   at System.Runtime.CompilerServices.PoolingAsyncValueTaskMethodBuilder`1.StateMachineBox`1.System.Threading.Tasks.Sources.IValueTaskSource<TResult>.GetResult(Int16 token)
   at System.Net.Http.HttpConnection.SendAsync(HttpRequestMessage request, Boolean async, CancellationToken cancellationToken)
   --- End of inner exception stack trace ---
   at System.Net.Http.HttpConnection.SendAsync(HttpRequestMessage request, Boolean async, CancellationToken cancellationToken)
   at System.Net.Http.AuthenticationHelper.SendWithNtAuthAsync(HttpRequestMessage request, Uri authUri, Boolean async, ICredentials credentials, Boolean isProxyAuth, HttpConnection connection, HttpConnectionPool connectionPool, CancellationToken cancellationToken)
   at System.Net.Http.HttpConnectionPool.SendWithVersionDetectionAndRetryAsync(HttpRequestMessage request, Boolean async, Boolean doRequestAuth, CancellationToken cancellationToken)
   at System.Net.Http.AuthenticationHelper.SendWithAuthAsync(HttpRequestMessage request, Uri authUri, Boolean async, ICredentials credentials, Boolean preAuthenticate, Boolean isProxyAuth, Boolean doRequestAuth, HttpConnectionPool pool, CancellationToken cancellationToken)
   at System.Net.Http.RedirectHandler.SendAsync(HttpRequestMessage request, Boolean async, CancellationToken cancellationToken)
   at GitHub.Services.Common.RawHttpMessageHandler.SendAsync(HttpRequestMessage request, CancellationToken cancellationToken)
   at GitHub.Services.Common.VssHttpRetryMessageHandler.SendAsync(HttpRequestMessage request, CancellationToken cancellationToken)
   at System.Net.Http.HttpClient.<SendAsync>g__Core|83_0(HttpRequestMessage request, HttpCompletionOption completionOption, CancellationTokenSource cts, Boolean disposeCts, CancellationTokenSource pendingRequestsCts, CancellationToken originalCancellationToken)
[2026-08-27 01:23:15Z ERR  BrokerServer] #####################################################
[2026-08-27 01:23:15Z ERR  BrokerServer] System.IO.IOException: Unable to read data from the transport connection: La operación de E/S se anuló por una salida de subproceso o por una solicitud de aplicación..
 ---> System.Net.Sockets.SocketException (995): La operación de E/S se anuló por una salida de subproceso o por una solicitud de aplicación.
   --- End of inner exception stack trace ---
   at System.Net.Sockets.Socket.AwaitableSocketAsyncEventArgs.System.Threading.Tasks.Sources.IValueTaskSource<System.Int32>.GetResult(Int16 token)
   at System.Net.Security.SslStream.EnsureFullTlsFrameAsync[TIOAdapter](CancellationToken cancellationToken, Int32 estimatedSize)
   at System.Runtime.CompilerServices.PoolingAsyncValueTaskMethodBuilder`1.StateMachineBox`1.System.Threading.Tasks.Sources.IValueTaskSource<TResult>.GetResult(Int16 token)
   at System.Net.Security.SslStream.ReadAsyncInternal[TIOAdapter](Memory`1 buffer, CancellationToken cancellationToken)
   at System.Runtime.CompilerServices.PoolingAsyncValueTaskMethodBuilder`1.StateMachineBox`1.System.Threading.Tasks.Sources.IValueTaskSource<TResult>.GetResult(Int16 token)
   at System.Net.Http.HttpConnection.SendAsync(HttpRequestMessage request, Boolean async, CancellationToken cancellationToken)
[2026-08-27 01:23:15Z ERR  BrokerServer] #####################################################
[2026-08-27 01:23:15Z ERR  BrokerServer] System.Net.Sockets.SocketException (995): La operación de E/S se anuló por una salida de subproceso o por una solicitud de aplicación.
[2026-08-27 01:23:15Z WARN BrokerServer] Back off 6.031 seconds before next retry. 4 attempt left.
[2026-08-27 01:23:15Z INFO BrokerMessageListener] Get messages has been cancelled using local token source. Continue to get messages with new status.
[2026-08-27 01:30:02Z INFO BrokerMessageListener] Acknowledging runner request 'f739348b-1970-5af0-9cbc-0e25eefb93ec'.
[2026-08-27 01:30:02Z INFO ConfigurationStore] HasCredentials()
[2026-08-27 01:30:02Z INFO ConfigurationStore] stored True
[2026-08-27 01:30:02Z INFO CredentialManager] GetCredentialProvider
[2026-08-27 01:30:02Z INFO CredentialManager] Creating type OAuth
[2026-08-27 01:30:02Z INFO CredentialManager] Creating credential type: OAuth
[2026-08-27 01:30:02Z INFO RSAEncryptedFileKeyManager] Loading RSA key parameters from file D:\actions-runner\.credentials_rsaparams
[2026-08-27 01:30:02Z INFO RSAEncryptedFileKeyManager] Loading RSA key parameters from file D:\actions-runner\.credentials_rsaparams
[2026-08-27 01:30:02Z INFO RSAEncryptedFileKeyManager] Loading RSA key parameters from file D:\actions-runner\.credentials_rsaparams
[2026-08-27 01:30:02Z INFO GitHubActionsService] AAD Correlation ID for this token request: Unknown
[2026-08-27 01:30:03Z INFO JobDispatcher] Job request 0 for plan 32e054b9-f1e2-48af-9717-22d5c2820cd6 job f739348b-1970-5af0-9cbc-0e25eefb93ec received.
[2026-08-27 01:30:03Z INFO JobDispatcher] Pull OrchestrationId 32e054b9-f1e2-48af-9717-22d5c2820cd6.deploy.__default from JWT claims
[2026-08-27 01:30:03Z INFO BrokerMessageListener] Received job status event. JobState: Busy
[2026-08-27 01:30:03Z INFO BrokerMessageListener] _getMessagesTokenSource is already disposed.
[2026-08-27 01:30:03Z INFO JobDispatcher] Job request dc6b4a9f-da71-5600-8247-ba28d7a1c063 processed succeed.
[2026-08-27 01:30:03Z INFO Terminal] WRITE LINE: 2026-08-27 01:30:03Z: Running job: deploy
[2026-08-27 01:30:03Z INFO JobDispatcher] Start renew job request 0 for job f739348b-1970-5af0-9cbc-0e25eefb93ec.
[2026-08-27 01:30:04Z INFO JobDispatcher] Successfully renew job f739348b-1970-5af0-9cbc-0e25eefb93ec, job is valid till 27/08/2026 01:39:51 a. m.
[2026-08-27 01:30:04Z INFO HostContext] Well known directory 'Bin': 'D:\actions-runner\bin'
[2026-08-27 01:30:04Z INFO ProcessInvokerWrapper] Starting process:
[2026-08-27 01:30:04Z INFO ProcessInvokerWrapper]   File name: 'D:\actions-runner\bin\Runner.Worker.exe'
[2026-08-27 01:30:04Z INFO ProcessInvokerWrapper]   Arguments: 'spawnclient 2228 1988'
[2026-08-27 01:30:04Z INFO ProcessInvokerWrapper]   Working directory: 'D:\actions-runner\bin'
[2026-08-27 01:30:04Z INFO ProcessInvokerWrapper]   Require exit code zero: 'False'
[2026-08-27 01:30:04Z INFO ProcessInvokerWrapper]   Encoding web name:  ; code page: ''
[2026-08-27 01:30:04Z INFO ProcessInvokerWrapper]   Force kill process on cancellation: 'True'
[2026-08-27 01:30:04Z INFO ProcessInvokerWrapper]   Redirected STDIN: 'False'
[2026-08-27 01:30:04Z INFO ProcessInvokerWrapper]   Persist current code page: 'False'
[2026-08-27 01:30:04Z INFO ProcessInvokerWrapper]   Keep redirected STDIN open: 'False'
[2026-08-27 01:30:04Z INFO ProcessInvokerWrapper]   High priority process: 'True'
[2026-08-27 01:30:04Z INFO ProcessInvokerWrapper] Process started with process id 15116, waiting for process exit.
[2026-08-27 01:30:04Z INFO JobDispatcher] Send job request message to worker for job f739348b-1970-5af0-9cbc-0e25eefb93ec.
[2026-08-27 01:30:04Z INFO ProcessChannel] Sending message of length 23742, with hash 'd311888cbaba7d0b68542acd89d7ceee92c07a5ad95fbfbbc11e6bfab39ab550'
[2026-08-27 01:30:04Z INFO JobNotification] Entering JobStarted Notification
[2026-08-27 01:30:04Z INFO JobNotification] Entering StartMonitor
[2026-08-27 01:30:42Z INFO ProcessInvokerWrapper] STDOUT/STDERR stream read finished.
[2026-08-27 01:30:42Z INFO ProcessInvokerWrapper] STDOUT/STDERR stream read finished.
[2026-08-27 01:30:42Z INFO ProcessInvokerWrapper] Finished process 15116 with exit code 100, and elapsed time 00:00:38.8309914.
[2026-08-27 01:30:42Z INFO JobDispatcher] Worker finished for job f739348b-1970-5af0-9cbc-0e25eefb93ec. Code: 100
[2026-08-27 01:30:42Z INFO JobDispatcher] finish job request for job f739348b-1970-5af0-9cbc-0e25eefb93ec with result: Succeeded
[2026-08-27 01:30:42Z INFO Terminal] WRITE LINE: 2026-08-27 01:30:42Z: Job deploy completed with result: Succeeded
[2026-08-27 01:30:42Z INFO JobDispatcher] Stop renew job request for job f739348b-1970-5af0-9cbc-0e25eefb93ec.
[2026-08-27 01:30:42Z INFO JobDispatcher] job renew has been cancelled, stop renew job f739348b-1970-5af0-9cbc-0e25eefb93ec.
[2026-08-27 01:30:42Z INFO JobNotification] Entering JobCompleted Notification
[2026-08-27 01:30:42Z INFO JobNotification] Entering EndMonitor
[2026-08-27 01:30:42Z INFO BrokerMessageListener] Received job status event. JobState: Online
[2026-08-27 01:30:42Z WARN GitHubActionsService] GET request to https://broker.actions.githubusercontent.com/message?sessionId=9834f623-5e15-4295-a190-a3c30c38b9d0&status=Busy&runnerVersion=2.336.0&os=Windows&architecture=X64&disableUpdate=false has been cancelled.
[2026-08-27 01:30:42Z ERR  BrokerServer] Catch exception during request
[2026-08-27 01:30:42Z ERR  BrokerServer] System.Threading.Tasks.TaskCanceledException: The operation was canceled.
 ---> System.Threading.Tasks.TaskCanceledException: The operation was canceled.
 ---> System.IO.IOException: Unable to read data from the transport connection: La operación de E/S se anuló por una salida de subproceso o por una solicitud de aplicación..
 ---> System.Net.Sockets.SocketException (995): La operación de E/S se anuló por una salida de subproceso o por una solicitud de aplicación.
   --- End of inner exception stack trace ---
   at System.Net.Sockets.Socket.AwaitableSocketAsyncEventArgs.System.Threading.Tasks.Sources.IValueTaskSource<System.Int32>.GetResult(Int16 token)
   at System.Net.Security.SslStream.EnsureFullTlsFrameAsync[TIOAdapter](CancellationToken cancellationToken, Int32 estimatedSize)
   at System.Runtime.CompilerServices.PoolingAsyncValueTaskMethodBuilder`1.StateMachineBox`1.System.Threading.Tasks.Sources.IValueTaskSource<TResult>.GetResult(Int16 token)
   at System.Net.Security.SslStream.ReadAsyncInternal[TIOAdapter](Memory`1 buffer, CancellationToken cancellationToken)
   at System.Runtime.CompilerServices.PoolingAsyncValueTaskMethodBuilder`1.StateMachineBox`1.System.Threading.Tasks.Sources.IValueTaskSource<TResult>.GetResult(Int16 token)
   at System.Net.Http.HttpConnection.SendAsync(HttpRequestMessage request, Boolean async, CancellationToken cancellationToken)
   --- End of inner exception stack trace ---
   at System.Net.Http.HttpConnection.SendAsync(HttpRequestMessage request, Boolean async, CancellationToken cancellationToken)
   at System.Net.Http.AuthenticationHelper.SendWithNtAuthAsync(HttpRequestMessage request, Uri authUri, Boolean async, ICredentials credentials, Boolean isProxyAuth, HttpConnection connection, HttpConnectionPool connectionPool, CancellationToken cancellationToken)
   at System.Net.Http.HttpConnectionPool.SendWithVersionDetectionAndRetryAsync(HttpRequestMessage request, Boolean async, Boolean doRequestAuth, CancellationToken cancellationToken)
   at System.Net.Http.AuthenticationHelper.SendWithAuthAsync(HttpRequestMessage request, Uri authUri, Boolean async, ICredentials credentials, Boolean preAuthenticate, Boolean isProxyAuth, Boolean doRequestAuth, HttpConnectionPool pool, CancellationToken cancellationToken)
   at System.Net.Http.RedirectHandler.SendAsync(HttpRequestMessage request, Boolean async, CancellationToken cancellationToken)
   at GitHub.Services.Common.RawHttpMessageHandler.SendAsync(HttpRequestMessage request, CancellationToken cancellationToken)
   at GitHub.Services.Common.VssHttpRetryMessageHandler.SendAsync(HttpRequestMessage request, CancellationToken cancellationToken)
   at System.Net.Http.HttpClient.<SendAsync>g__Core|83_0(HttpRequestMessage request, HttpCompletionOption completionOption, CancellationTokenSource cts, Boolean disposeCts, CancellationTokenSource pendingRequestsCts, CancellationToken originalCancellationToken)
   --- End of inner exception stack trace ---
   at System.Net.Http.HttpClient.HandleFailure(Exception e, Boolean telemetryStarted, HttpResponseMessage response, CancellationTokenSource cts, CancellationToken cancellationToken, CancellationTokenSource pendingRequestsCts)
   at System.Net.Http.HttpClient.<SendAsync>g__Core|83_0(HttpRequestMessage request, HttpCompletionOption completionOption, CancellationTokenSource cts, Boolean disposeCts, CancellationTokenSource pendingRequestsCts, CancellationToken originalCancellationToken)
   at Sdk.WebApi.WebApi.RawHttpClientBase.SendAsync(HttpRequestMessage message, HttpCompletionOption completionOption, Object userState, CancellationToken cancellationToken)
   at Sdk.WebApi.WebApi.RawHttpClientBase.SendAsync[T](HttpRequestMessage message, Boolean readErrorBody, Object userState, CancellationToken cancellationToken)
   at Sdk.WebApi.WebApi.RawHttpClientBase.SendAsync[T](HttpMethod method, IEnumerable`1 additionalHeaders, Uri requestUri, HttpContent content, IEnumerable`1 queryParameters, Boolean readErrorBody, Object userState, CancellationToken cancellationToken)
   at GitHub.Actions.RunService.WebApi.BrokerHttpClient.GetRunnerMessageAsync(Nullable`1 sessionId, String runnerVersion, Nullable`1 status, String os, String architecture, Nullable`1 disableUpdate, CancellationToken cancellationToken)
   at GitHub.Runner.Common.BrokerServer.<>c__DisplayClass7_0.<<GetRunnerMessageAsync>b__0>d.MoveNext()
--- End of stack trace from previous location ---
   at GitHub.Runner.Common.RunnerService.RetryRequest[T](Func`1 func, CancellationToken cancellationToken, Int32 maxAttempts, Func`2 shouldRetry)
[2026-08-27 01:30:42Z ERR  BrokerServer] #####################################################
[2026-08-27 01:30:42Z ERR  BrokerServer] System.Threading.Tasks.TaskCanceledException: The operation was canceled.
 ---> System.IO.IOException: Unable to read data from the transport connection: La operación de E/S se anuló por una salida de subproceso o por una solicitud de aplicación..
 ---> System.Net.Sockets.SocketException (995): La operación de E/S se anuló por una salida de subproceso o por una solicitud de aplicación.
   --- End of inner exception stack trace ---
   at System.Net.Sockets.Socket.AwaitableSocketAsyncEventArgs.System.Threading.Tasks.Sources.IValueTaskSource<System.Int32>.GetResult(Int16 token)
   at System.Net.Security.SslStream.EnsureFullTlsFrameAsync[TIOAdapter](CancellationToken cancellationToken, Int32 estimatedSize)
   at System.Runtime.CompilerServices.PoolingAsyncValueTaskMethodBuilder`1.StateMachineBox`1.System.Threading.Tasks.Sources.IValueTaskSource<TResult>.GetResult(Int16 token)
   at System.Net.Security.SslStream.ReadAsyncInternal[TIOAdapter](Memory`1 buffer, CancellationToken cancellationToken)
   at System.Runtime.CompilerServices.PoolingAsyncValueTaskMethodBuilder`1.StateMachineBox`1.System.Threading.Tasks.Sources.IValueTaskSource<TResult>.GetResult(Int16 token)
   at System.Net.Http.HttpConnection.SendAsync(HttpRequestMessage request, Boolean async, CancellationToken cancellationToken)
   --- End of inner exception stack trace ---
   at System.Net.Http.HttpConnection.SendAsync(HttpRequestMessage request, Boolean async, CancellationToken cancellationToken)
   at System.Net.Http.AuthenticationHelper.SendWithNtAuthAsync(HttpRequestMessage request, Uri authUri, Boolean async, ICredentials credentials, Boolean isProxyAuth, HttpConnection connection, HttpConnectionPool connectionPool, CancellationToken cancellationToken)
   at System.Net.Http.HttpConnectionPool.SendWithVersionDetectionAndRetryAsync(HttpRequestMessage request, Boolean async, Boolean doRequestAuth, CancellationToken cancellationToken)
   at System.Net.Http.AuthenticationHelper.SendWithAuthAsync(HttpRequestMessage request, Uri authUri, Boolean async, ICredentials credentials, Boolean preAuthenticate, Boolean isProxyAuth, Boolean doRequestAuth, HttpConnectionPool pool, CancellationToken cancellationToken)
   at System.Net.Http.RedirectHandler.SendAsync(HttpRequestMessage request, Boolean async, CancellationToken cancellationToken)
   at GitHub.Services.Common.RawHttpMessageHandler.SendAsync(HttpRequestMessage request, CancellationToken cancellationToken)
   at GitHub.Services.Common.VssHttpRetryMessageHandler.SendAsync(HttpRequestMessage request, CancellationToken cancellationToken)
   at System.Net.Http.HttpClient.<SendAsync>g__Core|83_0(HttpRequestMessage request, HttpCompletionOption completionOption, CancellationTokenSource cts, Boolean disposeCts, CancellationTokenSource pendingRequestsCts, CancellationToken originalCancellationToken)
[2026-08-27 01:30:42Z ERR  BrokerServer] #####################################################
[2026-08-27 01:30:42Z ERR  BrokerServer] System.IO.IOException: Unable to read data from the transport connection: La operación de E/S se anuló por una salida de subproceso o por una solicitud de aplicación..
 ---> System.Net.Sockets.SocketException (995): La operación de E/S se anuló por una salida de subproceso o por una solicitud de aplicación.
   --- End of inner exception stack trace ---
   at System.Net.Sockets.Socket.AwaitableSocketAsyncEventArgs.System.Threading.Tasks.Sources.IValueTaskSource<System.Int32>.GetResult(Int16 token)
   at System.Net.Security.SslStream.EnsureFullTlsFrameAsync[TIOAdapter](CancellationToken cancellationToken, Int32 estimatedSize)
   at System.Runtime.CompilerServices.PoolingAsyncValueTaskMethodBuilder`1.StateMachineBox`1.System.Threading.Tasks.Sources.IValueTaskSource<TResult>.GetResult(Int16 token)
   at System.Net.Security.SslStream.ReadAsyncInternal[TIOAdapter](Memory`1 buffer, CancellationToken cancellationToken)
   at System.Runtime.CompilerServices.PoolingAsyncValueTaskMethodBuilder`1.StateMachineBox`1.System.Threading.Tasks.Sources.IValueTaskSource<TResult>.GetResult(Int16 token)
   at System.Net.Http.HttpConnection.SendAsync(HttpRequestMessage request, Boolean async, CancellationToken cancellationToken)
[2026-08-27 01:30:42Z ERR  BrokerServer] #####################################################
[2026-08-27 01:30:42Z ERR  BrokerServer] System.Net.Sockets.SocketException (995): La operación de E/S se anuló por una salida de subproceso o por una solicitud de aplicación.
[2026-08-27 01:30:42Z WARN BrokerServer] Back off 13.129 seconds before next retry. 4 attempt left.
[2026-08-27 01:30:42Z INFO BrokerMessageListener] Get messages has been cancelled using local token source. Continue to get messages with new status.
[2026-08-27 01:55:46Z INFO RSAEncryptedFileKeyManager] Loading RSA key parameters from file D:\actions-runner\.credentials_rsaparams
[2026-08-27 01:55:46Z INFO GitHubActionsService] AAD Correlation ID for this token request: Unknown
[2026-08-27 02:35:05Z INFO Runner] Received RunnerRefreshConfigMessage for 'runner' config file
[2026-08-27 02:35:05Z INFO RunnerConfigUpdater] Verifying runner qualified id: U_kgDOCtnTmg/R_kgDOUEb15g/self-hosted/3
[2026-08-27 02:35:05Z INFO HostContext] Well known directory 'Bin': 'D:\actions-runner\bin'
[2026-08-27 02:35:05Z INFO HostContext] Well known directory 'Root': 'D:\actions-runner'
[2026-08-27 02:35:05Z INFO HostContext] Well known config file 'Runner': 'D:\actions-runner\.runner'
[2026-08-27 02:35:05Z INFO RSAEncryptedFileKeyManager] Loading RSA key parameters from file D:\actions-runner\.credentials_rsaparams
[2026-08-27 02:35:05Z INFO RSAEncryptedFileKeyManager] Loading RSA key parameters from file D:\actions-runner\.credentials_rsaparams
[2026-08-27 02:35:05Z INFO GitHubActionsService] AAD Correlation ID for this token request: Unknown
[2026-08-27 02:35:05Z INFO ConfigurationStore] Saving runner migrated settings
[2026-08-27 02:35:05Z INFO ConfigurationStore] Migrated Settings Saved.
[2026-08-27 02:35:05Z INFO Runner] Runner configuration was updated. Session restart has been scheduled
[2026-08-27 02:35:05Z INFO Runner] Pending session restart detected and job dispatcher is not busy. Restarting session now.
[2026-08-27 02:35:05Z INFO JobDispatcher] Shutting down JobDispatcher. Make sure all WorkerDispatcher has finished.
[2026-08-27 02:35:05Z INFO JobDispatcher] Ensure WorkerDispatcher for job f739348b-1970-5af0-9cbc-0e25eefb93ec run to finish, cancel any running job.
[2026-08-27 02:35:05Z INFO JobDispatcher] Job request f739348b-1970-5af0-9cbc-0e25eefb93ec processed succeed.
[2026-08-27 02:35:05Z INFO Runner] Deleting Runner Session...
[2026-08-27 02:35:06Z INFO Runner] Restarting runner session after config update...
[2026-08-27 02:35:06Z INFO Runner] Runner configuration was refreshed, restarting session...
[2026-08-27 02:35:06Z INFO ConfigurationManager] LoadSettings
[2026-08-27 02:35:06Z INFO ConfigurationStore] IsConfigured()
[2026-08-27 02:35:06Z INFO ConfigurationStore] IsConfigured: True
[2026-08-27 02:35:06Z INFO ConfigurationManager] Is configured: True
[2026-08-27 02:35:06Z INFO ConfigurationManager] Settings Loaded
[2026-08-27 02:35:06Z INFO Runner] RunAsync
[2026-08-27 02:35:06Z INFO HostContext] Well known directory 'Bin': 'D:\actions-runner\bin'
[2026-08-27 02:35:06Z INFO HostContext] Well known directory 'Root': 'D:\actions-runner'
[2026-08-27 02:35:06Z INFO HostContext] Well known directory 'Work': 'D:\actions-runner\_work'
[2026-08-27 02:35:06Z INFO Runner] Validating directory permissions for: 'D:\actions-runner\_work'
[2026-08-27 02:35:06Z INFO ConfigurationManager] LoadMigratedSettings
[2026-08-27 02:35:06Z INFO ConfigurationStore] IsMigratedConfigured()
[2026-08-27 02:35:06Z INFO ConfigurationStore] IsMigratedConfigured: True
[2026-08-27 02:35:06Z INFO ConfigurationStore] Read migrated setting file: 388 chars
[2026-08-27 02:35:06Z INFO ConfigurationManager] Migrated Settings Loaded
[2026-08-27 02:35:06Z INFO Runner] Loaded migrated settings from .runner_migrated file
[2026-08-27 02:35:06Z INFO Runner] {
  "AgentId": 3,
  "AgentName": "ALECS",
  "PoolId": 1,
  "PoolName": "Default",
  "ServerUrl": "https://pipelinesghubeus3.actions.githubusercontent.com/EmAG2M8FINDSjrWclBxv8jvpEp68V4tP5qcz0uU8ldIEJDfNWQ/",
  "GitHubUrl": "https://github.com/ElAlecs69/SignServer",
  "WorkFolder": "_work",
  "UseV2Flow": true,
  "ServerUrlV2": "https://broker.actions.githubusercontent.com/"
}
[2026-08-27 02:35:06Z INFO Runner] Attempting to create session using migrated settings
[2026-08-27 02:35:06Z INFO Runner] Using BrokerMessageListener
[2026-08-27 02:35:06Z INFO BrokerMessageListener] Using provided settings
[2026-08-27 02:35:06Z INFO BrokerMessageListener] Using migrated settings from .runner_migrated
[2026-08-27 02:35:06Z INFO BrokerMessageListener] {
  "AgentId": 3,
  "AgentName": "ALECS",
  "PoolId": 1,
  "PoolName": "Default",
  "ServerUrl": "https://pipelinesghubeus3.actions.githubusercontent.com/EmAG2M8FINDSjrWclBxv8jvpEp68V4tP5qcz0uU8ldIEJDfNWQ/",
  "GitHubUrl": "https://github.com/ElAlecs69/SignServer",
  "WorkFolder": "_work",
  "UseV2Flow": true,
  "ServerUrlV2": "https://broker.actions.githubusercontent.com/"
}
[2026-08-27 02:35:06Z INFO BrokerMessageListener] Loading Credentials
[2026-08-27 02:35:06Z INFO ConfigurationStore] HasCredentials()
[2026-08-27 02:35:06Z INFO ConfigurationStore] stored True
[2026-08-27 02:35:06Z INFO CredentialManager] GetCredentialProvider
[2026-08-27 02:35:06Z INFO CredentialManager] Creating type OAuth
[2026-08-27 02:35:06Z INFO CredentialManager] Creating credential type: OAuth
[2026-08-27 02:35:06Z INFO RSAEncryptedFileKeyManager] Loading RSA key parameters from file D:\actions-runner\.credentials_rsaparams
[2026-08-27 02:35:06Z INFO BrokerMessageListener] Attempt to create session.
[2026-08-27 02:35:06Z INFO BrokerMessageListener] Connecting to the Broker Server...
[2026-08-27 02:35:06Z INFO ConfigurationStore] HasCredentials()
[2026-08-27 02:35:06Z INFO ConfigurationStore] stored True
[2026-08-27 02:35:06Z INFO CredentialManager] GetCredentialProvider
[2026-08-27 02:35:06Z INFO CredentialManager] Creating type OAuth
[2026-08-27 02:35:06Z INFO CredentialManager] Creating credential type: OAuth
[2026-08-27 02:35:06Z INFO RSAEncryptedFileKeyManager] Loading RSA key parameters from file D:\actions-runner\.credentials_rsaparams
[2026-08-27 02:35:06Z INFO BrokerMessageListener] VssConnection created
[2026-08-27 02:35:06Z INFO BrokerMessageListener] Connecting to the Runner server...
[2026-08-27 02:35:06Z INFO RunnerServer] EstablishVssConnection
[2026-08-27 02:35:06Z INFO RunnerServer] Establish connection with 100 seconds timeout.
[2026-08-27 02:35:06Z INFO GitHubActionsService] Starting operation Location.GetConnectionData
[2026-08-27 02:35:06Z INFO RunnerServer] EstablishVssConnection
[2026-08-27 02:35:06Z INFO RunnerServer] Establish connection with 60 seconds timeout.
[2026-08-27 02:35:06Z INFO GitHubActionsService] Starting operation Location.GetConnectionData
[2026-08-27 02:35:06Z INFO RunnerServer] EstablishVssConnection
[2026-08-27 02:35:06Z INFO RunnerServer] Establish connection with 60 seconds timeout.
[2026-08-27 02:35:06Z INFO GitHubActionsService] Starting operation Location.GetConnectionData
[2026-08-27 02:35:06Z INFO GitHubActionsService] Finished operation Location.GetConnectionData
[2026-08-27 02:35:06Z INFO GitHubActionsService] Finished operation Location.GetConnectionData
[2026-08-27 02:35:06Z INFO GitHubActionsService] Finished operation Location.GetConnectionData
[2026-08-27 02:35:06Z INFO BrokerMessageListener] VssConnection created
[2026-08-27 02:35:06Z INFO Terminal] WRITE LINE: 
[2026-08-27 02:35:06Z INFO Terminal] WRITE LINE: 
[2026-08-27 02:35:06Z INFO RSAEncryptedFileKeyManager] Loading RSA key parameters from file D:\actions-runner\.credentials_rsaparams
[2026-08-27 02:35:06Z INFO RSAEncryptedFileKeyManager] Loading RSA key parameters from file D:\actions-runner\.credentials_rsaparams
[2026-08-27 02:35:06Z INFO GitHubActionsService] AAD Correlation ID for this token request: Unknown
[2026-08-27 02:35:06Z INFO BrokerMessageListener] Session created.
[2026-08-27 02:35:06Z INFO Runner] Successfully created session with migrated settings
[2026-08-27 02:35:06Z INFO Terminal] WRITE LINE: Current runner version: '2.336.0'
[2026-08-27 02:35:06Z INFO Terminal] WRITE LINE: 2026-08-27 02:35:06Z: Listening for Jobs
[2026-08-27 02:35:06Z INFO JobDispatcher] Set runner/worker IPC timeout to 30 seconds.
[2026-08-27 03:25:13Z INFO RSAEncryptedFileKeyManager] Loading RSA key parameters from file D:\actions-runner\.credentials_rsaparams
[2026-08-27 03:25:14Z INFO GitHubActionsService] AAD Correlation ID for this token request: Unknown
[2026-08-27 04:11:12Z INFO HostContext] Runner will be shutdown for UserCancelled
[2026-08-27 04:11:12Z WARN GitHubActionsService] GET request to https://broker.actions.githubusercontent.com/message?sessionId=f79b030d-85d5-4b04-aa90-e0c5737b8565&status=Online&runnerVersion=2.336.0&os=Windows&architecture=X64&disableUpdate=false has been cancelled.
[2026-08-27 04:11:12Z ERR  BrokerServer] Catch exception during request
[2026-08-27 04:11:12Z ERR  BrokerServer] System.Threading.Tasks.TaskCanceledException: The operation was canceled.
 ---> System.Threading.Tasks.TaskCanceledException: The operation was canceled.
 ---> System.IO.IOException: Unable to read data from the transport connection: La operación de E/S se anuló por una salida de subproceso o por una solicitud de aplicación..
 ---> System.Net.Sockets.SocketException (995): La operación de E/S se anuló por una salida de subproceso o por una solicitud de aplicación.
   --- End of inner exception stack trace ---
   at System.Net.Sockets.Socket.AwaitableSocketAsyncEventArgs.System.Threading.Tasks.Sources.IValueTaskSource<System.Int32>.GetResult(Int16 token)
   at System.Net.Security.SslStream.EnsureFullTlsFrameAsync[TIOAdapter](CancellationToken cancellationToken, Int32 estimatedSize)
   at System.Runtime.CompilerServices.PoolingAsyncValueTaskMethodBuilder`1.StateMachineBox`1.System.Threading.Tasks.Sources.IValueTaskSource<TResult>.GetResult(Int16 token)
   at System.Net.Security.SslStream.ReadAsyncInternal[TIOAdapter](Memory`1 buffer, CancellationToken cancellationToken)
   at System.Runtime.CompilerServices.PoolingAsyncValueTaskMethodBuilder`1.StateMachineBox`1.System.Threading.Tasks.Sources.IValueTaskSource<TResult>.GetResult(Int16 token)
   at System.Net.Http.HttpConnection.SendAsync(HttpRequestMessage request, Boolean async, CancellationToken cancellationToken)
   --- End of inner exception stack trace ---
   at System.Net.Http.HttpConnection.SendAsync(HttpRequestMessage request, Boolean async, CancellationToken cancellationToken)
   at System.Net.Http.AuthenticationHelper.SendWithNtAuthAsync(HttpRequestMessage request, Uri authUri, Boolean async, ICredentials credentials, Boolean isProxyAuth, HttpConnection connection, HttpConnectionPool connectionPool, CancellationToken cancellationToken)
   at System.Net.Http.HttpConnectionPool.SendWithVersionDetectionAndRetryAsync(HttpRequestMessage request, Boolean async, Boolean doRequestAuth, CancellationToken cancellationToken)
   at System.Net.Http.AuthenticationHelper.SendWithAuthAsync(HttpRequestMessage request, Uri authUri, Boolean async, ICredentials credentials, Boolean preAuthenticate, Boolean isProxyAuth, Boolean doRequestAuth, HttpConnectionPool pool, CancellationToken cancellationToken)
   at System.Net.Http.RedirectHandler.SendAsync(HttpRequestMessage request, Boolean async, CancellationToken cancellationToken)
   at GitHub.Services.Common.RawHttpMessageHandler.SendAsync(HttpRequestMessage request, CancellationToken cancellationToken)
   at GitHub.Services.Common.VssHttpRetryMessageHandler.SendAsync(HttpRequestMessage request, CancellationToken cancellationToken)
   at System.Net.Http.HttpClient.<SendAsync>g__Core|83_0(HttpRequestMessage request, HttpCompletionOption completionOption, CancellationTokenSource cts, Boolean disposeCts, CancellationTokenSource pendingRequestsCts, CancellationToken originalCancellationToken)
   --- End of inner exception stack trace ---
   at System.Net.Http.HttpClient.HandleFailure(Exception e, Boolean telemetryStarted, HttpResponseMessage response, CancellationTokenSource cts, CancellationToken cancellationToken, CancellationTokenSource pendingRequestsCts)
   at System.Net.Http.HttpClient.<SendAsync>g__Core|83_0(HttpRequestMessage request, HttpCompletionOption completionOption, CancellationTokenSource cts, Boolean disposeCts, CancellationTokenSource pendingRequestsCts, CancellationToken originalCancellationToken)
   at Sdk.WebApi.WebApi.RawHttpClientBase.SendAsync(HttpRequestMessage message, HttpCompletionOption completionOption, Object userState, CancellationToken cancellationToken)
   at Sdk.WebApi.WebApi.RawHttpClientBase.SendAsync[T](HttpRequestMessage message, Boolean readErrorBody, Object userState, CancellationToken cancellationToken)
   at Sdk.WebApi.WebApi.RawHttpClientBase.SendAsync[T](HttpMethod method, IEnumerable`1 additionalHeaders, Uri requestUri, HttpContent content, IEnumerable`1 queryParameters, Boolean readErrorBody, Object userState, CancellationToken cancellationToken)
   at GitHub.Actions.RunService.WebApi.BrokerHttpClient.GetRunnerMessageAsync(Nullable`1 sessionId, String runnerVersion, Nullable`1 status, String os, String architecture, Nullable`1 disableUpdate, CancellationToken cancellationToken)
   at GitHub.Runner.Common.BrokerServer.<>c__DisplayClass7_0.<<GetRunnerMessageAsync>b__0>d.MoveNext()
--- End of stack trace from previous location ---
   at GitHub.Runner.Common.RunnerService.RetryRequest[T](Func`1 func, CancellationToken cancellationToken, Int32 maxAttempts, Func`2 shouldRetry)
[2026-08-27 04:11:12Z ERR  BrokerServer] #####################################################
[2026-08-27 04:11:12Z ERR  BrokerServer] System.Threading.Tasks.TaskCanceledException: The operation was canceled.
 ---> System.IO.IOException: Unable to read data from the transport connection: La operación de E/S se anuló por una salida de subproceso o por una solicitud de aplicación..
 ---> System.Net.Sockets.SocketException (995): La operación de E/S se anuló por una salida de subproceso o por una solicitud de aplicación.
   --- End of inner exception stack trace ---
   at System.Net.Sockets.Socket.AwaitableSocketAsyncEventArgs.System.Threading.Tasks.Sources.IValueTaskSource<System.Int32>.GetResult(Int16 token)
   at System.Net.Security.SslStream.EnsureFullTlsFrameAsync[TIOAdapter](CancellationToken cancellationToken, Int32 estimatedSize)
   at System.Runtime.CompilerServices.PoolingAsyncValueTaskMethodBuilder`1.StateMachineBox`1.System.Threading.Tasks.Sources.IValueTaskSource<TResult>.GetResult(Int16 token)
   at System.Net.Security.SslStream.ReadAsyncInternal[TIOAdapter](Memory`1 buffer, CancellationToken cancellationToken)
   at System.Runtime.CompilerServices.PoolingAsyncValueTaskMethodBuilder`1.StateMachineBox`1.System.Threading.Tasks.Sources.IValueTaskSource<TResult>.GetResult(Int16 token)
   at System.Net.Http.HttpConnection.SendAsync(HttpRequestMessage request, Boolean async, CancellationToken cancellationToken)
   --- End of inner exception stack trace ---
   at System.Net.Http.HttpConnection.SendAsync(HttpRequestMessage request, Boolean async, CancellationToken cancellationToken)
   at System.Net.Http.AuthenticationHelper.SendWithNtAuthAsync(HttpRequestMessage request, Uri authUri, Boolean async, ICredentials credentials, Boolean isProxyAuth, HttpConnection connection, HttpConnectionPool connectionPool, CancellationToken cancellationToken)
   at System.Net.Http.HttpConnectionPool.SendWithVersionDetectionAndRetryAsync(HttpRequestMessage request, Boolean async, Boolean doRequestAuth, CancellationToken cancellationToken)
   at System.Net.Http.AuthenticationHelper.SendWithAuthAsync(HttpRequestMessage request, Uri authUri, Boolean async, ICredentials credentials, Boolean preAuthenticate, Boolean isProxyAuth, Boolean doRequestAuth, HttpConnectionPool pool, CancellationToken cancellationToken)
   at System.Net.Http.RedirectHandler.SendAsync(HttpRequestMessage request, Boolean async, CancellationToken cancellationToken)
   at GitHub.Services.Common.RawHttpMessageHandler.SendAsync(HttpRequestMessage request, CancellationToken cancellationToken)
   at GitHub.Services.Common.VssHttpRetryMessageHandler.SendAsync(HttpRequestMessage request, CancellationToken cancellationToken)
   at System.Net.Http.HttpClient.<SendAsync>g__Core|83_0(HttpRequestMessage request, HttpCompletionOption completionOption, CancellationTokenSource cts, Boolean disposeCts, CancellationTokenSource pendingRequestsCts, CancellationToken originalCancellationToken)
[2026-08-27 04:11:12Z ERR  BrokerServer] #####################################################
[2026-08-27 04:11:12Z ERR  BrokerServer] System.IO.IOException: Unable to read data from the transport connection: La operación de E/S se anuló por una salida de subproceso o por una solicitud de aplicación..
 ---> System.Net.Sockets.SocketException (995): La operación de E/S se anuló por una salida de subproceso o por una solicitud de aplicación.
   --- End of inner exception stack trace ---
   at System.Net.Sockets.Socket.AwaitableSocketAsyncEventArgs.System.Threading.Tasks.Sources.IValueTaskSource<System.Int32>.GetResult(Int16 token)
   at System.Net.Security.SslStream.EnsureFullTlsFrameAsync[TIOAdapter](CancellationToken cancellationToken, Int32 estimatedSize)
   at System.Runtime.CompilerServices.PoolingAsyncValueTaskMethodBuilder`1.StateMachineBox`1.System.Threading.Tasks.Sources.IValueTaskSource<TResult>.GetResult(Int16 token)
   at System.Net.Security.SslStream.ReadAsyncInternal[TIOAdapter](Memory`1 buffer, CancellationToken cancellationToken)
   at System.Runtime.CompilerServices.PoolingAsyncValueTaskMethodBuilder`1.StateMachineBox`1.System.Threading.Tasks.Sources.IValueTaskSource<TResult>.GetResult(Int16 token)
   at System.Net.Http.HttpConnection.SendAsync(HttpRequestMessage request, Boolean async, CancellationToken cancellationToken)
[2026-08-27 04:11:12Z ERR  BrokerServer] #####################################################
[2026-08-27 04:11:12Z ERR  BrokerServer] System.Net.Sockets.SocketException (995): La operación de E/S se anuló por una salida de subproceso o por una solicitud de aplicación.
[2026-08-27 04:11:12Z WARN BrokerServer] Back off 5.362 seconds before next retry. 4 attempt left.
[2026-08-27 04:11:12Z INFO BrokerMessageListener] Get next message has been cancelled.
[2026-08-27 04:11:12Z INFO JobDispatcher] Shutting down JobDispatcher. Make sure all WorkerDispatcher has finished.
[2026-08-27 04:11:12Z INFO Runner] Deleting Runner Session...
[2026-08-27 04:11:12Z INFO Listener] Runner execution been cancelled.
