[2026-08-27 01:12:29Z INFO HostContext] No proxy settings were found based on environmental variables (http_proxy/https_proxy/HTTP_PROXY/HTTPS_PROXY)
[2026-08-27 01:12:29Z INFO HostContext] Well known directory 'Bin': 'D:\actions-runner\bin'
[2026-08-27 01:12:29Z INFO HostContext] Well known directory 'Root': 'D:\actions-runner'
[2026-08-27 01:12:29Z INFO HostContext] Well known config file 'Credentials': 'D:\actions-runner\.credentials'
[2026-08-27 01:12:29Z INFO HostContext] Well known directory 'Bin': 'D:\actions-runner\bin'
[2026-08-27 01:12:29Z INFO HostContext] Well known directory 'Root': 'D:\actions-runner'
[2026-08-27 01:12:29Z INFO HostContext] Well known config file 'Runner': 'D:\actions-runner\.runner'
[2026-08-27 01:12:29Z INFO Worker] Version: 2.336.0
[2026-08-27 01:12:29Z INFO Worker] Commit: 98aabcd429c4e8402406c56ce2d26387fed3b9ce
[2026-08-27 01:12:29Z INFO Worker] Culture: es-MX
[2026-08-27 01:12:29Z INFO Worker] UI Culture: es-MX
[2026-08-27 01:12:29Z INFO Worker] Waiting to receive the job message from the channel.
[2026-08-27 01:12:29Z INFO ProcessChannel] Receiving message of length 21884, with hash 'd3e5143b5cb8a10197260a814d926369dc6b0d1b6195bcbcfae2789fe06ad854'
[2026-08-27 01:12:29Z INFO Worker] Message received.
[2026-08-27 01:12:29Z INFO Worker] Job message:
 {
  "defaults": [
    {
      "type": 2,
      "file": 1,
      "line": 14,
      "col": 7,
      "map": [
        {
          "key": {
            "type": 0,
            "file": 1,
            "line": 14,
            "col": 7,
            "lit": "run"
          },
          "value": {
            "type": 2,
            "file": 1,
            "line": 15,
            "col": 9,
            "map": [
              {
                "key": {
                  "type": 0,
                  "file": 1,
                  "line": 15,
                  "col": 9,
                  "lit": "working-directory"
                },
                "value": {
                  "type": 0,
                  "file": 1,
                  "line": 15,
                  "col": 28,
                  "lit": "signserver-web"
                }
              }
            ]
          }
        }
      ]
    }
  ],
  "fileTable": [
    ".github/workflows/main.yml"
  ],
  "mask": [
    {
      "type": "regex",
      "value": "***"
    },
    {
      "type": "regex",
      "value": "***"
    },
    {
      "type": "regex",
      "value": "***"
    },
    {
      "type": "regex",
      "value": "***"
    },
    {
      "type": "regex",
      "value": "***"
    },
    {
      "type": "regex",
      "value": "***"
    },
    {
      "type": "regex",
      "value": "***"
    },
    {
      "type": "regex",
      "value": "***"
    },
    {
      "type": "regex",
      "value": "***"
    },
    {
      "type": "regex",
      "value": "***"
    },
    {
      "type": "regex",
      "value": "***"
    },
    {
      "type": "regex",
      "value": "***"
    },
    {
      "type": "regex",
      "value": "***"
    },
    {
      "type": "regex",
      "value": "***"
    },
    {
      "type": "regex",
      "value": "***"
    },
    {
      "type": "regex",
      "value": "***"
    },
    {
      "type": "regex",
      "value": "***"
    },
    {
      "type": "regex",
      "value": "***"
    },
    {
      "type": "regex",
      "value": "***"
    },
    {
      "type": "regex",
      "value": "***"
    },
    {
      "type": "regex",
      "value": "***"
    },
    {
      "type": "regex",
      "value": "***"
    },
    {
      "type": "regex",
      "value": "***"
    },
    {
      "type": "regex",
      "value": "***"
    }
  ],
  "steps": [
    {
      "type": "action",
      "reference": {
        "type": "repository",
        "name": "actions/checkout",
        "ref": "v4",
        "repositoryType": "GitHub"
      },
      "displayNameToken": {
        "type": 0,
        "file": 1,
        "line": 18,
        "col": 15,
        "lit": "Checkout"
      },
      "contextName": "__actions_checkout",
      "condition": "success()",
      "id": "58fc90e2-16b6-4526-b970-b154323a7dc3",
      "name": "__actions_checkout"
    },
    {
      "type": "action",
      "reference": {
        "type": "repository",
        "name": "actions/setup-node",
        "ref": "v4",
        "repositoryType": "GitHub"
      },
      "displayNameToken": {
        "type": 0,
        "file": 1,
        "line": 21,
        "col": 15,
        "lit": "Instalar Node.js"
      },
      "contextName": "__actions_setup-node",
      "inputs": {
        "type": 2,
        "file": 1,
        "line": 24,
        "col": 11,
        "map": [
          {
            "key": {
              "type": 0,
              "file": 1,
              "line": 24,
              "col": 11,
              "lit": "node-version"
            },
            "value": {
              "type": 0,
              "file": 1,
              "line": 24,
              "col": 25,
              "lit": "20"
            }
          },
          {
            "key": {
              "type": 0,
              "file": 1,
              "line": 25,
              "col": 11,
              "lit": "cache"
            },
            "value": {
              "type": 0,
              "file": 1,
              "line": 25,
              "col": 18,
              "lit": "npm"
            }
          },
          {
            "key": {
              "type": 0,
              "file": 1,
              "line": 26,
              "col": 11,
              "lit": "cache-dependency-path"
            },
            "value": {
              "type": 0,
              "file": 1,
              "line": 26,
              "col": 34,
              "lit": "signserver-web/package-lock.json"
            }
          }
        ]
      },
      "condition": "success()",
      "id": "f7fa832b-2818-4991-b174-cb1dce19bf6e",
      "name": "__actions_setup-node"
    },
    {
      "type": "action",
      "reference": {
        "type": "script"
      },
      "displayNameToken": {
        "type": 0,
        "file": 1,
        "line": 28,
        "col": 15,
        "lit": "Instalar dependencias"
      },
      "contextName": "__run",
      "inputs": {
        "type": 2,
        "map": [
          {
            "key": "script",
            "value": {
              "type": 0,
              "file": 1,
              "line": 29,
              "col": 14,
              "lit": "npm install"
            }
          }
        ]
      },
      "condition": "success()",
      "id": "48f43789-a038-417e-b8f3-a0a6be3e4416",
      "name": "__run"
    },
    {
      "type": "action",
      "reference": {
        "type": "script"
      },
      "displayNameToken": {
        "type": 0,
        "file": 1,
        "line": 31,
        "col": 15,
        "lit": "Compilar (build de producción)"
      },
      "contextName": "__run_2",
      "inputs": {
        "type": 2,
        "map": [
          {
            "key": "script",
            "value": {
              "type": 0,
              "file": 1,
              "line": 32,
              "col": 14,
              "lit": "npm run build"
            }
          }
        ]
      },
      "condition": "success()",
      "id": "ab0d6408-29ff-48a6-831a-cc976266c1d8",
      "name": "__run_2"
    },
    {
      "type": "action",
      "reference": {
        "type": "script"
      },
      "displayNameToken": {
        "type": 0,
        "file": 1,
        "line": 34,
        "col": 15,
        "lit": "Publicar en el volumen de nginx"
      },
      "contextName": "__run_3",
      "inputs": {
        "type": 2,
        "map": [
          {
            "key": "script",
            "value": {
              "type": 0,
              "file": 1,
              "line": 35,
              "col": 14,
              "lit": "podman exec signserver-web sh -c \"rm -rf /usr/share/nginx/html/assets/*\"\npodman cp dist/. signserver-web:/usr/share/nginx/html\npodman exec signserver-web nginx -s reload\n"
            }
          }
        ]
      },
      "condition": "success()",
      "id": "37fded51-f31b-4e0c-ab54-e0693151c30f",
      "name": "__run_3"
    }
  ],
  "variables": {
    "Actions.EnableHttpRedirects": {
      "value": "true"
    },
    "DistributedTask.AddWarningToNode12Action": {
      "value": "true"
    },
    "DistributedTask.AddWarningToNode16Action": {
      "value": "true"
    },
    "DistributedTask.AllowRunnerContainerHooks": {
      "value": "true"
    },
    "DistributedTask.DeprecateStepOutputCommands": {
      "value": "true"
    },
    "DistributedTask.DetailUntarFailure": {
      "value": "true"
    },
    "DistributedTask.EnableCompositeActions": {
      "value": "true"
    },
    "DistributedTask.EnableJobServerQueueTelemetry": {
      "value": "true"
    },
    "DistributedTask.EnhancedAnnotations": {
      "value": "true"
    },
    "DistributedTask.ForceGithubJavascriptActionsToNode16": {
      "value": "true"
    },
    "DistributedTask.ForceGithubJavascriptActionsToNode20": {
      "value": "true"
    },
    "DistributedTask.LogTemplateErrorsAsDebugMessages": {
      "value": "true"
    },
    "DistributedTask.MarkJobAsFailedOnWorkerCrash": {
      "value": "true"
    },
    "DistributedTask.NewActionMetadata": {
      "value": "true"
    },
    "DistributedTask.UploadStepSummary": {
      "value": "true"
    },
    "DistributedTask.UseActionArchiveCache": {
      "value": "true"
    },
    "DistributedTask.UseWhich2": {
      "value": "true"
    },
    "RunService.FixEmbeddedIssues": {
      "value": "true"
    },
    "actions.runner.requirenode24": {
      "value": "false"
    },
    "actions.runner.usenode24bydefault": {
      "value": "true"
    },
    "actions.runner.warnonnode20": {
      "value": "true"
    },
    "actions_add_check_run_id_to_job_context": {
      "value": "true"
    },
    "actions_batch_action_resolution": {
      "value": "false"
    },
    "actions_container_action_runner_temp": {
      "value": "true"
    },
    "actions_display_helpful_actions_download_errors": {
      "value": "true"
    },
    "actions_runner_allow_artifacts_file": {
      "value": "false"
    },
    "actions_runner_compare_workflow_parser": {
      "value": "false"
    },
    "actions_runner_deprecate_linux_arm32": {
      "value": "true"
    },
    "actions_runner_emit_composite_markers": {
      "value": "true"
    },
    "actions_runner_kill_linux_arm32": {
      "value": "false"
    },
    "actions_runner_node20_removal_date": {
      "value": ""
    },
    "actions_runner_node24_default_date": {
      "value": "June 16th, 2026"
    },
    "actions_self_repository": {
      "value": "true"
    },
    "actions_service_container_command": {
      "value": "true"
    },
    "actions_set_orchestration_id_env_for_actions": {
      "value": "true"
    },
    "actions_skip_retry_complete_job_upon_known_errors": {
      "value": "true"
    },
    "actions_snapshot_preflight_hosted_runner_check": {
      "value": "false"
    },
    "actions_snapshot_preflight_image_gen_pool_check": {
      "value": "false"
    },
    "actions_use_bearer_token_for_codeload": {
      "value": "false"
    },
    "actions_uses_cache_service_v2": {
      "value": "true"
    },
    "github_token": {
      "value": "***",
      "isSecret": true
    },
    "system.from_run_service": {
      "value": "true"
    },
    "system.github.job": {
      "value": "deploy"
    },
    "system.github.launch_endpoint": {
      "value": "https://launch.actions.githubusercontent.com"
    },
    "system.github.results_endpoint": {
      "value": "https://results-receiver.actions.githubusercontent.com/"
    },
    "system.github.results_upload_with_sdk": {
      "value": "true"
    },
    "system.github.token": {
      "value": "***",
      "isSecret": true
    },
    "system.github.token.permissions": {
      "value": "{\"Contents\":\"read\",\"Metadata\":\"read\",\"Packages\":\"read\"}"
    },
    "system.orchestrationId": {
      "value": "c1668322-7845-4dee-9a02-74ae6c6eee2c.deploy.__default"
    },
    "system.phaseDisplayName": {
      "value": "deploy"
    },
    "system.runner.lowdiskspacethreshold": {
      "value": "100"
    },
    "system.runnerEnvironment": {
      "value": "self-hosted"
    },
    "system.runnerGroupName": {
      "value": "Default"
    }
  },
  "messageType": "RunnerJobRequest",
  "plan": {
    "scopeIdentifier": "00000000-0000-0000-0000-000000000000",
    "planType": "actions",
    "version": 0,
    "planId": "c1668322-7845-4dee-9a02-74ae6c6eee2c",
    "planGroup": null,
    "artifactUri": null,
    "artifactLocation": null,
    "definition": null,
    "owner": null
  },
  "timeline": {
    "id": "c1668322-7845-4dee-9a02-74ae6c6eee2c",
    "changeId": 0,
    "location": null
  },
  "jobId": "08115490-1331-5b7c-92be-52f130bc5fa5",
  "jobDisplayName": "deploy",
  "jobName": "__default",
  "requestId": 0,
  "lockedUntil": "0001-01-01T00:00:00",
  "resources": {
    "endpoints": [
      {
        "data": {
          "ServerId": "",
          "ServerName": "",
          "CacheServerUrl": "https://artifactcache.actions.githubusercontent.com/EmAG2M8FINDSjrWclBxv8jvpEp68V4tP5qcz0uU8ldIEJDfNWQ/",
          "FeedStreamUrl": "wss://results-receiver.actions.githubusercontent.com/_ws/ingest.sock",
          "ResultsServiceUrl": "https://results-receiver.actions.githubusercontent.com/",
          "PipelinesServiceUrl": "https://pipelinesghubeus3.actions.githubusercontent.com/EmAG2M8FINDSjrWclBxv8jvpEp68V4tP5qcz0uU8ldIEJDfNWQ/",
          "GenerateIdTokenUrl": "",
          "ConnectivityChecks": "[\"https://broker.actions.githubusercontent.com/health\",\"https://token.actions.githubusercontent.com/ready\",\"https://run.actions.githubusercontent.com/health\"]",
          "ConnectivityAndDNSChecks": ""
        },
        "name": "SystemVssConnection",
        "url": "https://run-actions-3-azure-eastus.actions.githubusercontent.com/85/",
        "authorization": {
          "parameters": {
            "AccessToken": "***"
          },
          "scheme": "OAuth"
        },
        "isShared": false,
        "isReady": true
      }
    ]
  },
  "contextData": {
    "github": {
      "t": 2,
      "d": [
        {
          "k": "ref",
          "v": "refs/heads/main"
        },
        {
          "k": "sha",
          "v": "a03518692baca3b784fc0d272cac14ebf10513ca"
        },
        {
          "k": "repository",
          "v": "ElAlecs69/SignServer"
        },
        {
          "k": "repository_owner",
          "v": "ElAlecs69"
        },
        {
          "k": "repository_owner_id",
          "v": "182047642"
        },
        {
          "k": "repositoryUrl",
          "v": "git://github.com/ElAlecs69/SignServer.git"
        },
        {
          "k": "run_id",
          "v": "33029338611"
        },
        {
          "k": "run_number",
          "v": "8"
        },
        {
          "k": "retention_days",
          "v": "90"
        },
        {
          "k": "run_attempt",
          "v": "1"
        },
        {
          "k": "artifact_cache_size_limit",
          "v": "10"
        },
        {
          "k": "repository_visibility",
          "v": "private"
        },
        {
          "k": "actor_id",
          "v": "182047642"
        },
        {
          "k": "actor",
          "v": "ElAlecs69"
        },
        {
          "k": "workflow",
          "v": "Build y desplegar signserver-web"
        },
        {
          "k": "head_ref",
          "v": ""
        },
        {
          "k": "base_ref",
          "v": ""
        },
        {
          "k": "event_name",
          "v": "workflow_dispatch"
        },
        {
          "k": "server_url",
          "v": "https://github.com"
        },
        {
          "k": "api_url",
          "v": "https://api.github.com"
        },
        {
          "k": "graphql_url",
          "v": "https://api.github.com/graphql"
        },
        {
          "k": "ref_name",
          "v": "main"
        },
        {
          "k": "ref_protected",
          "v": false
        },
        {
          "k": "ref_type",
          "v": "branch"
        },
        {
          "k": "secret_source",
          "v": "Actions"
        },
        {
          "k": "event",
          "v": {
            "t": 2,
            "d": [
              {
                "k": "ref",
                "v": "refs/heads/main"
              },
              {
                "k": "workflow",
                "v": ".github/workflows/main.yml"
              },
              {
                "k": "inputs",
                "v": null
              },
              {
                "k": "repository",
                "v": {
                  "t": 2,
                  "d": [
                    {
                      "k": "id",
                      "v": 1346827750.0
                    },
                    {
                      "k": "node_id",
                      "v": "R_kgDOUEb15g"
                    },
                    {
                      "k": "name",
                      "v": "SignServer"
                    },
                    {
                      "k": "full_name",
                      "v": "ElAlecs69/SignServer"
                    },
                    {
                      "k": "private",
                      "v": true
                    },
                    {
                      "k": "owner",
                      "v": {
                        "t": 2,
                        "d": [
                          {
                            "k": "login",
                            "v": "ElAlecs69"
                          },
                          {
                            "k": "id",
                            "v": 182047642.0
                          },
                          {
                            "k": "node_id",
                            "v": "U_kgDOCtnTmg"
                          },
                          {
                            "k": "avatar_url",
                            "v": "https://avatars.githubusercontent.com/u/182047642?v=4"
                          },
                          {
                            "k": "gravatar_id",
                            "v": ""
                          },
                          {
                            "k": "url",
                            "v": "https://api.github.com/users/ElAlecs69"
                          },
                          {
                            "k": "html_url",
                            "v": "https://github.com/ElAlecs69"
                          },
                          {
                            "k": "followers_url",
                            "v": "https://api.github.com/users/ElAlecs69/followers"
                          },
                          {
                            "k": "following_url",
                            "v": "https://api.github.com/users/ElAlecs69/following{/other_user}"
                          },
                          {
                            "k": "gists_url",
                            "v": "https://api.github.com/users/ElAlecs69/gists{/gist_id}"
                          },
                          {
                            "k": "starred_url",
                            "v": "https://api.github.com/users/ElAlecs69/starred{/owner}{/repo}"
                          },
                          {
                            "k": "subscriptions_url",
                            "v": "https://api.github.com/users/ElAlecs69/subscriptions"
                          },
                          {
                            "k": "organizations_url",
                            "v": "https://api.github.com/users/ElAlecs69/orgs"
                          },
                          {
                            "k": "repos_url",
                            "v": "https://api.github.com/users/ElAlecs69/repos"
                          },
                          {
                            "k": "events_url",
                            "v": "https://api.github.com/users/ElAlecs69/events{/privacy}"
                          },
                          {
                            "k": "received_events_url",
                            "v": "https://api.github.com/users/ElAlecs69/received_events"
                          },
                          {
                            "k": "type",
                            "v": "User"
                          },
                          {
                            "k": "user_view_type",
                            "v": "public"
                          },
                          {
                            "k": "site_admin",
                            "v": false
                          }
                        ]
                      }
                    },
                    {
                      "k": "html_url",
                      "v": "https://github.com/ElAlecs69/SignServer"
                    },
                    {
                      "k": "description",
                      "v": null
                    },
                    {
                      "k": "fork",
                      "v": false
                    },
                    {
                      "k": "url",
                      "v": "https://api.github.com/repos/ElAlecs69/SignServer"
                    },
                    {
                      "k": "forks_url",
                      "v": "https://api.github.com/repos/ElAlecs69/SignServer/forks"
                    },
                    {
                      "k": "keys_url",
                      "v": "https://api.github.com/repos/ElAlecs69/SignServer/keys{/key_id}"
                    },
                    {
                      "k": "collaborators_url",
                      "v": "https://api.github.com/repos/ElAlecs69/SignServer/collaborators{/collaborator}"
                    },
                    {
                      "k": "teams_url",
                      "v": "https://api.github.com/repos/ElAlecs69/SignServer/teams"
                    },
                    {
                      "k": "hooks_url",
                      "v": "https://api.github.com/repos/ElAlecs69/SignServer/hooks"
                    },
                    {
                      "k": "issue_events_url",
                      "v": "https://api.github.com/repos/ElAlecs69/SignServer/issues/events{/number}"
                    },
                    {
                      "k": "events_url",
                      "v": "https://api.github.com/repos/ElAlecs69/SignServer/events"
                    },
                    {
                      "k": "assignees_url",
                      "v": "https://api.github.com/repos/ElAlecs69/SignServer/assignees{/user}"
                    },
                    {
                      "k": "branches_url",
                      "v": "https://api.github.com/repos/ElAlecs69/SignServer/branches{/branch}"
                    },
                    {
                      "k": "tags_url",
                      "v": "https://api.github.com/repos/ElAlecs69/SignServer/tags"
                    },
                    {
                      "k": "blobs_url",
                      "v": "https://api.github.com/repos/ElAlecs69/SignServer/git/blobs{/sha}"
                    },
                    {
                      "k": "git_tags_url",
                      "v": "https://api.github.com/repos/ElAlecs69/SignServer/git/tags{/sha}"
                    },
                    {
                      "k": "git_refs_url",
                      "v": "https://api.github.com/repos/ElAlecs69/SignServer/git/refs{/sha}"
                    },
                    {
                      "k": "trees_url",
                      "v": "https://api.github.com/repos/ElAlecs69/SignServer/git/trees{/sha}"
                    },
                    {
                      "k": "statuses_url",
                      "v": "https://api.github.com/repos/ElAlecs69/SignServer/statuses/{sha}"
                    },
                    {
                      "k": "languages_url",
                      "v": "https://api.github.com/repos/ElAlecs69/SignServer/languages"
                    },
                    {
                      "k": "stargazers_url",
                      "v": "https://api.github.com/repos/ElAlecs69/SignServer/stargazers"
                    },
                    {
                      "k": "contributors_url",
                      "v": "https://api.github.com/repos/ElAlecs69/SignServer/contributors"
                    },
                    {
                      "k": "subscribers_url",
                      "v": "https://api.github.com/repos/ElAlecs69/SignServer/subscribers"
                    },
                    {
                      "k": "subscription_url",
                      "v": "https://api.github.com/repos/ElAlecs69/SignServer/subscription"
                    },
                    {
                      "k": "commits_url",
                      "v": "https://api.github.com/repos/ElAlecs69/SignServer/commits{/sha}"
                    },
                    {
                      "k": "git_commits_url",
                      "v": "https://api.github.com/repos/ElAlecs69/SignServer/git/commits{/sha}"
                    },
                    {
                      "k": "comments_url",
                      "v": "https://api.github.com/repos/ElAlecs69/SignServer/comments{/number}"
                    },
                    {
                      "k": "issue_comment_url",
                      "v": "https://api.github.com/repos/ElAlecs69/SignServer/issues/comments{/number}"
                    },
                    {
                      "k": "contents_url",
                      "v": "https://api.github.com/repos/ElAlecs69/SignServer/contents/{+path}"
                    },
                    {
                      "k": "compare_url",
                      "v": "https://api.github.com/repos/ElAlecs69/SignServer/compare/{base}...{head}"
                    },
                    {
                      "k": "merges_url",
                      "v": "https://api.github.com/repos/ElAlecs69/SignServer/merges"
                    },
                    {
                      "k": "archive_url",
                      "v": "https://api.github.com/repos/ElAlecs69/SignServer/{archive_format}{/ref}"
                    },
                    {
                      "k": "downloads_url",
                      "v": "https://api.github.com/repos/ElAlecs69/SignServer/downloads"
                    },
                    {
                      "k": "issues_url",
                      "v": "https://api.github.com/repos/ElAlecs69/SignServer/issues{/number}"
                    },
                    {
                      "k": "pulls_url",
                      "v": "https://api.github.com/repos/ElAlecs69/SignServer/pulls{/number}"
                    },
                    {
                      "k": "milestones_url",
                      "v": "https://api.github.com/repos/ElAlecs69/SignServer/milestones{/number}"
                    },
                    {
                      "k": "notifications_url",
                      "v": "https://api.github.com/repos/ElAlecs69/SignServer/notifications{?since,all,participating}"
                    },
                    {
                      "k": "labels_url",
                      "v": "https://api.github.com/repos/ElAlecs69/SignServer/labels{/name}"
                    },
                    {
                      "k": "releases_url",
                      "v": "https://api.github.com/repos/ElAlecs69/SignServer/releases{/id}"
                    },
                    {
                      "k": "deployments_url",
                      "v": "https://api.github.com/repos/ElAlecs69/SignServer/deployments"
                    },
                    {
                      "k": "created_at",
                      "v": "2026-08-26T02:38:56Z"
                    },
                    {
                      "k": "updated_at",
                      "v": "2026-08-27T01:10:27Z"
                    },
                    {
                      "k": "pushed_at",
                      "v": "2026-08-27T01:10:21Z"
                    },
                    {
                      "k": "git_url",
                      "v": "git://github.com/ElAlecs69/SignServer.git"
                    },
                    {
                      "k": "ssh_url",
                      "v": "git@github.com:ElAlecs69/SignServer.git"
                    },
                    {
                      "k": "clone_url",
                      "v": "https://github.com/ElAlecs69/SignServer.git"
                    },
                    {
                      "k": "svn_url",
                      "v": "https://github.com/ElAlecs69/SignServer"
                    },
                    {
                      "k": "homepage",
                      "v": null
                    },
                    {
                      "k": "size",
                      "v": 49.0
                    },
                    {
                      "k": "stargazers_count",
                      "v": 0.0
                    },
                    {
                      "k": "watchers_count",
                      "v": 0.0
                    },
                    {
                      "k": "language",
                      "v": "TypeScript"
                    },
                    {
                      "k": "has_issues",
                      "v": true
                    },
                    {
                      "k": "has_projects",
                      "v": true
                    },
                    {
                      "k": "has_downloads",
                      "v": false
                    },
                    {
                      "k": "has_wiki",
                      "v": false
                    },
                    {
                      "k": "has_pages",
                      "v": false
                    },
                    {
                      "k": "has_discussions",
                      "v": false
                    },
                    {
                      "k": "forks_count",
                      "v": 0.0
                    },
                    {
                      "k": "mirror_url",
                      "v": null
                    },
                    {
                      "k": "archived",
                      "v": false
                    },
                    {
                      "k": "disabled",
                      "v": false
                    },
                    {
                      "k": "open_issues_count",
                      "v": 0.0
                    },
                    {
                      "k": "license",
                      "v": null
                    },
                    {
                      "k": "allow_forking",
                      "v": true
                    },
                    {
                      "k": "is_template",
                      "v": false
                    },
                    {
                      "k": "web_commit_signoff_required",
                      "v": false
                    },
                    {
                      "k": "has_pull_requests",
                      "v": true
                    },
                    {
                      "k": "pull_request_creation_policy",
                      "v": "all"
                    },
                    {
                      "k": "topics",
                      "v": {
                        "t": 1
                      }
                    },
                    {
                      "k": "visibility",
                      "v": "private"
                    },
                    {
                      "k": "forks",
                      "v": 0.0
                    },
                    {
                      "k": "open_issues",
                      "v": 0.0
                    },
                    {
                      "k": "watchers",
                      "v": 0.0
                    },
                    {
                      "k": "default_branch",
                      "v": "main"
                    }
                  ]
                }
              },
              {
                "k": "sender",
                "v": {
                  "t": 2,
                  "d": [
                    {
                      "k": "login",
                      "v": "ElAlecs69"
                    },
                    {
                      "k": "id",
                      "v": 182047642.0
                    },
                    {
                      "k": "node_id",
                      "v": "U_kgDOCtnTmg"
                    },
                    {
                      "k": "avatar_url",
                      "v": "https://avatars.githubusercontent.com/u/182047642?v=4"
                    },
                    {
                      "k": "gravatar_id",
                      "v": ""
                    },
                    {
                      "k": "url",
                      "v": "https://api.github.com/users/ElAlecs69"
                    },
                    {
                      "k": "html_url",
                      "v": "https://github.com/ElAlecs69"
                    },
                    {
                      "k": "followers_url",
                      "v": "https://api.github.com/users/ElAlecs69/followers"
                    },
                    {
                      "k": "following_url",
                      "v": "https://api.github.com/users/ElAlecs69/following{/other_user}"
                    },
                    {
                      "k": "gists_url",
                      "v": "https://api.github.com/users/ElAlecs69/gists{/gist_id}"
                    },
                    {
                      "k": "starred_url",
                      "v": "https://api.github.com/users/ElAlecs69/starred{/owner}{/repo}"
                    },
                    {
                      "k": "subscriptions_url",
                      "v": "https://api.github.com/users/ElAlecs69/subscriptions"
                    },
                    {
                      "k": "organizations_url",
                      "v": "https://api.github.com/users/ElAlecs69/orgs"
                    },
                    {
                      "k": "repos_url",
                      "v": "https://api.github.com/users/ElAlecs69/repos"
                    },
                    {
                      "k": "events_url",
                      "v": "https://api.github.com/users/ElAlecs69/events{/privacy}"
                    },
                    {
                      "k": "received_events_url",
                      "v": "https://api.github.com/users/ElAlecs69/received_events"
                    },
                    {
                      "k": "type",
                      "v": "User"
                    },
                    {
                      "k": "user_view_type",
                      "v": "public"
                    },
                    {
                      "k": "site_admin",
                      "v": false
                    }
                  ]
                }
              }
            ]
          }
        },
        {
          "k": "workflow_ref",
          "v": "ElAlecs69/SignServer/.github/workflows/main.yml@refs/heads/main"
        },
        {
          "k": "workflow_sha",
          "v": "a03518692baca3b784fc0d272cac14ebf10513ca"
        },
        {
          "k": "repository_id",
          "v": "1346827750"
        },
        {
          "k": "triggering_actor",
          "v": "ElAlecs69"
        }
      ]
    },
    "inputs": {
      "t": 2
    },
    "job": {
      "t": 2,
      "d": [
        {
          "k": "check_run_id",
          "v": 98377968296.0
        },
        {
          "k": "workflow_ref",
          "v": "ElAlecs69/SignServer/.github/workflows/main.yml@refs/heads/main"
        },
        {
          "k": "workflow_sha",
          "v": "a03518692baca3b784fc0d272cac14ebf10513ca"
        },
        {
          "k": "workflow_repository",
          "v": "ElAlecs69/SignServer"
        },
        {
          "k": "workflow_file_path",
          "v": ".github/workflows/main.yml"
        }
      ]
    },
    "matrix": null,
    "needs": {
      "t": 2
    },
    "strategy": {
      "t": 2,
      "d": [
        {
          "k": "fail-fast",
          "v": true
        },
        {
          "k": "job-index",
          "v": 0.0
        },
        {
          "k": "job-total",
          "v": 1.0
        },
        {
          "k": "max-parallel",
          "v": 1.0
        }
      ]
    },
    "vars": {
      "t": 2
    }
  },
  "billingOwnerId": "U_kgDOCtnTmg"
}
[2026-08-27 01:12:29Z INFO JobRunner] Job ID 08115490-1331-5b7c-92be-52f130bc5fa5
[2026-08-27 01:12:29Z INFO ConfigurationStore] currentAssemblyLocation: D:\actions-runner\bin\Runner.Worker.dll
[2026-08-27 01:12:29Z INFO HostContext] Well known directory 'Bin': 'D:\actions-runner\bin'
[2026-08-27 01:12:29Z INFO ConfigurationStore] binPath: D:\actions-runner\bin
[2026-08-27 01:12:29Z INFO HostContext] Well known directory 'Bin': 'D:\actions-runner\bin'
[2026-08-27 01:12:29Z INFO HostContext] Well known directory 'Root': 'D:\actions-runner'
[2026-08-27 01:12:29Z INFO ConfigurationStore] RootFolder: D:\actions-runner
[2026-08-27 01:12:29Z INFO HostContext] Well known directory 'Bin': 'D:\actions-runner\bin'
[2026-08-27 01:12:29Z INFO HostContext] Well known directory 'Root': 'D:\actions-runner'
[2026-08-27 01:12:29Z INFO HostContext] Well known config file 'Runner': 'D:\actions-runner\.runner'
[2026-08-27 01:12:29Z INFO ConfigurationStore] ConfigFilePath: D:\actions-runner\.runner
[2026-08-27 01:12:29Z INFO HostContext] Well known directory 'Bin': 'D:\actions-runner\bin'
[2026-08-27 01:12:29Z INFO HostContext] Well known directory 'Root': 'D:\actions-runner'
[2026-08-27 01:12:29Z INFO HostContext] Well known config file 'MigratedRunner': 'D:\actions-runner\.runner_migrated'
[2026-08-27 01:12:29Z INFO ConfigurationStore] MigratedConfigFilePath: D:\actions-runner\.runner_migrated
[2026-08-27 01:12:29Z INFO HostContext] Well known directory 'Bin': 'D:\actions-runner\bin'
[2026-08-27 01:12:29Z INFO HostContext] Well known directory 'Root': 'D:\actions-runner'
[2026-08-27 01:12:29Z INFO HostContext] Well known config file 'Credentials': 'D:\actions-runner\.credentials'
[2026-08-27 01:12:29Z INFO ConfigurationStore] CredFilePath: D:\actions-runner\.credentials
[2026-08-27 01:12:29Z INFO HostContext] Well known directory 'Bin': 'D:\actions-runner\bin'
[2026-08-27 01:12:29Z INFO HostContext] Well known directory 'Root': 'D:\actions-runner'
[2026-08-27 01:12:29Z INFO HostContext] Well known config file 'MigratedCredentials': 'D:\actions-runner\.credentials_migrated'
[2026-08-27 01:12:29Z INFO ConfigurationStore] MigratedCredFilePath: D:\actions-runner\.credentials_migrated
[2026-08-27 01:12:29Z INFO HostContext] Well known directory 'Bin': 'D:\actions-runner\bin'
[2026-08-27 01:12:29Z INFO HostContext] Well known directory 'Root': 'D:\actions-runner'
[2026-08-27 01:12:29Z INFO HostContext] Well known config file 'Service': 'D:\actions-runner\.service'
[2026-08-27 01:12:29Z INFO ConfigurationStore] ServiceConfigFilePath: D:\actions-runner\.service
[2026-08-27 01:12:29Z INFO ConfigurationStore] Read setting file: 388 chars
[2026-08-27 01:12:29Z INFO JobRunner] Initializing launch client
[2026-08-27 01:12:29Z INFO JobServerQueue] Initializing results client
[2026-08-27 01:12:29Z INFO ResultServer] Creating websocket client ...wss://results-receiver.actions.githubusercontent.com/_ws/ingest.sock
[2026-08-27 01:12:29Z INFO ResultServer] Attempting to start websocket client with delay 00:00:00.
[2026-08-27 01:12:29Z INFO JobServerQueue] Start process web console line queue.
[2026-08-27 01:12:29Z INFO JobServerQueue] Start process file upload queue.
[2026-08-27 01:12:29Z INFO JobServerQueue] Start results file upload queue.
[2026-08-27 01:12:29Z INFO JobServerQueue] Starting results-based upload queue...
[2026-08-27 01:12:29Z INFO JobServerQueue] Start process timeline update queue.
[2026-08-27 01:12:29Z INFO ExecutionContext] Initializing Job context
[2026-08-27 01:12:29Z INFO ExecutionContext] Initialize GitHub context
[2026-08-27 01:12:29Z INFO ExecutionContext] Initialize Env context
[2026-08-27 01:12:29Z INFO HostContext] Well known directory 'Bin': 'D:\actions-runner\bin'
[2026-08-27 01:12:29Z INFO HostContext] Well known directory 'Root': 'D:\actions-runner'
[2026-08-27 01:12:29Z INFO HostContext] Well known directory 'Diag': 'D:\actions-runner\_diag'
[2026-08-27 01:12:29Z INFO HostContext] Well known directory 'Bin': 'D:\actions-runner\bin'
[2026-08-27 01:12:29Z INFO HostContext] Well known directory 'Root': 'D:\actions-runner'
[2026-08-27 01:12:29Z INFO HostContext] Well known directory 'Diag': 'D:\actions-runner\_diag'
[2026-08-27 01:12:29Z INFO JobRunner] Starting the job execution context.
[2026-08-27 01:12:29Z INFO HostContext] Well known directory 'Bin': 'D:\actions-runner\bin'
[2026-08-27 01:12:29Z INFO HostContext] Well known directory 'Root': 'D:\actions-runner'
[2026-08-27 01:12:29Z INFO HostContext] Well known directory 'Work': 'D:\actions-runner\_work'
[2026-08-27 01:12:29Z INFO JobRunner] Validating directory permissions for: 'D:\actions-runner\_work'
[2026-08-27 01:12:29Z INFO HostContext] Well known directory 'Bin': 'D:\actions-runner\bin'
[2026-08-27 01:12:29Z INFO HostContext] Well known directory 'Root': 'D:\actions-runner'
[2026-08-27 01:12:29Z INFO HostContext] Well known directory 'Work': 'D:\actions-runner\_work'
[2026-08-27 01:12:29Z INFO HostContext] Well known directory 'Tools': 'D:\actions-runner\_work\_tool'
[2026-08-27 01:12:29Z INFO HostContext] Well known directory 'Bin': 'D:\actions-runner\bin'
[2026-08-27 01:12:29Z INFO HostContext] Well known directory 'Root': 'D:\actions-runner'
[2026-08-27 01:12:29Z INFO HostContext] Well known directory 'Work': 'D:\actions-runner\_work'
[2026-08-27 01:12:29Z INFO HostContext] Well known directory 'Temp': 'D:\actions-runner\_work\_temp'
[2026-08-27 01:12:29Z INFO JobRunner] Getting job extension.
[2026-08-27 01:12:29Z INFO JobRunner] Initialize job. Getting all job steps.
[2026-08-27 01:12:29Z INFO HostContext] Well known directory 'Bin': 'D:\actions-runner\bin'
[2026-08-27 01:12:29Z INFO HostContext] Well known directory 'Root': 'D:\actions-runner'
[2026-08-27 01:12:29Z INFO HostContext] Well known directory 'Diag': 'D:\actions-runner\_diag'
[2026-08-27 01:12:29Z INFO HostContext] Well known directory 'Bin': 'D:\actions-runner\bin'
[2026-08-27 01:12:29Z INFO HostContext] Well known directory 'Root': 'D:\actions-runner'
[2026-08-27 01:12:29Z INFO HostContext] Well known directory 'Diag': 'D:\actions-runner\_diag'
[2026-08-27 01:12:29Z INFO HostContext] Well known directory 'Bin': 'D:\actions-runner\bin'
[2026-08-27 01:12:29Z INFO HostContext] Well known directory 'Root': 'D:\actions-runner'
[2026-08-27 01:12:29Z INFO HostContext] Well known config file 'Credentials': 'D:\actions-runner\.credentials'
[2026-08-27 01:12:29Z INFO HostContext] Well known directory 'Bin': 'D:\actions-runner\bin'
[2026-08-27 01:12:29Z INFO HostContext] Well known directory 'Root': 'D:\actions-runner'
[2026-08-27 01:12:29Z INFO HostContext] Well known config file 'SetupInfo': 'D:\actions-runner\.setup_info'
[2026-08-27 01:12:29Z INFO HostContext] Well known directory 'Bin': 'D:\actions-runner\bin'
[2026-08-27 01:12:29Z INFO HostContext] Well known directory 'Root': 'D:\actions-runner'
[2026-08-27 01:12:29Z INFO HostContext] Well known directory 'Work': 'D:\actions-runner\_work'
[2026-08-27 01:12:29Z INFO PipelineDirectoryManager] Loading tracking config if exists: D:\actions-runner\_work\_PipelineMapping\ElAlecs69/SignServer\PipelineFolder.json
[2026-08-27 01:12:29Z INFO PipelineDirectoryManager] Updating job run properties.
[2026-08-27 01:12:29Z INFO HostContext] Well known directory 'Bin': 'D:\actions-runner\bin'
[2026-08-27 01:12:29Z INFO HostContext] Well known directory 'Root': 'D:\actions-runner'
[2026-08-27 01:12:29Z INFO HostContext] Well known directory 'Work': 'D:\actions-runner\_work'
[2026-08-27 01:12:29Z INFO HostContext] Well known directory 'Bin': 'D:\actions-runner\bin'
[2026-08-27 01:12:29Z INFO HostContext] Well known directory 'Root': 'D:\actions-runner'
[2026-08-27 01:12:29Z INFO HostContext] Well known directory 'Work': 'D:\actions-runner\_work'
[2026-08-27 01:12:29Z INFO HostContext] Well known directory 'Bin': 'D:\actions-runner\bin'
[2026-08-27 01:12:29Z INFO HostContext] Well known directory 'Root': 'D:\actions-runner'
[2026-08-27 01:12:29Z INFO HostContext] Well known directory 'Work': 'D:\actions-runner\_work'
[2026-08-27 01:12:29Z INFO JobExtension] Downloading actions
[2026-08-27 01:12:29Z INFO HostContext] Well known directory 'Bin': 'D:\actions-runner\bin'
[2026-08-27 01:12:29Z INFO HostContext] Well known directory 'Root': 'D:\actions-runner'
[2026-08-27 01:12:29Z INFO HostContext] Well known directory 'Work': 'D:\actions-runner\_work'
[2026-08-27 01:12:29Z INFO HostContext] Well known directory 'Actions': 'D:\actions-runner\_work\_actions'
[2026-08-27 01:12:29Z INFO Worker] Listening for cancel message from the channel.
[2026-08-27 01:12:29Z INFO Worker] Waiting for the job to complete or for a cancel message from the channel.
[2026-08-27 01:12:30Z INFO ResultServer] Successfully started websocket client.
[2026-08-27 01:12:30Z INFO JobServerQueue] Try to append 1 batches web console lines for record '2f9d726d-bc63-4578-8ac1-b5534c00069a', success rate: 1/1.
[2026-08-27 01:12:30Z INFO HostContext] Well known directory 'Bin': 'D:\actions-runner\bin'
[2026-08-27 01:12:30Z INFO HostContext] Well known directory 'Root': 'D:\actions-runner'
[2026-08-27 01:12:30Z INFO HostContext] Well known directory 'Work': 'D:\actions-runner\_work'
[2026-08-27 01:12:30Z INFO HostContext] Well known directory 'Actions': 'D:\actions-runner\_work\_actions'
[2026-08-27 01:12:30Z INFO HostContext] Well known directory 'Bin': 'D:\actions-runner\bin'
[2026-08-27 01:12:30Z INFO HostContext] Well known directory 'Root': 'D:\actions-runner'
[2026-08-27 01:12:30Z INFO HostContext] Well known directory 'Work': 'D:\actions-runner\_work'
[2026-08-27 01:12:30Z INFO HostContext] Well known directory 'Actions': 'D:\actions-runner\_work\_actions'
[2026-08-27 01:12:30Z INFO ActionManager] Save archive 'https://codeload.github.com/actions/checkout/zip/11d5960a326750d5838078e36cf38b85af677262' into D:\actions-runner\_work\_actions\_temp_8a6104d0-249b-460d-aaa6-bebf553e1508\413a67ba-865e-4c8d-8ce6-c20ee2302013.zip.
[2026-08-27 01:12:30Z INFO ActionManager] Using Basic token for action archive download.
[2026-08-27 01:12:30Z INFO JobServerQueue] Try to append 1 batches web console lines for record '2f9d726d-bc63-4578-8ac1-b5534c00069a', success rate: 1/1.
[2026-08-27 01:12:30Z INFO JobServerQueue] Job timeline record has been updated for the first time.
[2026-08-27 01:12:30Z INFO ActionManager] Request URL: https://codeload.github.com/actions/checkout/zip/11d5960a326750d5838078e36cf38b85af677262 X-GitHub-Request-Id: 0E14:233850:EF0F3:17B772:6A8F8EF1 Http Status: OK
[2026-08-27 01:12:31Z INFO ActionManager] Finished getting action repository.
[2026-08-27 01:12:31Z INFO HostContext] Well known directory 'Bin': 'D:\actions-runner\bin'
[2026-08-27 01:12:31Z INFO HostContext] Well known directory 'Root': 'D:\actions-runner'
[2026-08-27 01:12:31Z INFO HostContext] Well known directory 'Work': 'D:\actions-runner\_work'
[2026-08-27 01:12:31Z INFO HostContext] Well known directory 'Actions': 'D:\actions-runner\_work\_actions'
[2026-08-27 01:12:31Z INFO HostContext] Well known directory 'Bin': 'D:\actions-runner\bin'
[2026-08-27 01:12:31Z INFO HostContext] Well known directory 'Root': 'D:\actions-runner'
[2026-08-27 01:12:31Z INFO HostContext] Well known directory 'Work': 'D:\actions-runner\_work'
[2026-08-27 01:12:31Z INFO HostContext] Well known directory 'Actions': 'D:\actions-runner\_work\_actions'
[2026-08-27 01:12:31Z INFO ActionManager] Save archive 'https://codeload.github.com/actions/setup-node/zip/49933ea5288caeca8642d1e84afbd3f7d6820020' into D:\actions-runner\_work\_actions\_temp_5ab16ec4-27b1-4749-bf97-9f51d3f02175\0b023f97-ac9a-47c3-8ebb-cb3bc44af04a.zip.
[2026-08-27 01:12:31Z INFO ActionManager] Using Basic token for action archive download.
[2026-08-27 01:12:31Z INFO JobServerQueue] Try to append 1 batches web console lines for record '2f9d726d-bc63-4578-8ac1-b5534c00069a', success rate: 1/1.
[2026-08-27 01:12:31Z INFO ActionManager] Request URL: https://codeload.github.com/actions/setup-node/zip/49933ea5288caeca8642d1e84afbd3f7d6820020 X-GitHub-Request-Id: 0E16:217AA2:EEBE7:17B23D:6A8F8EF2 Http Status: OK
[2026-08-27 01:12:32Z INFO ActionManager] Finished getting action repository.
[2026-08-27 01:12:32Z INFO HostContext] Well known directory 'Bin': 'D:\actions-runner\bin'
[2026-08-27 01:12:32Z INFO HostContext] Well known directory 'Root': 'D:\actions-runner'
[2026-08-27 01:12:32Z INFO HostContext] Well known directory 'Work': 'D:\actions-runner\_work'
[2026-08-27 01:12:32Z INFO HostContext] Well known directory 'Actions': 'D:\actions-runner\_work\_actions'
[2026-08-27 01:12:32Z INFO ActionManifestManagerLegacy] Load schema file with definitions: [
  "null",
  "boolean",
  "number",
  "string",
  "sequence",
  "mapping",
  "any",
  "action-root",
  "inputs",
  "input",
  "outputs",
  "output-definition",
  "runs",
  "container-runs",
  "container-runs-args",
  "container-runs-env",
  "node-runs",
  "plugin-runs",
  "composite-runs",
  "composite-steps",
  "composite-step",
  "run-step",
  "uses-step",
  "container-runs-context",
  "output-value",
  "input-default-context",
  "non-empty-string",
  "string-steps-context",
  "boolean-steps-context",
  "step-env",
  "step-if",
  "step-with"
]
[2026-08-27 01:12:32Z INFO ActionManifestManager] Load schema file with definitions: [
  "null",
  "boolean",
  "number",
  "string",
  "sequence",
  "mapping",
  "any",
  "action-root",
  "inputs",
  "input",
  "outputs",
  "output-definition",
  "runs",
  "container-runs",
  "container-runs-args",
  "container-runs-env",
  "node-runs",
  "plugin-runs",
  "composite-runs",
  "composite-steps",
  "composite-step",
  "run-step",
  "uses-step",
  "container-runs-context",
  "output-value",
  "input-default-context",
  "non-empty-string",
  "string-steps-context",
  "boolean-steps-context",
  "step-env",
  "step-if",
  "step-with"
]
[2026-08-27 01:12:32Z INFO HostContext] Well known directory 'Bin': 'D:\actions-runner\bin'
[2026-08-27 01:12:32Z INFO HostContext] Well known directory 'Root': 'D:\actions-runner'
[2026-08-27 01:12:32Z INFO HostContext] Well known directory 'Work': 'D:\actions-runner\_work'
[2026-08-27 01:12:32Z INFO HostContext] Well known directory 'Actions': 'D:\actions-runner\_work\_actions'
[2026-08-27 01:12:32Z INFO ActionManifestManagerLegacy] Loaded action.yml file: {
  "name": "Checkout",
  "description": "Checkout a Git repository at a particular version",
  "inputs": {
    "type": 2,
    "map": [
      {
        "key": {
          "type": 0,
          "file": 2,
          "line": 4,
          "col": 3,
          "lit": "repository"
        },
        "value": {
          "type": 3,
          "file": 2,
          "line": 6,
          "col": 14,
          "expr": "github.repository"
        }
      },
      {
        "key": {
          "type": 0,
          "file": 2,
          "line": 7,
          "col": 3,
          "lit": "ref"
        },
        "value": ""
      },
      {
        "key": {
          "type": 0,
          "file": 2,
          "line": 12,
          "col": 3,
          "lit": "token"
        },
        "value": {
          "type": 3,
          "file": 2,
          "line": 24,
          "col": 14,
          "expr": "github.token"
        }
      },
      {
        "key": {
          "type": 0,
          "file": 2,
          "line": 25,
          "col": 3,
          "lit": "ssh-key"
        },
        "value": ""
      },
      {
        "key": {
          "type": 0,
          "file": 2,
          "line": 37,
          "col": 3,
          "lit": "ssh-known-hosts"
        },
        "value": ""
      },
      {
        "key": {
          "type": 0,
          "file": 2,
          "line": 42,
          "col": 3,
          "lit": "ssh-strict"
        },
        "value": {
          "type": 0,
          "file": 2,
          "line": 47,
          "col": 14,
          "lit": "true"
        }
      },
      {
        "key": {
          "type": 0,
          "file": 2,
          "line": 48,
          "col": 3,
          "lit": "ssh-user"
        },
        "value": {
          "type": 0,
          "file": 2,
          "line": 51,
          "col": 14,
          "lit": "git"
        }
      },
      {
        "key": {
          "type": 0,
          "file": 2,
          "line": 52,
          "col": 3,
          "lit": "persist-credentials"
        },
        "value": {
          "type": 0,
          "file": 2,
          "line": 54,
          "col": 14,
          "lit": "true"
        }
      },
      {
        "key": {
          "type": 0,
          "file": 2,
          "line": 55,
          "col": 3,
          "lit": "path"
        },
        "value": ""
      },
      {
        "key": {
          "type": 0,
          "file": 2,
          "line": 57,
          "col": 3,
          "lit": "clean"
        },
        "value": {
          "type": 0,
          "file": 2,
          "line": 59,
          "col": 14,
          "lit": "true"
        }
      },
      {
        "key": {
          "type": 0,
          "file": 2,
          "line": 60,
          "col": 3,
          "lit": "filter"
        },
        "value": {
          "type": 0,
          "file": 2,
          "line": 64,
          "col": 14,
          "lit": ""
        }
      },
      {
        "key": {
          "type": 0,
          "file": 2,
          "line": 65,
          "col": 3,
          "lit": "sparse-checkout"
        },
        "value": {
          "type": 0,
          "file": 2,
          "line": 69,
          "col": 14,
          "lit": ""
        }
      },
      {
        "key": {
          "type": 0,
          "file": 2,
          "line": 70,
          "col": 3,
          "lit": "sparse-checkout-cone-mode"
        },
        "value": {
          "type": 0,
          "file": 2,
          "line": 73,
          "col": 14,
          "lit": "true"
        }
      },
      {
        "key": {
          "type": 0,
          "file": 2,
          "line": 74,
          "col": 3,
          "lit": "fetch-depth"
        },
        "value": {
          "type": 0,
          "file": 2,
          "line": 76,
          "col": 14,
          "lit": "1"
        }
      },
      {
        "key": {
          "type": 0,
          "file": 2,
          "line": 77,
          "col": 3,
          "lit": "fetch-tags"
        },
        "value": {
          "type": 0,
          "file": 2,
          "line": 79,
          "col": 14,
          "lit": "false"
        }
      },
      {
        "key": {
          "type": 0,
          "file": 2,
          "line": 80,
          "col": 3,
          "lit": "show-progress"
        },
        "value": {
          "type": 0,
          "file": 2,
          "line": 82,
          "col": 14,
          "lit": "true"
        }
      },
      {
        "key": {
          "type": 0,
          "file": 2,
          "line": 83,
          "col": 3,
          "lit": "lfs"
        },
        "value": {
          "type": 0,
          "file": 2,
          "line": 85,
          "col": 14,
          "lit": "false"
        }
      },
      {
        "key": {
          "type": 0,
          "file": 2,
          "line": 86,
          "col": 3,
          "lit": "submodules"
        },
        "value": {
          "type": 0,
          "file": 2,
          "line": 94,
          "col": 14,
          "lit": "false"
        }
      },
      {
        "key": {
          "type": 0,
          "file": 2,
          "line": 95,
          "col": 3,
          "lit": "set-safe-directory"
        },
        "value": {
          "type": 0,
          "file": 2,
          "line": 97,
          "col": 14,
          "lit": "true"
        }
      },
      {
        "key": {
          "type": 0,
          "file": 2,
          "line": 98,
          "col": 3,
          "lit": "github-server-url"
        },
        "value": ""
      },
      {
        "key": {
          "type": 0,
          "file": 2,
          "line": 101,
          "col": 3,
          "lit": "allow-unsafe-pr-checkout"
        },
        "value": {
          "type": 0,
          "file": 2,
          "line": 109,
          "col": 14,
          "lit": "false"
        }
      }
    ]
  },
  "execution": {
    "executionType": "nodeJS",
    "hasPre": false,
    "hasPost": true,
    "script": "dist/index.js",
    "pre": null,
    "post": "dist/index.js",
    "nodeVersion": "node20",
    "cleanupCondition": "always()",
    "initCondition": "always()"
  },
  "deprecated": null
}
[2026-08-27 01:12:32Z INFO ActionManager] Action node.js file: dist/index.js, no more preparation.
[2026-08-27 01:12:32Z INFO HostContext] Well known directory 'Bin': 'D:\actions-runner\bin'
[2026-08-27 01:12:32Z INFO HostContext] Well known directory 'Root': 'D:\actions-runner'
[2026-08-27 01:12:32Z INFO HostContext] Well known directory 'Work': 'D:\actions-runner\_work'
[2026-08-27 01:12:32Z INFO HostContext] Well known directory 'Actions': 'D:\actions-runner\_work\_actions'
[2026-08-27 01:12:32Z INFO ActionManager] Load action that reference repository from 'D:\actions-runner\_work\_actions\actions\checkout\v4'
[2026-08-27 01:12:32Z INFO HostContext] Well known directory 'Bin': 'D:\actions-runner\bin'
[2026-08-27 01:12:32Z INFO HostContext] Well known directory 'Root': 'D:\actions-runner'
[2026-08-27 01:12:32Z INFO HostContext] Well known directory 'Work': 'D:\actions-runner\_work'
[2026-08-27 01:12:32Z INFO HostContext] Well known directory 'Actions': 'D:\actions-runner\_work\_actions'
[2026-08-27 01:12:32Z INFO ActionManifestManagerLegacy] Loaded action.yml file: {
  "name": "Checkout",
  "description": "Checkout a Git repository at a particular version",
  "inputs": {
    "type": 2,
    "map": [
      {
        "key": {
          "type": 0,
          "file": 2,
          "line": 4,
          "col": 3,
          "lit": "repository"
        },
        "value": {
          "type": 3,
          "file": 2,
          "line": 6,
          "col": 14,
          "expr": "github.repository"
        }
      },
      {
        "key": {
          "type": 0,
          "file": 2,
          "line": 7,
          "col": 3,
          "lit": "ref"
        },
        "value": ""
      },
      {
        "key": {
          "type": 0,
          "file": 2,
          "line": 12,
          "col": 3,
          "lit": "token"
        },
        "value": {
          "type": 3,
          "file": 2,
          "line": 24,
          "col": 14,
          "expr": "github.token"
        }
      },
      {
        "key": {
          "type": 0,
          "file": 2,
          "line": 25,
          "col": 3,
          "lit": "ssh-key"
        },
        "value": ""
      },
      {
        "key": {
          "type": 0,
          "file": 2,
          "line": 37,
          "col": 3,
          "lit": "ssh-known-hosts"
        },
        "value": ""
      },
      {
        "key": {
          "type": 0,
          "file": 2,
          "line": 42,
          "col": 3,
          "lit": "ssh-strict"
        },
        "value": {
          "type": 0,
          "file": 2,
          "line": 47,
          "col": 14,
          "lit": "true"
        }
      },
      {
        "key": {
          "type": 0,
          "file": 2,
          "line": 48,
          "col": 3,
          "lit": "ssh-user"
        },
        "value": {
          "type": 0,
          "file": 2,
          "line": 51,
          "col": 14,
          "lit": "git"
        }
      },
      {
        "key": {
          "type": 0,
          "file": 2,
          "line": 52,
          "col": 3,
          "lit": "persist-credentials"
        },
        "value": {
          "type": 0,
          "file": 2,
          "line": 54,
          "col": 14,
          "lit": "true"
        }
      },
      {
        "key": {
          "type": 0,
          "file": 2,
          "line": 55,
          "col": 3,
          "lit": "path"
        },
        "value": ""
      },
      {
        "key": {
          "type": 0,
          "file": 2,
          "line": 57,
          "col": 3,
          "lit": "clean"
        },
        "value": {
          "type": 0,
          "file": 2,
          "line": 59,
          "col": 14,
          "lit": "true"
        }
      },
      {
        "key": {
          "type": 0,
          "file": 2,
          "line": 60,
          "col": 3,
          "lit": "filter"
        },
        "value": {
          "type": 0,
          "file": 2,
          "line": 64,
          "col": 14,
          "lit": ""
        }
      },
      {
        "key": {
          "type": 0,
          "file": 2,
          "line": 65,
          "col": 3,
          "lit": "sparse-checkout"
        },
        "value": {
          "type": 0,
          "file": 2,
          "line": 69,
          "col": 14,
          "lit": ""
        }
      },
      {
        "key": {
          "type": 0,
          "file": 2,
          "line": 70,
          "col": 3,
          "lit": "sparse-checkout-cone-mode"
        },
        "value": {
          "type": 0,
          "file": 2,
          "line": 73,
          "col": 14,
          "lit": "true"
        }
      },
      {
        "key": {
          "type": 0,
          "file": 2,
          "line": 74,
          "col": 3,
          "lit": "fetch-depth"
        },
        "value": {
          "type": 0,
          "file": 2,
          "line": 76,
          "col": 14,
          "lit": "1"
        }
      },
      {
        "key": {
          "type": 0,
          "file": 2,
          "line": 77,
          "col": 3,
          "lit": "fetch-tags"
        },
        "value": {
          "type": 0,
          "file": 2,
          "line": 79,
          "col": 14,
          "lit": "false"
        }
      },
      {
        "key": {
          "type": 0,
          "file": 2,
          "line": 80,
          "col": 3,
          "lit": "show-progress"
        },
        "value": {
          "type": 0,
          "file": 2,
          "line": 82,
          "col": 14,
          "lit": "true"
        }
      },
      {
        "key": {
          "type": 0,
          "file": 2,
          "line": 83,
          "col": 3,
          "lit": "lfs"
        },
        "value": {
          "type": 0,
          "file": 2,
          "line": 85,
          "col": 14,
          "lit": "false"
        }
      },
      {
        "key": {
          "type": 0,
          "file": 2,
          "line": 86,
          "col": 3,
          "lit": "submodules"
        },
        "value": {
          "type": 0,
          "file": 2,
          "line": 94,
          "col": 14,
          "lit": "false"
        }
      },
      {
        "key": {
          "type": 0,
          "file": 2,
          "line": 95,
          "col": 3,
          "lit": "set-safe-directory"
        },
        "value": {
          "type": 0,
          "file": 2,
          "line": 97,
          "col": 14,
          "lit": "true"
        }
      },
      {
        "key": {
          "type": 0,
          "file": 2,
          "line": 98,
          "col": 3,
          "lit": "github-server-url"
        },
        "value": ""
      },
      {
        "key": {
          "type": 0,
          "file": 2,
          "line": 101,
          "col": 3,
          "lit": "allow-unsafe-pr-checkout"
        },
        "value": {
          "type": 0,
          "file": 2,
          "line": 109,
          "col": 14,
          "lit": "false"
        }
      }
    ]
  },
  "execution": {
    "executionType": "nodeJS",
    "hasPre": false,
    "hasPost": true,
    "script": "dist/index.js",
    "pre": null,
    "post": "dist/index.js",
    "nodeVersion": "node20",
    "cleanupCondition": "always()",
    "initCondition": "always()"
  },
  "deprecated": null
}
[2026-08-27 01:12:32Z INFO ActionManager] Action pre node.js file: N/A.
[2026-08-27 01:12:32Z INFO ActionManager] Action node.js file: dist/index.js.
[2026-08-27 01:12:32Z INFO ActionManager] Action post node.js file: dist/index.js.
[2026-08-27 01:12:32Z INFO HostContext] Well known directory 'Bin': 'D:\actions-runner\bin'
[2026-08-27 01:12:32Z INFO HostContext] Well known directory 'Root': 'D:\actions-runner'
[2026-08-27 01:12:32Z INFO HostContext] Well known directory 'Work': 'D:\actions-runner\_work'
[2026-08-27 01:12:32Z INFO HostContext] Well known directory 'Actions': 'D:\actions-runner\_work\_actions'
[2026-08-27 01:12:32Z INFO HostContext] Well known directory 'Bin': 'D:\actions-runner\bin'
[2026-08-27 01:12:32Z INFO HostContext] Well known directory 'Root': 'D:\actions-runner'
[2026-08-27 01:12:32Z INFO HostContext] Well known directory 'Work': 'D:\actions-runner\_work'
[2026-08-27 01:12:32Z INFO HostContext] Well known directory 'Actions': 'D:\actions-runner\_work\_actions'
[2026-08-27 01:12:32Z INFO ActionManifestManagerLegacy] Ignore action property author.
[2026-08-27 01:12:32Z INFO ActionManifestManagerLegacy] Loaded action.yml file: {
  "name": "Setup Node.js environment",
  "description": "Setup a Node.js environment by adding problem matchers and optionally downloading and adding it to the PATH.",
  "inputs": {
    "type": 2,
    "map": [
      {
        "key": {
          "type": 0,
          "file": 3,
          "line": 5,
          "col": 3,
          "lit": "always-auth"
        },
        "value": {
          "type": 0,
          "file": 3,
          "line": 7,
          "col": 14,
          "lit": "false"
        }
      },
      {
        "key": {
          "type": 0,
          "file": 3,
          "line": 8,
          "col": 3,
          "lit": "node-version"
        },
        "value": ""
      },
      {
        "key": {
          "type": 0,
          "file": 3,
          "line": 10,
          "col": 3,
          "lit": "node-version-file"
        },
        "value": ""
      },
      {
        "key": {
          "type": 0,
          "file": 3,
          "line": 12,
          "col": 3,
          "lit": "architecture"
        },
        "value": ""
      },
      {
        "key": {
          "type": 0,
          "file": 3,
          "line": 14,
          "col": 3,
          "lit": "check-latest"
        },
        "value": {
          "type": 0,
          "file": 3,
          "line": 16,
          "col": 14,
          "lit": "false"
        }
      },
      {
        "key": {
          "type": 0,
          "file": 3,
          "line": 17,
          "col": 3,
          "lit": "registry-url"
        },
        "value": ""
      },
      {
        "key": {
          "type": 0,
          "file": 3,
          "line": 19,
          "col": 3,
          "lit": "scope"
        },
        "value": ""
      },
      {
        "key": {
          "type": 0,
          "file": 3,
          "line": 21,
          "col": 3,
          "lit": "token"
        },
        "value": {
          "type": 3,
          "file": 3,
          "line": 23,
          "col": 14,
          "expr": "github.server_url == 'https://github.com' && github.token || ''"
        }
      },
      {
        "key": {
          "type": 0,
          "file": 3,
          "line": 24,
          "col": 3,
          "lit": "cache"
        },
        "value": ""
      },
      {
        "key": {
          "type": 0,
          "file": 3,
          "line": 26,
          "col": 3,
          "lit": "cache-dependency-path"
        },
        "value": ""
      },
      {
        "key": {
          "type": 0,
          "file": 3,
          "line": 28,
          "col": 3,
          "lit": "mirror"
        },
        "value": ""
      },
      {
        "key": {
          "type": 0,
          "file": 3,
          "line": 30,
          "col": 3,
          "lit": "mirror-token"
        },
        "value": ""
      }
    ]
  },
  "execution": {
    "executionType": "nodeJS",
    "hasPre": false,
    "hasPost": true,
    "script": "dist/setup/index.js",
    "pre": null,
    "post": "dist/cache-save/index.js",
    "nodeVersion": "node20",
    "cleanupCondition": "success()",
    "initCondition": "always()"
  },
  "deprecated": null
}
[2026-08-27 01:12:32Z INFO ActionManager] Action node.js file: dist/setup/index.js, no more preparation.
[2026-08-27 01:12:32Z INFO HostContext] Well known directory 'Bin': 'D:\actions-runner\bin'
[2026-08-27 01:12:32Z INFO HostContext] Well known directory 'Root': 'D:\actions-runner'
[2026-08-27 01:12:32Z INFO HostContext] Well known directory 'Work': 'D:\actions-runner\_work'
[2026-08-27 01:12:32Z INFO HostContext] Well known directory 'Actions': 'D:\actions-runner\_work\_actions'
[2026-08-27 01:12:32Z INFO ActionManager] Load action that reference repository from 'D:\actions-runner\_work\_actions\actions\setup-node\v4'
[2026-08-27 01:12:32Z INFO HostContext] Well known directory 'Bin': 'D:\actions-runner\bin'
[2026-08-27 01:12:32Z INFO HostContext] Well known directory 'Root': 'D:\actions-runner'
[2026-08-27 01:12:32Z INFO HostContext] Well known directory 'Work': 'D:\actions-runner\_work'
[2026-08-27 01:12:32Z INFO HostContext] Well known directory 'Actions': 'D:\actions-runner\_work\_actions'
[2026-08-27 01:12:32Z INFO ActionManifestManagerLegacy] Ignore action property author.
[2026-08-27 01:12:32Z INFO ActionManifestManagerLegacy] Loaded action.yml file: {
  "name": "Setup Node.js environment",
  "description": "Setup a Node.js environment by adding problem matchers and optionally downloading and adding it to the PATH.",
  "inputs": {
    "type": 2,
    "map": [
      {
        "key": {
          "type": 0,
          "file": 3,
          "line": 5,
          "col": 3,
          "lit": "always-auth"
        },
        "value": {
          "type": 0,
          "file": 3,
          "line": 7,
          "col": 14,
          "lit": "false"
        }
      },
      {
        "key": {
          "type": 0,
          "file": 3,
          "line": 8,
          "col": 3,
          "lit": "node-version"
        },
        "value": ""
      },
      {
        "key": {
          "type": 0,
          "file": 3,
          "line": 10,
          "col": 3,
          "lit": "node-version-file"
        },
        "value": ""
      },
      {
        "key": {
          "type": 0,
          "file": 3,
          "line": 12,
          "col": 3,
          "lit": "architecture"
        },
        "value": ""
      },
      {
        "key": {
          "type": 0,
          "file": 3,
          "line": 14,
          "col": 3,
          "lit": "check-latest"
        },
        "value": {
          "type": 0,
          "file": 3,
          "line": 16,
          "col": 14,
          "lit": "false"
        }
      },
      {
        "key": {
          "type": 0,
          "file": 3,
          "line": 17,
          "col": 3,
          "lit": "registry-url"
        },
        "value": ""
      },
      {
        "key": {
          "type": 0,
          "file": 3,
          "line": 19,
          "col": 3,
          "lit": "scope"
        },
        "value": ""
      },
      {
        "key": {
          "type": 0,
          "file": 3,
          "line": 21,
          "col": 3,
          "lit": "token"
        },
        "value": {
          "type": 3,
          "file": 3,
          "line": 23,
          "col": 14,
          "expr": "github.server_url == 'https://github.com' && github.token || ''"
        }
      },
      {
        "key": {
          "type": 0,
          "file": 3,
          "line": 24,
          "col": 3,
          "lit": "cache"
        },
        "value": ""
      },
      {
        "key": {
          "type": 0,
          "file": 3,
          "line": 26,
          "col": 3,
          "lit": "cache-dependency-path"
        },
        "value": ""
      },
      {
        "key": {
          "type": 0,
          "file": 3,
          "line": 28,
          "col": 3,
          "lit": "mirror"
        },
        "value": ""
      },
      {
        "key": {
          "type": 0,
          "file": 3,
          "line": 30,
          "col": 3,
          "lit": "mirror-token"
        },
        "value": ""
      }
    ]
  },
  "execution": {
    "executionType": "nodeJS",
    "hasPre": false,
    "hasPost": true,
    "script": "dist/setup/index.js",
    "pre": null,
    "post": "dist/cache-save/index.js",
    "nodeVersion": "node20",
    "cleanupCondition": "success()",
    "initCondition": "always()"
  },
  "deprecated": null
}
[2026-08-27 01:12:32Z INFO ActionManager] Action pre node.js file: N/A.
[2026-08-27 01:12:32Z INFO ActionManager] Action node.js file: dist/setup/index.js.
[2026-08-27 01:12:32Z INFO ActionManager] Action post node.js file: dist/cache-save/index.js.
[2026-08-27 01:12:32Z INFO JobExtension] Adding .
[2026-08-27 01:12:32Z INFO JobExtension] Adding .
[2026-08-27 01:12:32Z INFO JobExtension] Adding .
[2026-08-27 01:12:32Z INFO JobExtension] Adding .
[2026-08-27 01:12:32Z INFO JobExtension] Adding .
[2026-08-27 01:12:32Z INFO HostContext] Well known directory 'Bin': 'D:\actions-runner\bin'
[2026-08-27 01:12:32Z INFO HostContext] Well known directory 'Root': 'D:\actions-runner'
[2026-08-27 01:12:32Z INFO HostContext] Well known directory 'Diag': 'D:\actions-runner\_diag'
[2026-08-27 01:12:32Z INFO HostContext] Well known directory 'Bin': 'D:\actions-runner\bin'
[2026-08-27 01:12:32Z INFO HostContext] Well known directory 'Root': 'D:\actions-runner'
[2026-08-27 01:12:32Z INFO HostContext] Well known directory 'Diag': 'D:\actions-runner\_diag'
[2026-08-27 01:12:32Z INFO HostContext] Well known directory 'Bin': 'D:\actions-runner\bin'
[2026-08-27 01:12:32Z INFO HostContext] Well known directory 'Root': 'D:\actions-runner'
[2026-08-27 01:12:32Z INFO HostContext] Well known directory 'Diag': 'D:\actions-runner\_diag'
[2026-08-27 01:12:32Z INFO HostContext] Well known directory 'Bin': 'D:\actions-runner\bin'
[2026-08-27 01:12:32Z INFO HostContext] Well known directory 'Root': 'D:\actions-runner'
[2026-08-27 01:12:32Z INFO HostContext] Well known directory 'Diag': 'D:\actions-runner\_diag'
[2026-08-27 01:12:32Z INFO HostContext] Well known directory 'Bin': 'D:\actions-runner\bin'
[2026-08-27 01:12:32Z INFO HostContext] Well known directory 'Root': 'D:\actions-runner'
[2026-08-27 01:12:32Z INFO HostContext] Well known directory 'Diag': 'D:\actions-runner\_diag'
[2026-08-27 01:12:32Z INFO HostContext] Well known directory 'Bin': 'D:\actions-runner\bin'
[2026-08-27 01:12:32Z INFO HostContext] Well known directory 'Root': 'D:\actions-runner'
[2026-08-27 01:12:32Z INFO HostContext] Well known directory 'Diag': 'D:\actions-runner\_diag'
[2026-08-27 01:12:32Z INFO HostContext] Well known directory 'Bin': 'D:\actions-runner\bin'
[2026-08-27 01:12:32Z INFO HostContext] Well known directory 'Root': 'D:\actions-runner'
[2026-08-27 01:12:32Z INFO HostContext] Well known directory 'Diag': 'D:\actions-runner\_diag'
[2026-08-27 01:12:32Z INFO HostContext] Well known directory 'Bin': 'D:\actions-runner\bin'
[2026-08-27 01:12:32Z INFO HostContext] Well known directory 'Root': 'D:\actions-runner'
[2026-08-27 01:12:32Z INFO HostContext] Well known directory 'Diag': 'D:\actions-runner\_diag'
[2026-08-27 01:12:32Z INFO HostContext] Well known directory 'Bin': 'D:\actions-runner\bin'
[2026-08-27 01:12:32Z INFO HostContext] Well known directory 'Root': 'D:\actions-runner'
[2026-08-27 01:12:32Z INFO HostContext] Well known directory 'Diag': 'D:\actions-runner\_diag'
[2026-08-27 01:12:32Z INFO HostContext] Well known directory 'Bin': 'D:\actions-runner\bin'
[2026-08-27 01:12:32Z INFO HostContext] Well known directory 'Root': 'D:\actions-runner'
[2026-08-27 01:12:32Z INFO HostContext] Well known directory 'Diag': 'D:\actions-runner\_diag'
[2026-08-27 01:12:32Z INFO JobExtension] Total accessible running process: 171.
[2026-08-27 01:12:32Z INFO HostContext] Well known directory 'Bin': 'D:\actions-runner\bin'
[2026-08-27 01:12:32Z INFO HostContext] Well known directory 'Root': 'D:\actions-runner'
[2026-08-27 01:12:32Z INFO HostContext] Well known directory 'Work': 'D:\actions-runner\_work'
[2026-08-27 01:12:32Z INFO JobExtension] Start checking server connectivity.
[2026-08-27 01:12:32Z INFO JobExtension] Check server connectivity for https://broker.actions.githubusercontent.com/health.
[2026-08-27 01:12:32Z INFO JobExtension] Check server connectivity for https://token.actions.githubusercontent.com/ready.
[2026-08-27 01:12:32Z INFO JobExtension] Check server connectivity for https://run.actions.githubusercontent.com/health.
[2026-08-27 01:12:32Z INFO JobExtension] Start checking service connectivity in background.
[2026-08-27 01:12:32Z INFO ExecutionContext] Publish step telemetry for current step {
  "action": "setup_job",
  "type": "runner",
  "stage": "Pre",
  "stepId": "2f9d726d-bc63-4578-8ac1-b5534c00069a",
  "result": "succeeded",
  "errorMessages": [],
  "executionTimeInSeconds": 3,
  "startTime": "2026-08-27T01:12:29.7145744Z",
  "finishTime": "2026-08-27T01:12:32.4708501Z"
}.
[2026-08-27 01:12:32Z INFO JobRunner] Total job steps: 5.
[2026-08-27 01:12:32Z INFO JobRunner] Run all job steps.
[2026-08-27 01:12:32Z INFO DapDebugger] DapDebugger initialized
[2026-08-27 01:12:32Z INFO StepsRunner] Processing step: DisplayName='Checkout'
[2026-08-27 01:12:32Z INFO StepsRunner] Evaluating: success()
[2026-08-27 01:12:32Z INFO StepsRunner] Result: true
[2026-08-27 01:12:32Z INFO StepsRunner] Starting the step.
[2026-08-27 01:12:32Z INFO HostContext] Well known directory 'Bin': 'D:\actions-runner\bin'
[2026-08-27 01:12:32Z INFO HostContext] Well known directory 'Root': 'D:\actions-runner'
[2026-08-27 01:12:32Z INFO HostContext] Well known directory 'Work': 'D:\actions-runner\_work'
[2026-08-27 01:12:32Z INFO StepsRunner] Which2: 'chcp'
[2026-08-27 01:12:32Z INFO StepsRunner] Location: 'C:\WINDOWS\system32\chcp.COM'
[2026-08-27 01:12:32Z INFO ProcessInvokerWrapper] Starting process:
[2026-08-27 01:12:32Z INFO ProcessInvokerWrapper]   File name: 'C:\WINDOWS\system32\chcp.COM'
[2026-08-27 01:12:32Z INFO ProcessInvokerWrapper]   Arguments: '65001'
[2026-08-27 01:12:32Z INFO ProcessInvokerWrapper]   Working directory: 'D:\actions-runner\_work'
[2026-08-27 01:12:32Z INFO ProcessInvokerWrapper]   Require exit code zero: 'False'
[2026-08-27 01:12:32Z INFO ProcessInvokerWrapper]   Encoding web name:  ; code page: ''
[2026-08-27 01:12:32Z INFO ProcessInvokerWrapper]   Force kill process on cancellation: 'False'
[2026-08-27 01:12:32Z INFO ProcessInvokerWrapper]   Redirected STDIN: 'False'
[2026-08-27 01:12:32Z INFO ProcessInvokerWrapper]   Persist current code page: 'True'
[2026-08-27 01:12:32Z INFO ProcessInvokerWrapper]   Keep redirected STDIN open: 'False'
[2026-08-27 01:12:32Z INFO ProcessInvokerWrapper]   High priority process: 'False'
[2026-08-27 01:12:32Z INFO ProcessInvokerWrapper] Process started with process id 2568, waiting for process exit.
[2026-08-27 01:12:32Z INFO ProcessInvokerWrapper] STDOUT/STDERR stream read finished.
[2026-08-27 01:12:32Z INFO ProcessInvokerWrapper] STDOUT/STDERR stream read finished.
[2026-08-27 01:12:32Z INFO ProcessInvokerWrapper] Finished process 2568 with exit code 0, and elapsed time 00:00:00.0122086.
[2026-08-27 01:12:32Z INFO StepsRunner] Successfully returned to code page 65001 (UTF8)
[2026-08-27 01:12:32Z INFO HostContext] Well known directory 'Bin': 'D:\actions-runner\bin'
[2026-08-27 01:12:32Z INFO HostContext] Well known directory 'Root': 'D:\actions-runner'
[2026-08-27 01:12:32Z INFO HostContext] Well known directory 'Work': 'D:\actions-runner\_work'
[2026-08-27 01:12:32Z INFO HostContext] Well known directory 'Actions': 'D:\actions-runner\_work\_actions'
[2026-08-27 01:12:32Z INFO ActionManager] Load action that reference repository from 'D:\actions-runner\_work\_actions\actions\checkout\v4'
[2026-08-27 01:12:32Z INFO HostContext] Well known directory 'Bin': 'D:\actions-runner\bin'
[2026-08-27 01:12:32Z INFO HostContext] Well known directory 'Root': 'D:\actions-runner'
[2026-08-27 01:12:32Z INFO HostContext] Well known directory 'Work': 'D:\actions-runner\_work'
[2026-08-27 01:12:32Z INFO HostContext] Well known directory 'Actions': 'D:\actions-runner\_work\_actions'
[2026-08-27 01:12:32Z INFO ActionManifestManagerLegacy] Loaded action.yml file: {
  "name": "Checkout",
  "description": "Checkout a Git repository at a particular version",
  "inputs": {
    "type": 2,
    "map": [
      {
        "key": {
          "type": 0,
          "file": 2,
          "line": 4,
          "col": 3,
          "lit": "repository"
        },
        "value": {
          "type": 3,
          "file": 2,
          "line": 6,
          "col": 14,
          "expr": "github.repository"
        }
      },
      {
        "key": {
          "type": 0,
          "file": 2,
          "line": 7,
          "col": 3,
          "lit": "ref"
        },
        "value": ""
      },
      {
        "key": {
          "type": 0,
          "file": 2,
          "line": 12,
          "col": 3,
          "lit": "token"
        },
        "value": {
          "type": 3,
          "file": 2,
          "line": 24,
          "col": 14,
          "expr": "github.token"
        }
      },
      {
        "key": {
          "type": 0,
          "file": 2,
          "line": 25,
          "col": 3,
          "lit": "ssh-key"
        },
        "value": ""
      },
      {
        "key": {
          "type": 0,
          "file": 2,
          "line": 37,
          "col": 3,
          "lit": "ssh-known-hosts"
        },
        "value": ""
      },
      {
        "key": {
          "type": 0,
          "file": 2,
          "line": 42,
          "col": 3,
          "lit": "ssh-strict"
        },
        "value": {
          "type": 0,
          "file": 2,
          "line": 47,
          "col": 14,
          "lit": "true"
        }
      },
      {
        "key": {
          "type": 0,
          "file": 2,
          "line": 48,
          "col": 3,
          "lit": "ssh-user"
        },
        "value": {
          "type": 0,
          "file": 2,
          "line": 51,
          "col": 14,
          "lit": "git"
        }
      },
      {
        "key": {
          "type": 0,
          "file": 2,
          "line": 52,
          "col": 3,
          "lit": "persist-credentials"
        },
        "value": {
          "type": 0,
          "file": 2,
          "line": 54,
          "col": 14,
          "lit": "true"
        }
      },
      {
        "key": {
          "type": 0,
          "file": 2,
          "line": 55,
          "col": 3,
          "lit": "path"
        },
        "value": ""
      },
      {
        "key": {
          "type": 0,
          "file": 2,
          "line": 57,
          "col": 3,
          "lit": "clean"
        },
        "value": {
          "type": 0,
          "file": 2,
          "line": 59,
          "col": 14,
          "lit": "true"
        }
      },
      {
        "key": {
          "type": 0,
          "file": 2,
          "line": 60,
          "col": 3,
          "lit": "filter"
        },
        "value": {
          "type": 0,
          "file": 2,
          "line": 64,
          "col": 14,
          "lit": ""
        }
      },
      {
        "key": {
          "type": 0,
          "file": 2,
          "line": 65,
          "col": 3,
          "lit": "sparse-checkout"
        },
        "value": {
          "type": 0,
          "file": 2,
          "line": 69,
          "col": 14,
          "lit": ""
        }
      },
      {
        "key": {
          "type": 0,
          "file": 2,
          "line": 70,
          "col": 3,
          "lit": "sparse-checkout-cone-mode"
        },
        "value": {
          "type": 0,
          "file": 2,
          "line": 73,
          "col": 14,
          "lit": "true"
        }
      },
      {
        "key": {
          "type": 0,
          "file": 2,
          "line": 74,
          "col": 3,
          "lit": "fetch-depth"
        },
        "value": {
          "type": 0,
          "file": 2,
          "line": 76,
          "col": 14,
          "lit": "1"
        }
      },
      {
        "key": {
          "type": 0,
          "file": 2,
          "line": 77,
          "col": 3,
          "lit": "fetch-tags"
        },
        "value": {
          "type": 0,
          "file": 2,
          "line": 79,
          "col": 14,
          "lit": "false"
        }
      },
      {
        "key": {
          "type": 0,
          "file": 2,
          "line": 80,
          "col": 3,
          "lit": "show-progress"
        },
        "value": {
          "type": 0,
          "file": 2,
          "line": 82,
          "col": 14,
          "lit": "true"
        }
      },
      {
        "key": {
          "type": 0,
          "file": 2,
          "line": 83,
          "col": 3,
          "lit": "lfs"
        },
        "value": {
          "type": 0,
          "file": 2,
          "line": 85,
          "col": 14,
          "lit": "false"
        }
      },
      {
        "key": {
          "type": 0,
          "file": 2,
          "line": 86,
          "col": 3,
          "lit": "submodules"
        },
        "value": {
          "type": 0,
          "file": 2,
          "line": 94,
          "col": 14,
          "lit": "false"
        }
      },
      {
        "key": {
          "type": 0,
          "file": 2,
          "line": 95,
          "col": 3,
          "lit": "set-safe-directory"
        },
        "value": {
          "type": 0,
          "file": 2,
          "line": 97,
          "col": 14,
          "lit": "true"
        }
      },
      {
        "key": {
          "type": 0,
          "file": 2,
          "line": 98,
          "col": 3,
          "lit": "github-server-url"
        },
        "value": ""
      },
      {
        "key": {
          "type": 0,
          "file": 2,
          "line": 101,
          "col": 3,
          "lit": "allow-unsafe-pr-checkout"
        },
        "value": {
          "type": 0,
          "file": 2,
          "line": 109,
          "col": 14,
          "lit": "false"
        }
      }
    ]
  },
  "execution": {
    "executionType": "nodeJS",
    "hasPre": false,
    "hasPost": true,
    "script": "dist/index.js",
    "pre": null,
    "post": "dist/index.js",
    "nodeVersion": "node20",
    "cleanupCondition": "always()",
    "initCondition": "always()"
  },
  "deprecated": null
}
[2026-08-27 01:12:32Z INFO ActionManager] Action pre node.js file: N/A.
[2026-08-27 01:12:32Z INFO ActionManager] Action node.js file: dist/index.js.
[2026-08-27 01:12:32Z INFO ActionManager] Action post node.js file: dist/index.js.
[2026-08-27 01:12:32Z INFO ExecutionContext] Reserve record order 7 to 12 for post job actions.
[2026-08-27 01:12:32Z INFO HostContext] Well known directory 'Bin': 'D:\actions-runner\bin'
[2026-08-27 01:12:32Z INFO HostContext] Well known directory 'Root': 'D:\actions-runner'
[2026-08-27 01:12:32Z INFO HostContext] Well known directory 'Diag': 'D:\actions-runner\_diag'
[2026-08-27 01:12:32Z INFO HostContext] Well known directory 'Bin': 'D:\actions-runner\bin'
[2026-08-27 01:12:32Z INFO HostContext] Well known directory 'Root': 'D:\actions-runner'
[2026-08-27 01:12:32Z INFO HostContext] Well known directory 'Diag': 'D:\actions-runner\_diag'
[2026-08-27 01:12:32Z INFO HostContext] Well known directory 'Bin': 'D:\actions-runner\bin'
[2026-08-27 01:12:32Z INFO HostContext] Well known directory 'Root': 'D:\actions-runner'
[2026-08-27 01:12:32Z INFO HostContext] Well known directory 'Work': 'D:\actions-runner\_work'
[2026-08-27 01:12:32Z INFO HostContext] Well known directory 'Temp': 'D:\actions-runner\_work\_temp'
[2026-08-27 01:12:32Z INFO ExecutionContext] Write event payload to D:\actions-runner\_work\_temp\_github_workflow\event.json
[2026-08-27 01:12:32Z INFO HostContext] Well known directory 'Bin': 'D:\actions-runner\bin'
[2026-08-27 01:12:32Z INFO HostContext] Well known directory 'Root': 'D:\actions-runner'
[2026-08-27 01:12:32Z INFO HostContext] Well known directory 'Work': 'D:\actions-runner\_work'
[2026-08-27 01:12:32Z INFO HostContext] Well known directory 'Temp': 'D:\actions-runner\_work\_temp'
[2026-08-27 01:12:32Z INFO ExtensionManager] Getting extensions for interface: 'GitHub.Runner.Worker.IFileCommandExtension'
[2026-08-27 01:12:32Z INFO ExtensionManager] Creating instance: GitHub.Runner.Worker.AddPathFileCommand, Runner.Worker
[2026-08-27 01:12:32Z INFO ExtensionManager] Creating instance: GitHub.Runner.Worker.SetEnvFileCommand, Runner.Worker
[2026-08-27 01:12:32Z INFO ExtensionManager] Creating instance: GitHub.Runner.Worker.CreateStepSummaryCommand, Runner.Worker
[2026-08-27 01:12:32Z INFO ExtensionManager] Creating instance: GitHub.Runner.Worker.SaveStateFileCommand, Runner.Worker
[2026-08-27 01:12:32Z INFO ExtensionManager] Creating instance: GitHub.Runner.Worker.SetOutputFileCommand, Runner.Worker
[2026-08-27 01:12:32Z INFO ExtensionManager] Creating instance: GitHub.Runner.Worker.CreateArtifactsFileCommand, Runner.Worker
[2026-08-27 01:12:32Z INFO ExtensionManager] Creating instance: GitHub.Runner.Worker.ArtifactsListFileCommand, Runner.Worker
[2026-08-27 01:12:32Z INFO ActionManifestManagerLegacy] Input 'repository': default value evaluate result: {
  "type": 0,
  "file": 2,
  "line": 6,
  "col": 14,
  "lit": "ElAlecs69/SignServer"
}
[2026-08-27 01:12:32Z INFO ActionManifestManagerLegacy] Input 'ref': default value evaluate result: ""
[2026-08-27 01:12:32Z INFO ActionManifestManagerLegacy] Input 'token': default value evaluate result: {
  "type": 0,
  "file": 2,
  "line": 24,
  "col": 14,
  "lit": "***"
}
[2026-08-27 01:12:32Z INFO ActionManifestManagerLegacy] Input 'ssh-key': default value evaluate result: ""
[2026-08-27 01:12:32Z INFO ActionManifestManagerLegacy] Input 'ssh-known-hosts': default value evaluate result: ""
[2026-08-27 01:12:32Z INFO ActionManifestManagerLegacy] Input 'ssh-strict': default value evaluate result: {
  "type": 0,
  "file": 2,
  "line": 47,
  "col": 14,
  "lit": "true"
}
[2026-08-27 01:12:32Z INFO ActionManifestManagerLegacy] Input 'ssh-user': default value evaluate result: {
  "type": 0,
  "file": 2,
  "line": 51,
  "col": 14,
  "lit": "git"
}
[2026-08-27 01:12:32Z INFO ActionManifestManagerLegacy] Input 'persist-credentials': default value evaluate result: {
  "type": 0,
  "file": 2,
  "line": 54,
  "col": 14,
  "lit": "true"
}
[2026-08-27 01:12:32Z INFO ActionManifestManagerLegacy] Input 'path': default value evaluate result: ""
[2026-08-27 01:12:32Z INFO ActionManifestManagerLegacy] Input 'clean': default value evaluate result: {
  "type": 0,
  "file": 2,
  "line": 59,
  "col": 14,
  "lit": "true"
}
[2026-08-27 01:12:32Z INFO ActionManifestManagerLegacy] Input 'filter': default value evaluate result: {
  "type": 0,
  "file": 2,
  "line": 64,
  "col": 14,
  "lit": ""
}
[2026-08-27 01:12:32Z INFO ActionManifestManagerLegacy] Input 'sparse-checkout': default value evaluate result: {
  "type": 0,
  "file": 2,
  "line": 69,
  "col": 14,
  "lit": ""
}
[2026-08-27 01:12:32Z INFO ActionManifestManagerLegacy] Input 'sparse-checkout-cone-mode': default value evaluate result: {
  "type": 0,
  "file": 2,
  "line": 73,
  "col": 14,
  "lit": "true"
}
[2026-08-27 01:12:32Z INFO ActionManifestManagerLegacy] Input 'fetch-depth': default value evaluate result: {
  "type": 0,
  "file": 2,
  "line": 76,
  "col": 14,
  "lit": "1"
}
[2026-08-27 01:12:32Z INFO ActionManifestManagerLegacy] Input 'fetch-tags': default value evaluate result: {
  "type": 0,
  "file": 2,
  "line": 79,
  "col": 14,
  "lit": "false"
}
[2026-08-27 01:12:32Z INFO ActionManifestManagerLegacy] Input 'show-progress': default value evaluate result: {
  "type": 0,
  "file": 2,
  "line": 82,
  "col": 14,
  "lit": "true"
}
[2026-08-27 01:12:32Z INFO ActionManifestManagerLegacy] Input 'lfs': default value evaluate result: {
  "type": 0,
  "file": 2,
  "line": 85,
  "col": 14,
  "lit": "false"
}
[2026-08-27 01:12:32Z INFO ActionManifestManagerLegacy] Input 'submodules': default value evaluate result: {
  "type": 0,
  "file": 2,
  "line": 94,
  "col": 14,
  "lit": "false"
}
[2026-08-27 01:12:32Z INFO ActionManifestManagerLegacy] Input 'set-safe-directory': default value evaluate result: {
  "type": 0,
  "file": 2,
  "line": 97,
  "col": 14,
  "lit": "true"
}
[2026-08-27 01:12:32Z INFO ActionManifestManagerLegacy] Input 'github-server-url': default value evaluate result: ""
[2026-08-27 01:12:32Z INFO ActionManifestManagerLegacy] Input 'allow-unsafe-pr-checkout': default value evaluate result: {
  "type": 0,
  "file": 2,
  "line": 109,
  "col": 14,
  "lit": "false"
}
[2026-08-27 01:12:32Z INFO ExtensionManager] Getting extensions for interface: 'GitHub.Runner.Worker.IActionCommandExtension'
[2026-08-27 01:12:32Z INFO ExtensionManager] Creating instance: GitHub.Runner.Worker.InternalPluginSetRepoPathCommandExtension, Runner.Worker
[2026-08-27 01:12:32Z INFO ExtensionManager] Creating instance: GitHub.Runner.Worker.SetEnvCommandExtension, Runner.Worker
[2026-08-27 01:12:32Z INFO JobServerQueue] Try to append 1 batches web console lines for record '2f9d726d-bc63-4578-8ac1-b5534c00069a', success rate: 1/1.
[2026-08-27 01:12:32Z INFO ExtensionManager] Creating instance: GitHub.Runner.Worker.SetOutputCommandExtension, Runner.Worker
[2026-08-27 01:12:32Z INFO ExtensionManager] Creating instance: GitHub.Runner.Worker.SaveStateCommandExtension, Runner.Worker
[2026-08-27 01:12:32Z INFO ExtensionManager] Creating instance: GitHub.Runner.Worker.AddPathCommandExtension, Runner.Worker
[2026-08-27 01:12:32Z INFO ExtensionManager] Creating instance: GitHub.Runner.Worker.AddMaskCommandExtension, Runner.Worker
[2026-08-27 01:12:32Z INFO ExtensionManager] Creating instance: GitHub.Runner.Worker.AddMatcherCommandExtension, Runner.Worker
[2026-08-27 01:12:32Z INFO ExtensionManager] Creating instance: GitHub.Runner.Worker.RemoveMatcherCommandExtension, Runner.Worker
[2026-08-27 01:12:32Z INFO ExtensionManager] Creating instance: GitHub.Runner.Worker.WarningCommandExtension, Runner.Worker
[2026-08-27 01:12:32Z INFO ExtensionManager] Creating instance: GitHub.Runner.Worker.ErrorCommandExtension, Runner.Worker
[2026-08-27 01:12:32Z INFO ExtensionManager] Creating instance: GitHub.Runner.Worker.NoticeCommandExtension, Runner.Worker
[2026-08-27 01:12:32Z INFO ExtensionManager] Creating instance: GitHub.Runner.Worker.DebugCommandExtension, Runner.Worker
[2026-08-27 01:12:32Z INFO ExtensionManager] Creating instance: GitHub.Runner.Worker.GroupCommandExtension, Runner.Worker
[2026-08-27 01:12:32Z INFO ExtensionManager] Creating instance: GitHub.Runner.Worker.EndGroupCommandExtension, Runner.Worker
[2026-08-27 01:12:32Z INFO ExtensionManager] Creating instance: GitHub.Runner.Worker.EchoCommandExtension, Runner.Worker
[2026-08-27 01:12:32Z INFO ActionCommandManager] Register action command extension for command internal-set-repo-path
[2026-08-27 01:12:32Z INFO ActionCommandManager] Register action command extension for command set-env
[2026-08-27 01:12:32Z INFO ActionCommandManager] Register action command extension for command set-output
[2026-08-27 01:12:32Z INFO ActionCommandManager] Register action command extension for command save-state
[2026-08-27 01:12:32Z INFO ActionCommandManager] Register action command extension for command add-path
[2026-08-27 01:12:32Z INFO ActionCommandManager] Register action command extension for command add-mask
[2026-08-27 01:12:32Z INFO ActionCommandManager] Register action command extension for command add-matcher
[2026-08-27 01:12:32Z INFO ActionCommandManager] Register action command extension for command remove-matcher
[2026-08-27 01:12:32Z INFO ActionCommandManager] Register action command extension for command warning
[2026-08-27 01:12:32Z INFO ActionCommandManager] Register action command extension for command error
[2026-08-27 01:12:32Z INFO ActionCommandManager] Register action command extension for command notice
[2026-08-27 01:12:32Z INFO ActionCommandManager] Register action command extension for command debug
[2026-08-27 01:12:32Z INFO ActionCommandManager] Register action command extension for command group
[2026-08-27 01:12:32Z INFO ActionCommandManager] Register action command extension for command endgroup
[2026-08-27 01:12:32Z INFO ActionCommandManager] Register action command extension for command echo
[2026-08-27 01:12:32Z INFO HostContext] Well known directory 'Bin': 'D:\actions-runner\bin'
[2026-08-27 01:12:32Z INFO HostContext] Well known directory 'Root': 'D:\actions-runner'
[2026-08-27 01:12:32Z INFO HostContext] Well known directory 'Externals': 'D:\actions-runner\externals'
[2026-08-27 01:12:32Z INFO ProcessInvokerWrapper] Starting process:
[2026-08-27 01:12:32Z INFO ProcessInvokerWrapper]   File name: 'D:\actions-runner\externals\node24\bin\node.exe'
[2026-08-27 01:12:32Z INFO ProcessInvokerWrapper]   Arguments: '"D:\actions-runner\_work\_actions\actions\checkout\v4\dist/index.js"'
[2026-08-27 01:12:32Z INFO ProcessInvokerWrapper]   Working directory: 'D:\actions-runner\_work\SignServer\SignServer'
[2026-08-27 01:12:32Z INFO ProcessInvokerWrapper]   Require exit code zero: 'False'
[2026-08-27 01:12:32Z INFO ProcessInvokerWrapper]   Encoding web name: utf-8 ; code page: '65001'
[2026-08-27 01:12:32Z INFO ProcessInvokerWrapper]   Force kill process on cancellation: 'False'
[2026-08-27 01:12:32Z INFO ProcessInvokerWrapper]   Redirected STDIN: 'False'
[2026-08-27 01:12:32Z INFO ProcessInvokerWrapper]   Persist current code page: 'True'
[2026-08-27 01:12:32Z INFO ProcessInvokerWrapper]   Keep redirected STDIN open: 'False'
[2026-08-27 01:12:32Z INFO ProcessInvokerWrapper]   High priority process: 'False'
[2026-08-27 01:12:32Z INFO ProcessInvokerWrapper] Process started with process id 9684, waiting for process exit.
[2026-08-27 01:12:32Z INFO JobServerQueue] Got a step log file to send to results service.
[2026-08-27 01:12:32Z INFO JobServerQueue] Starting upload of step log file to results service ResultsLog, D:\actions-runner\_diag\blocks\c1668322-7845-4dee-9a02-74ae6c6eee2c_2f9d726d-bc63-4578-8ac1-b5534c00069a.1
[2026-08-27 01:12:32Z INFO JobServerQueue] Try to upload 1 log files or attachments, success rate: 1/1.
[2026-08-27 01:12:32Z INFO JobServerQueue] Try to append 1 batches web console lines for record '58fc90e2-16b6-4526-b970-b154323a7dc3', success rate: 1/1.
[2026-08-27 01:12:32Z INFO AddMaskCommandExtension] Add new secret mask with length of 524
[2026-08-27 01:12:33Z INFO JobServerQueue] Try to append 1 batches web console lines for record '58fc90e2-16b6-4526-b970-b154323a7dc3', success rate: 1/1.
[2026-08-27 01:12:33Z INFO JobServerQueue] Tried to upload 1 file(s) to results, success rate: 1/1.
[2026-08-27 01:12:33Z INFO JobServerQueue] Try to append 1 batches web console lines for record '58fc90e2-16b6-4526-b970-b154323a7dc3', success rate: 1/1.
[2026-08-27 01:12:34Z INFO JobServerQueue] Try to append 1 batches web console lines for record '58fc90e2-16b6-4526-b970-b154323a7dc3', success rate: 1/1.
[2026-08-27 01:12:35Z INFO JobServerQueue] Try to append 1 batches web console lines for record '58fc90e2-16b6-4526-b970-b154323a7dc3', success rate: 1/1.
[2026-08-27 01:12:35Z INFO JobServerQueue] Try to append 1 batches web console lines for record '58fc90e2-16b6-4526-b970-b154323a7dc3', success rate: 1/1.
[2026-08-27 01:12:36Z INFO JobServerQueue] Try to append 1 batches web console lines for record '58fc90e2-16b6-4526-b970-b154323a7dc3', success rate: 1/1.
[2026-08-27 01:12:36Z INFO JobServerQueue] Try to append 1 batches web console lines for record '58fc90e2-16b6-4526-b970-b154323a7dc3', success rate: 1/1.
[2026-08-27 01:12:37Z INFO JobServerQueue] Try to append 1 batches web console lines for record '58fc90e2-16b6-4526-b970-b154323a7dc3', success rate: 1/1.
[2026-08-27 01:12:38Z INFO JobServerQueue] Try to append 1 batches web console lines for record '58fc90e2-16b6-4526-b970-b154323a7dc3', success rate: 1/1.
[2026-08-27 01:12:38Z INFO ProcessInvokerWrapper] STDOUT/STDERR stream read finished.
[2026-08-27 01:12:38Z INFO ProcessInvokerWrapper] STDOUT/STDERR stream read finished.
[2026-08-27 01:12:38Z INFO ProcessInvokerWrapper] Finished process 9684 with exit code 0, and elapsed time 00:00:05.7857551.
[2026-08-27 01:12:38Z INFO CreateStepSummaryCommand] Step Summary file (D:\actions-runner\_work\_temp\_runner_file_commands\step_summary_d4097b69-1cdc-4343-98da-c7481f10fe43) is empty; skipping attachment upload
[2026-08-27 01:12:38Z INFO StepsRunner] Step result: 
[2026-08-27 01:12:38Z INFO ExecutionContext] Publish step telemetry for current step {
  "action": "actions/checkout",
  "ref": "v4",
  "type": "node24",
  "stage": "Main",
  "stepId": "58fc90e2-16b6-4526-b970-b154323a7dc3",
  "stepContextName": "__actions_checkout",
  "hasPreStep": false,
  "hasPostStep": true,
  "result": "succeeded",
  "errorMessages": [],
  "executionTimeInSeconds": 6,
  "startTime": "2026-08-27T01:12:32.487551Z",
  "finishTime": "2026-08-27T01:12:38.3690997Z"
}.
[2026-08-27 01:12:38Z INFO StepsRunner] No need for updating job result with current step result 'Succeeded'.
[2026-08-27 01:12:38Z INFO StepsRunner] Current state: job state = ''
[2026-08-27 01:12:38Z INFO StepsRunner] Processing step: DisplayName='Instalar Node.js'
[2026-08-27 01:12:38Z INFO StepsRunner] Evaluating: success()
[2026-08-27 01:12:38Z INFO StepsRunner] Result: true
[2026-08-27 01:12:38Z INFO StepsRunner] Starting the step.
[2026-08-27 01:12:38Z INFO HostContext] Well known directory 'Bin': 'D:\actions-runner\bin'
[2026-08-27 01:12:38Z INFO HostContext] Well known directory 'Root': 'D:\actions-runner'
[2026-08-27 01:12:38Z INFO HostContext] Well known directory 'Work': 'D:\actions-runner\_work'
[2026-08-27 01:12:38Z INFO StepsRunner] Which2: 'chcp'
[2026-08-27 01:12:38Z INFO StepsRunner] Location: 'C:\WINDOWS\system32\chcp.COM'
[2026-08-27 01:12:38Z INFO ProcessInvokerWrapper] Starting process:
[2026-08-27 01:12:38Z INFO ProcessInvokerWrapper]   File name: 'C:\WINDOWS\system32\chcp.COM'
[2026-08-27 01:12:38Z INFO ProcessInvokerWrapper]   Arguments: '65001'
[2026-08-27 01:12:38Z INFO ProcessInvokerWrapper]   Working directory: 'D:\actions-runner\_work'
[2026-08-27 01:12:38Z INFO ProcessInvokerWrapper]   Require exit code zero: 'False'
[2026-08-27 01:12:38Z INFO ProcessInvokerWrapper]   Encoding web name:  ; code page: ''
[2026-08-27 01:12:38Z INFO ProcessInvokerWrapper]   Force kill process on cancellation: 'False'
[2026-08-27 01:12:38Z INFO ProcessInvokerWrapper]   Redirected STDIN: 'False'
[2026-08-27 01:12:38Z INFO ProcessInvokerWrapper]   Persist current code page: 'True'
[2026-08-27 01:12:38Z INFO ProcessInvokerWrapper]   Keep redirected STDIN open: 'False'
[2026-08-27 01:12:38Z INFO ProcessInvokerWrapper]   High priority process: 'False'
[2026-08-27 01:12:38Z INFO ProcessInvokerWrapper] Process started with process id 8992, waiting for process exit.
[2026-08-27 01:12:38Z INFO ProcessInvokerWrapper] STDOUT/STDERR stream read finished.
[2026-08-27 01:12:38Z INFO ProcessInvokerWrapper] STDOUT/STDERR stream read finished.
[2026-08-27 01:12:38Z INFO ProcessInvokerWrapper] Finished process 8992 with exit code 0, and elapsed time 00:00:00.0078725.
[2026-08-27 01:12:38Z INFO StepsRunner] Successfully returned to code page 65001 (UTF8)
[2026-08-27 01:12:38Z INFO HostContext] Well known directory 'Bin': 'D:\actions-runner\bin'
[2026-08-27 01:12:38Z INFO HostContext] Well known directory 'Root': 'D:\actions-runner'
[2026-08-27 01:12:38Z INFO HostContext] Well known directory 'Work': 'D:\actions-runner\_work'
[2026-08-27 01:12:38Z INFO HostContext] Well known directory 'Actions': 'D:\actions-runner\_work\_actions'
[2026-08-27 01:12:38Z INFO ActionManager] Load action that reference repository from 'D:\actions-runner\_work\_actions\actions\setup-node\v4'
[2026-08-27 01:12:38Z INFO HostContext] Well known directory 'Bin': 'D:\actions-runner\bin'
[2026-08-27 01:12:38Z INFO HostContext] Well known directory 'Root': 'D:\actions-runner'
[2026-08-27 01:12:38Z INFO HostContext] Well known directory 'Work': 'D:\actions-runner\_work'
[2026-08-27 01:12:38Z INFO HostContext] Well known directory 'Actions': 'D:\actions-runner\_work\_actions'
[2026-08-27 01:12:38Z INFO ActionManifestManagerLegacy] Ignore action property author.
[2026-08-27 01:12:38Z INFO ActionManifestManagerLegacy] Loaded action.yml file: {
  "name": "Setup Node.js environment",
  "description": "Setup a Node.js environment by adding problem matchers and optionally downloading and adding it to the PATH.",
  "inputs": {
    "type": 2,
    "map": [
      {
        "key": {
          "type": 0,
          "file": 3,
          "line": 5,
          "col": 3,
          "lit": "always-auth"
        },
        "value": {
          "type": 0,
          "file": 3,
          "line": 7,
          "col": 14,
          "lit": "false"
        }
      },
      {
        "key": {
          "type": 0,
          "file": 3,
          "line": 8,
          "col": 3,
          "lit": "node-version"
        },
        "value": ""
      },
      {
        "key": {
          "type": 0,
          "file": 3,
          "line": 10,
          "col": 3,
          "lit": "node-version-file"
        },
        "value": ""
      },
      {
        "key": {
          "type": 0,
          "file": 3,
          "line": 12,
          "col": 3,
          "lit": "architecture"
        },
        "value": ""
      },
      {
        "key": {
          "type": 0,
          "file": 3,
          "line": 14,
          "col": 3,
          "lit": "check-latest"
        },
        "value": {
          "type": 0,
          "file": 3,
          "line": 16,
          "col": 14,
          "lit": "false"
        }
      },
      {
        "key": {
          "type": 0,
          "file": 3,
          "line": 17,
          "col": 3,
          "lit": "registry-url"
        },
        "value": ""
      },
      {
        "key": {
          "type": 0,
          "file": 3,
          "line": 19,
          "col": 3,
          "lit": "scope"
        },
        "value": ""
      },
      {
        "key": {
          "type": 0,
          "file": 3,
          "line": 21,
          "col": 3,
          "lit": "token"
        },
        "value": {
          "type": 3,
          "file": 3,
          "line": 23,
          "col": 14,
          "expr": "github.server_url == 'https://github.com' && github.token || ''"
        }
      },
      {
        "key": {
          "type": 0,
          "file": 3,
          "line": 24,
          "col": 3,
          "lit": "cache"
        },
        "value": ""
      },
      {
        "key": {
          "type": 0,
          "file": 3,
          "line": 26,
          "col": 3,
          "lit": "cache-dependency-path"
        },
        "value": ""
      },
      {
        "key": {
          "type": 0,
          "file": 3,
          "line": 28,
          "col": 3,
          "lit": "mirror"
        },
        "value": ""
      },
      {
        "key": {
          "type": 0,
          "file": 3,
          "line": 30,
          "col": 3,
          "lit": "mirror-token"
        },
        "value": ""
      }
    ]
  },
  "execution": {
    "executionType": "nodeJS",
    "hasPre": false,
    "hasPost": true,
    "script": "dist/setup/index.js",
    "pre": null,
    "post": "dist/cache-save/index.js",
    "nodeVersion": "node20",
    "cleanupCondition": "success()",
    "initCondition": "always()"
  },
  "deprecated": null
}
[2026-08-27 01:12:38Z INFO ActionManager] Action pre node.js file: N/A.
[2026-08-27 01:12:38Z INFO ActionManager] Action node.js file: dist/setup/index.js.
[2026-08-27 01:12:38Z INFO ActionManager] Action post node.js file: dist/cache-save/index.js.
[2026-08-27 01:12:38Z INFO HostContext] Well known directory 'Bin': 'D:\actions-runner\bin'
[2026-08-27 01:12:38Z INFO HostContext] Well known directory 'Root': 'D:\actions-runner'
[2026-08-27 01:12:38Z INFO HostContext] Well known directory 'Diag': 'D:\actions-runner\_diag'
[2026-08-27 01:12:38Z INFO HostContext] Well known directory 'Bin': 'D:\actions-runner\bin'
[2026-08-27 01:12:38Z INFO HostContext] Well known directory 'Root': 'D:\actions-runner'
[2026-08-27 01:12:38Z INFO HostContext] Well known directory 'Diag': 'D:\actions-runner\_diag'
[2026-08-27 01:12:38Z INFO HostContext] Well known directory 'Bin': 'D:\actions-runner\bin'
[2026-08-27 01:12:38Z INFO HostContext] Well known directory 'Root': 'D:\actions-runner'
[2026-08-27 01:12:38Z INFO HostContext] Well known directory 'Work': 'D:\actions-runner\_work'
[2026-08-27 01:12:38Z INFO HostContext] Well known directory 'Temp': 'D:\actions-runner\_work\_temp'
[2026-08-27 01:12:38Z INFO ExecutionContext] Write event payload to D:\actions-runner\_work\_temp\_github_workflow\event.json
[2026-08-27 01:12:38Z INFO HostContext] Well known directory 'Bin': 'D:\actions-runner\bin'
[2026-08-27 01:12:38Z INFO HostContext] Well known directory 'Root': 'D:\actions-runner'
[2026-08-27 01:12:38Z INFO HostContext] Well known directory 'Work': 'D:\actions-runner\_work'
[2026-08-27 01:12:38Z INFO HostContext] Well known directory 'Temp': 'D:\actions-runner\_work\_temp'
[2026-08-27 01:12:38Z INFO ExtensionManager] Getting extensions for interface: 'GitHub.Runner.Worker.IFileCommandExtension'
[2026-08-27 01:12:38Z INFO ActionManifestManagerLegacy] Input 'always-auth': default value evaluate result: {
  "type": 0,
  "file": 3,
  "line": 7,
  "col": 14,
  "lit": "false"
}
[2026-08-27 01:12:38Z INFO ActionManifestManagerLegacy] Input 'node-version-file': default value evaluate result: ""
[2026-08-27 01:12:38Z INFO ActionManifestManagerLegacy] Input 'architecture': default value evaluate result: ""
[2026-08-27 01:12:38Z INFO ActionManifestManagerLegacy] Input 'check-latest': default value evaluate result: {
  "type": 0,
  "file": 3,
  "line": 16,
  "col": 14,
  "lit": "false"
}
[2026-08-27 01:12:38Z INFO ActionManifestManagerLegacy] Input 'registry-url': default value evaluate result: ""
[2026-08-27 01:12:38Z INFO ActionManifestManagerLegacy] Input 'scope': default value evaluate result: ""
[2026-08-27 01:12:38Z INFO ActionManifestManagerLegacy] Input 'token': default value evaluate result: {
  "type": 0,
  "file": 3,
  "line": 23,
  "col": 14,
  "lit": "***"
}
[2026-08-27 01:12:38Z INFO ActionManifestManagerLegacy] Input 'mirror': default value evaluate result: ""
[2026-08-27 01:12:38Z INFO ActionManifestManagerLegacy] Input 'mirror-token': default value evaluate result: ""
[2026-08-27 01:12:38Z INFO ExtensionManager] Getting extensions for interface: 'GitHub.Runner.Worker.IActionCommandExtension'
[2026-08-27 01:12:38Z INFO ActionCommandManager] Register action command extension for command internal-set-repo-path
[2026-08-27 01:12:38Z INFO ActionCommandManager] Register action command extension for command set-env
[2026-08-27 01:12:38Z INFO ActionCommandManager] Register action command extension for command set-output
[2026-08-27 01:12:38Z INFO ActionCommandManager] Register action command extension for command save-state
[2026-08-27 01:12:38Z INFO ActionCommandManager] Register action command extension for command add-path
[2026-08-27 01:12:38Z INFO ActionCommandManager] Register action command extension for command add-mask
[2026-08-27 01:12:38Z INFO ActionCommandManager] Register action command extension for command add-matcher
[2026-08-27 01:12:38Z INFO ActionCommandManager] Register action command extension for command remove-matcher
[2026-08-27 01:12:38Z INFO ActionCommandManager] Register action command extension for command warning
[2026-08-27 01:12:38Z INFO ActionCommandManager] Register action command extension for command error
[2026-08-27 01:12:38Z INFO ActionCommandManager] Register action command extension for command notice
[2026-08-27 01:12:38Z INFO ActionCommandManager] Register action command extension for command debug
[2026-08-27 01:12:38Z INFO ActionCommandManager] Register action command extension for command group
[2026-08-27 01:12:38Z INFO ActionCommandManager] Register action command extension for command endgroup
[2026-08-27 01:12:38Z INFO ActionCommandManager] Register action command extension for command echo
[2026-08-27 01:12:38Z INFO HostContext] Well known directory 'Bin': 'D:\actions-runner\bin'
[2026-08-27 01:12:38Z INFO HostContext] Well known directory 'Root': 'D:\actions-runner'
[2026-08-27 01:12:38Z INFO HostContext] Well known directory 'Externals': 'D:\actions-runner\externals'
[2026-08-27 01:12:38Z INFO ProcessInvokerWrapper] Starting process:
[2026-08-27 01:12:38Z INFO ProcessInvokerWrapper]   File name: 'D:\actions-runner\externals\node24\bin\node.exe'
[2026-08-27 01:12:38Z INFO ProcessInvokerWrapper]   Arguments: '"D:\actions-runner\_work\_actions\actions\setup-node\v4\dist/setup/index.js"'
[2026-08-27 01:12:38Z INFO ProcessInvokerWrapper]   Working directory: 'D:\actions-runner\_work\SignServer\SignServer'
[2026-08-27 01:12:38Z INFO ProcessInvokerWrapper]   Require exit code zero: 'False'
[2026-08-27 01:12:38Z INFO ProcessInvokerWrapper]   Encoding web name: utf-8 ; code page: '65001'
[2026-08-27 01:12:38Z INFO ProcessInvokerWrapper]   Force kill process on cancellation: 'False'
[2026-08-27 01:12:38Z INFO ProcessInvokerWrapper]   Redirected STDIN: 'False'
[2026-08-27 01:12:38Z INFO ProcessInvokerWrapper]   Persist current code page: 'True'
[2026-08-27 01:12:38Z INFO ProcessInvokerWrapper]   Keep redirected STDIN open: 'False'
[2026-08-27 01:12:38Z INFO ProcessInvokerWrapper]   High priority process: 'False'
[2026-08-27 01:12:38Z INFO ProcessInvokerWrapper] Process started with process id 1936, waiting for process exit.
[2026-08-27 01:12:38Z INFO JobServerQueue] Try to append 1 batches web console lines for record '58fc90e2-16b6-4526-b970-b154323a7dc3', success rate: 1/1.
[2026-08-27 01:12:38Z INFO JobServerQueue] Try to append 1 batches web console lines for record 'f7fa832b-2818-4991-b174-cb1dce19bf6e', success rate: 1/1.
[2026-08-27 01:12:38Z INFO JobServerQueue] Try to upload 1 log files or attachments, success rate: 1/1.
[2026-08-27 01:12:38Z INFO JobServerQueue] Try to append 1 batches web console lines for record 'f7fa832b-2818-4991-b174-cb1dce19bf6e', success rate: 1/1.
[2026-08-27 01:12:39Z INFO JobServerQueue] Got a step log file to send to results service.
[2026-08-27 01:12:39Z INFO JobServerQueue] Starting upload of step log file to results service ResultsLog, D:\actions-runner\_diag\blocks\c1668322-7845-4dee-9a02-74ae6c6eee2c_58fc90e2-16b6-4526-b970-b154323a7dc3.1
[2026-08-27 01:12:39Z INFO JobServerQueue] Try to append 1 batches web console lines for record 'f7fa832b-2818-4991-b174-cb1dce19bf6e', success rate: 1/1.
[2026-08-27 01:12:39Z INFO JobServerQueue] Tried to upload 1 file(s) to results, success rate: 1/1.
[2026-08-27 01:12:39Z INFO JobServerQueue] Try to append 1 batches web console lines for record 'f7fa832b-2818-4991-b174-cb1dce19bf6e', success rate: 1/1.
[2026-08-27 01:12:40Z INFO ProcessInvokerWrapper] STDOUT/STDERR stream read finished.
[2026-08-27 01:12:40Z INFO ProcessInvokerWrapper] STDOUT/STDERR stream read finished.
[2026-08-27 01:12:40Z INFO ProcessInvokerWrapper] Finished process 1936 with exit code 0, and elapsed time 00:00:01.7854105.
[2026-08-27 01:12:40Z INFO CreateStepSummaryCommand] Step Summary file (D:\actions-runner\_work\_temp\_runner_file_commands\step_summary_316fbac8-97e7-497e-9aeb-c29acf7f5fe2) is empty; skipping attachment upload
[2026-08-27 01:12:40Z INFO StepsRunner] Step result: 
[2026-08-27 01:12:40Z INFO ExecutionContext] Publish step telemetry for current step {
  "action": "actions/setup-node",
  "ref": "v4",
  "type": "node24",
  "stage": "Main",
  "stepId": "f7fa832b-2818-4991-b174-cb1dce19bf6e",
  "stepContextName": "__actions_setup-node",
  "hasPreStep": false,
  "hasPostStep": true,
  "result": "succeeded",
  "errorMessages": [],
  "executionTimeInSeconds": 2,
  "startTime": "2026-08-27T01:12:38.3702859Z",
  "finishTime": "2026-08-27T01:12:40.1865851Z"
}.
[2026-08-27 01:12:40Z INFO StepsRunner] No need for updating job result with current step result 'Succeeded'.
[2026-08-27 01:12:40Z INFO StepsRunner] Current state: job state = ''
[2026-08-27 01:12:40Z INFO StepsRunner] Processing step: DisplayName='Instalar dependencias'
[2026-08-27 01:12:40Z INFO StepsRunner] Evaluating: success()
[2026-08-27 01:12:40Z INFO StepsRunner] Result: true
[2026-08-27 01:12:40Z INFO StepsRunner] Starting the step.
[2026-08-27 01:12:40Z INFO HostContext] Well known directory 'Bin': 'D:\actions-runner\bin'
[2026-08-27 01:12:40Z INFO HostContext] Well known directory 'Root': 'D:\actions-runner'
[2026-08-27 01:12:40Z INFO HostContext] Well known directory 'Work': 'D:\actions-runner\_work'
[2026-08-27 01:12:40Z INFO StepsRunner] Which2: 'chcp'
[2026-08-27 01:12:40Z INFO StepsRunner] Location: 'C:\WINDOWS\system32\chcp.COM'
[2026-08-27 01:12:40Z INFO ProcessInvokerWrapper] Starting process:
[2026-08-27 01:12:40Z INFO ProcessInvokerWrapper]   File name: 'C:\WINDOWS\system32\chcp.COM'
[2026-08-27 01:12:40Z INFO ProcessInvokerWrapper]   Arguments: '65001'
[2026-08-27 01:12:40Z INFO ProcessInvokerWrapper]   Working directory: 'D:\actions-runner\_work'
[2026-08-27 01:12:40Z INFO ProcessInvokerWrapper]   Require exit code zero: 'False'
[2026-08-27 01:12:40Z INFO ProcessInvokerWrapper]   Encoding web name:  ; code page: ''
[2026-08-27 01:12:40Z INFO ProcessInvokerWrapper]   Force kill process on cancellation: 'False'
[2026-08-27 01:12:40Z INFO ProcessInvokerWrapper]   Redirected STDIN: 'False'
[2026-08-27 01:12:40Z INFO ProcessInvokerWrapper]   Persist current code page: 'True'
[2026-08-27 01:12:40Z INFO ProcessInvokerWrapper]   Keep redirected STDIN open: 'False'
[2026-08-27 01:12:40Z INFO ProcessInvokerWrapper]   High priority process: 'False'
[2026-08-27 01:12:40Z INFO ProcessInvokerWrapper] Process started with process id 3852, waiting for process exit.
[2026-08-27 01:12:40Z INFO ProcessInvokerWrapper] STDOUT/STDERR stream read finished.
[2026-08-27 01:12:40Z INFO ProcessInvokerWrapper] STDOUT/STDERR stream read finished.
[2026-08-27 01:12:40Z INFO ProcessInvokerWrapper] Finished process 3852 with exit code 0, and elapsed time 00:00:00.0087545.
[2026-08-27 01:12:40Z INFO StepsRunner] Successfully returned to code page 65001 (UTF8)
[2026-08-27 01:12:40Z INFO HostContext] Well known directory 'Bin': 'D:\actions-runner\bin'
[2026-08-27 01:12:40Z INFO HostContext] Well known directory 'Root': 'D:\actions-runner'
[2026-08-27 01:12:40Z INFO HostContext] Well known directory 'Work': 'D:\actions-runner\_work'
[2026-08-27 01:12:40Z INFO HostContext] Well known directory 'Temp': 'D:\actions-runner\_work\_temp'
[2026-08-27 01:12:40Z INFO ExecutionContext] Write event payload to D:\actions-runner\_work\_temp\_github_workflow\event.json
[2026-08-27 01:12:40Z INFO HostContext] Well known directory 'Bin': 'D:\actions-runner\bin'
[2026-08-27 01:12:40Z INFO HostContext] Well known directory 'Root': 'D:\actions-runner'
[2026-08-27 01:12:40Z INFO HostContext] Well known directory 'Work': 'D:\actions-runner\_work'
[2026-08-27 01:12:40Z INFO HostContext] Well known directory 'Temp': 'D:\actions-runner\_work\_temp'
[2026-08-27 01:12:40Z INFO ExtensionManager] Getting extensions for interface: 'GitHub.Runner.Worker.IFileCommandExtension'
[2026-08-27 01:12:40Z INFO ExtensionManager] Getting extensions for interface: 'GitHub.Runner.Worker.IActionCommandExtension'
[2026-08-27 01:12:40Z INFO ActionCommandManager] Register action command extension for command internal-set-repo-path
[2026-08-27 01:12:40Z INFO ActionCommandManager] Register action command extension for command set-env
[2026-08-27 01:12:40Z INFO ActionCommandManager] Register action command extension for command set-output
[2026-08-27 01:12:40Z INFO ActionCommandManager] Register action command extension for command save-state
[2026-08-27 01:12:40Z INFO ActionCommandManager] Register action command extension for command add-path
[2026-08-27 01:12:40Z INFO ActionCommandManager] Register action command extension for command add-mask
[2026-08-27 01:12:40Z INFO ActionCommandManager] Register action command extension for command add-matcher
[2026-08-27 01:12:40Z INFO ActionCommandManager] Register action command extension for command remove-matcher
[2026-08-27 01:12:40Z INFO ActionCommandManager] Register action command extension for command warning
[2026-08-27 01:12:40Z INFO ActionCommandManager] Register action command extension for command error
[2026-08-27 01:12:40Z INFO ActionCommandManager] Register action command extension for command notice
[2026-08-27 01:12:40Z INFO ActionCommandManager] Register action command extension for command debug
[2026-08-27 01:12:40Z INFO ActionCommandManager] Register action command extension for command group
[2026-08-27 01:12:40Z INFO ActionCommandManager] Register action command extension for command endgroup
[2026-08-27 01:12:40Z INFO ActionCommandManager] Register action command extension for command echo
[2026-08-27 01:12:40Z INFO ScriptHandler] Which2: 'pwsh'
[2026-08-27 01:12:40Z INFO JobServerQueue] Try to append 1 batches web console lines for record 'f7fa832b-2818-4991-b174-cb1dce19bf6e', success rate: 1/1.
[2026-08-27 01:12:40Z INFO JobServerQueue] Try to append 1 batches web console lines for record '48f43789-a038-417e-b8f3-a0a6be3e4416', success rate: 1/1.
[2026-08-27 01:12:40Z INFO ScriptHandler] pwsh: command not found. Make sure 'pwsh' is installed and its location included in the 'Path' environment variable.
[2026-08-27 01:12:40Z INFO ScriptHandler] Defaulting to powershell
[2026-08-27 01:12:40Z INFO ScriptHandler] Which2: 'powershell'
[2026-08-27 01:12:40Z INFO ScriptHandler] Location: 'C:\WINDOWS\System32\WindowsPowerShell\v1.0\powershell.EXE'
[2026-08-27 01:12:40Z INFO HostContext] Well known directory 'Bin': 'D:\actions-runner\bin'
[2026-08-27 01:12:40Z INFO HostContext] Well known directory 'Root': 'D:\actions-runner'
[2026-08-27 01:12:40Z INFO HostContext] Well known directory 'Work': 'D:\actions-runner\_work'
[2026-08-27 01:12:40Z INFO HostContext] Well known directory 'Temp': 'D:\actions-runner\_work\_temp'
[2026-08-27 01:12:40Z INFO ScriptHandler] Which2: 'pwsh'
[2026-08-27 01:12:40Z INFO ScriptHandler] pwsh: command not found. Make sure 'pwsh' is installed and its location included in the 'Path' environment variable.
[2026-08-27 01:12:40Z INFO ScriptHandler] Defaulting to powershell
[2026-08-27 01:12:40Z INFO ScriptHandler] Which2: 'powershell'
[2026-08-27 01:12:40Z INFO ScriptHandler] Location: 'C:\WINDOWS\System32\WindowsPowerShell\v1.0\powershell.EXE'
[2026-08-27 01:12:40Z INFO ProcessInvokerWrapper] Starting process:
[2026-08-27 01:12:40Z INFO ProcessInvokerWrapper]   File name: 'C:\WINDOWS\System32\WindowsPowerShell\v1.0\powershell.EXE'
[2026-08-27 01:12:40Z INFO ProcessInvokerWrapper]   Arguments: '-command ". 'D:\actions-runner\_work\_temp\e6945517-bbdc-426b-b6b7-4d48b2d0b5cb.ps1'"'
[2026-08-27 01:12:40Z INFO ProcessInvokerWrapper]   Working directory: 'D:\actions-runner\_work\SignServer\SignServer\signserver-web'
[2026-08-27 01:12:40Z INFO ProcessInvokerWrapper]   Require exit code zero: 'False'
[2026-08-27 01:12:40Z INFO ProcessInvokerWrapper]   Encoding web name:  ; code page: ''
[2026-08-27 01:12:40Z INFO ProcessInvokerWrapper]   Force kill process on cancellation: 'False'
[2026-08-27 01:12:40Z INFO ProcessInvokerWrapper]   Redirected STDIN: 'False'
[2026-08-27 01:12:40Z INFO ProcessInvokerWrapper]   Persist current code page: 'True'
[2026-08-27 01:12:40Z INFO ProcessInvokerWrapper]   Keep redirected STDIN open: 'False'
[2026-08-27 01:12:40Z INFO ProcessInvokerWrapper]   High priority process: 'False'
[2026-08-27 01:12:40Z INFO ProcessInvokerWrapper] Process started with process id 5176, waiting for process exit.
[2026-08-27 01:12:40Z INFO JobServerQueue] Try to append 1 batches web console lines for record '48f43789-a038-417e-b8f3-a0a6be3e4416', success rate: 1/1.
[2026-08-27 01:12:40Z INFO JobServerQueue] Got a step log file to send to results service.
[2026-08-27 01:12:40Z INFO JobServerQueue] Starting upload of step log file to results service ResultsLog, D:\actions-runner\_diag\blocks\c1668322-7845-4dee-9a02-74ae6c6eee2c_f7fa832b-2818-4991-b174-cb1dce19bf6e.1
[2026-08-27 01:12:40Z INFO JobServerQueue] Try to upload 1 log files or attachments, success rate: 1/1.
[2026-08-27 01:12:40Z INFO JobServerQueue] Tried to upload 1 file(s) to results, success rate: 1/1.
[2026-08-27 01:12:42Z INFO HostContext] Well known directory 'Bin': 'D:\actions-runner\bin'
[2026-08-27 01:12:42Z INFO HostContext] Well known directory 'Root': 'D:\actions-runner'
[2026-08-27 01:12:42Z INFO HostContext] Well known directory 'Work': 'D:\actions-runner\_work'
[2026-08-27 01:12:49Z INFO JobServerQueue] Try to append 1 batches web console lines for record '48f43789-a038-417e-b8f3-a0a6be3e4416', success rate: 1/1.
[2026-08-27 01:12:49Z INFO ProcessInvokerWrapper] STDOUT/STDERR stream read finished.
[2026-08-27 01:12:49Z INFO ProcessInvokerWrapper] STDOUT/STDERR stream read finished.
[2026-08-27 01:12:49Z INFO ProcessInvokerWrapper] Finished process 5176 with exit code 0, and elapsed time 00:00:09.6867935.
[2026-08-27 01:12:49Z INFO CreateStepSummaryCommand] Step Summary file (D:\actions-runner\_work\_temp\_runner_file_commands\step_summary_be9207c9-b3ac-46ff-8f98-624697429244) is empty; skipping attachment upload
[2026-08-27 01:12:49Z INFO StepsRunner] Step result: 
[2026-08-27 01:12:49Z INFO ExecutionContext] Publish step telemetry for current step {
  "action": "powershell",
  "type": "run",
  "stage": "Main",
  "stepId": "48f43789-a038-417e-b8f3-a0a6be3e4416",
  "stepContextName": "__run",
  "result": "succeeded",
  "errorMessages": [],
  "executionTimeInSeconds": 10,
  "startTime": "2026-08-27T01:12:40.1873432Z",
  "finishTime": "2026-08-27T01:12:49.9521754Z"
}.
[2026-08-27 01:12:49Z INFO StepsRunner] No need for updating job result with current step result 'Succeeded'.
[2026-08-27 01:12:49Z INFO StepsRunner] Current state: job state = ''
[2026-08-27 01:12:49Z INFO StepsRunner] Processing step: DisplayName='Compilar (build de producción)'
[2026-08-27 01:12:49Z INFO StepsRunner] Evaluating: success()
[2026-08-27 01:12:49Z INFO StepsRunner] Result: true
[2026-08-27 01:12:49Z INFO StepsRunner] Starting the step.
[2026-08-27 01:12:49Z INFO HostContext] Well known directory 'Bin': 'D:\actions-runner\bin'
[2026-08-27 01:12:49Z INFO HostContext] Well known directory 'Root': 'D:\actions-runner'
[2026-08-27 01:12:49Z INFO HostContext] Well known directory 'Work': 'D:\actions-runner\_work'
[2026-08-27 01:12:49Z INFO StepsRunner] Which2: 'chcp'
[2026-08-27 01:12:49Z INFO StepsRunner] Location: 'C:\WINDOWS\system32\chcp.COM'
[2026-08-27 01:12:49Z INFO ProcessInvokerWrapper] Starting process:
[2026-08-27 01:12:49Z INFO ProcessInvokerWrapper]   File name: 'C:\WINDOWS\system32\chcp.COM'
[2026-08-27 01:12:49Z INFO ProcessInvokerWrapper]   Arguments: '65001'
[2026-08-27 01:12:49Z INFO ProcessInvokerWrapper]   Working directory: 'D:\actions-runner\_work'
[2026-08-27 01:12:49Z INFO ProcessInvokerWrapper]   Require exit code zero: 'False'
[2026-08-27 01:12:49Z INFO ProcessInvokerWrapper]   Encoding web name:  ; code page: ''
[2026-08-27 01:12:49Z INFO ProcessInvokerWrapper]   Force kill process on cancellation: 'False'
[2026-08-27 01:12:49Z INFO ProcessInvokerWrapper]   Redirected STDIN: 'False'
[2026-08-27 01:12:49Z INFO ProcessInvokerWrapper]   Persist current code page: 'True'
[2026-08-27 01:12:49Z INFO ProcessInvokerWrapper]   Keep redirected STDIN open: 'False'
[2026-08-27 01:12:49Z INFO ProcessInvokerWrapper]   High priority process: 'False'
[2026-08-27 01:12:49Z INFO ProcessInvokerWrapper] Process started with process id 6440, waiting for process exit.
[2026-08-27 01:12:49Z INFO ProcessInvokerWrapper] STDOUT/STDERR stream read finished.
[2026-08-27 01:12:49Z INFO ProcessInvokerWrapper] STDOUT/STDERR stream read finished.
[2026-08-27 01:12:49Z INFO ProcessInvokerWrapper] Finished process 6440 with exit code 0, and elapsed time 00:00:00.0084487.
[2026-08-27 01:12:49Z INFO StepsRunner] Successfully returned to code page 65001 (UTF8)
[2026-08-27 01:12:49Z INFO HostContext] Well known directory 'Bin': 'D:\actions-runner\bin'
[2026-08-27 01:12:49Z INFO HostContext] Well known directory 'Root': 'D:\actions-runner'
[2026-08-27 01:12:49Z INFO HostContext] Well known directory 'Work': 'D:\actions-runner\_work'
[2026-08-27 01:12:49Z INFO HostContext] Well known directory 'Temp': 'D:\actions-runner\_work\_temp'
[2026-08-27 01:12:49Z INFO ExecutionContext] Write event payload to D:\actions-runner\_work\_temp\_github_workflow\event.json
[2026-08-27 01:12:49Z INFO HostContext] Well known directory 'Bin': 'D:\actions-runner\bin'
[2026-08-27 01:12:49Z INFO HostContext] Well known directory 'Root': 'D:\actions-runner'
[2026-08-27 01:12:49Z INFO HostContext] Well known directory 'Work': 'D:\actions-runner\_work'
[2026-08-27 01:12:49Z INFO HostContext] Well known directory 'Temp': 'D:\actions-runner\_work\_temp'
[2026-08-27 01:12:49Z INFO ExtensionManager] Getting extensions for interface: 'GitHub.Runner.Worker.IFileCommandExtension'
[2026-08-27 01:12:49Z INFO ExtensionManager] Getting extensions for interface: 'GitHub.Runner.Worker.IActionCommandExtension'
[2026-08-27 01:12:49Z INFO ActionCommandManager] Register action command extension for command internal-set-repo-path
[2026-08-27 01:12:49Z INFO ActionCommandManager] Register action command extension for command set-env
[2026-08-27 01:12:49Z INFO ActionCommandManager] Register action command extension for command set-output
[2026-08-27 01:12:49Z INFO ActionCommandManager] Register action command extension for command save-state
[2026-08-27 01:12:49Z INFO ActionCommandManager] Register action command extension for command add-path
[2026-08-27 01:12:49Z INFO ActionCommandManager] Register action command extension for command add-mask
[2026-08-27 01:12:49Z INFO ActionCommandManager] Register action command extension for command add-matcher
[2026-08-27 01:12:49Z INFO ActionCommandManager] Register action command extension for command remove-matcher
[2026-08-27 01:12:49Z INFO ActionCommandManager] Register action command extension for command warning
[2026-08-27 01:12:49Z INFO ActionCommandManager] Register action command extension for command error
[2026-08-27 01:12:49Z INFO ActionCommandManager] Register action command extension for command notice
[2026-08-27 01:12:49Z INFO ActionCommandManager] Register action command extension for command debug
[2026-08-27 01:12:49Z INFO ActionCommandManager] Register action command extension for command group
[2026-08-27 01:12:49Z INFO ActionCommandManager] Register action command extension for command endgroup
[2026-08-27 01:12:49Z INFO ActionCommandManager] Register action command extension for command echo
[2026-08-27 01:12:49Z INFO ScriptHandler] Which2: 'pwsh'
[2026-08-27 01:12:49Z INFO ScriptHandler] pwsh: command not found. Make sure 'pwsh' is installed and its location included in the 'Path' environment variable.
[2026-08-27 01:12:49Z INFO ScriptHandler] Defaulting to powershell
[2026-08-27 01:12:49Z INFO ScriptHandler] Which2: 'powershell'
[2026-08-27 01:12:49Z INFO ScriptHandler] Location: 'C:\WINDOWS\System32\WindowsPowerShell\v1.0\powershell.EXE'
[2026-08-27 01:12:49Z INFO HostContext] Well known directory 'Bin': 'D:\actions-runner\bin'
[2026-08-27 01:12:49Z INFO HostContext] Well known directory 'Root': 'D:\actions-runner'
[2026-08-27 01:12:49Z INFO HostContext] Well known directory 'Work': 'D:\actions-runner\_work'
[2026-08-27 01:12:49Z INFO HostContext] Well known directory 'Temp': 'D:\actions-runner\_work\_temp'
[2026-08-27 01:12:49Z INFO ScriptHandler] Which2: 'pwsh'
[2026-08-27 01:12:50Z INFO ScriptHandler] pwsh: command not found. Make sure 'pwsh' is installed and its location included in the 'Path' environment variable.
[2026-08-27 01:12:50Z INFO ScriptHandler] Defaulting to powershell
[2026-08-27 01:12:50Z INFO ScriptHandler] Which2: 'powershell'
[2026-08-27 01:12:50Z INFO ScriptHandler] Location: 'C:\WINDOWS\System32\WindowsPowerShell\v1.0\powershell.EXE'
[2026-08-27 01:12:50Z INFO ProcessInvokerWrapper] Starting process:
[2026-08-27 01:12:50Z INFO ProcessInvokerWrapper]   File name: 'C:\WINDOWS\System32\WindowsPowerShell\v1.0\powershell.EXE'
[2026-08-27 01:12:50Z INFO ProcessInvokerWrapper]   Arguments: '-command ". 'D:\actions-runner\_work\_temp\2dba5a7c-fdb0-4047-94f7-1b4c81f9fb19.ps1'"'
[2026-08-27 01:12:50Z INFO ProcessInvokerWrapper]   Working directory: 'D:\actions-runner\_work\SignServer\SignServer\signserver-web'
[2026-08-27 01:12:50Z INFO ProcessInvokerWrapper]   Require exit code zero: 'False'
[2026-08-27 01:12:50Z INFO ProcessInvokerWrapper]   Encoding web name:  ; code page: ''
[2026-08-27 01:12:50Z INFO ProcessInvokerWrapper]   Force kill process on cancellation: 'False'
[2026-08-27 01:12:50Z INFO ProcessInvokerWrapper]   Redirected STDIN: 'False'
[2026-08-27 01:12:50Z INFO ProcessInvokerWrapper]   Persist current code page: 'True'
[2026-08-27 01:12:50Z INFO ProcessInvokerWrapper]   Keep redirected STDIN open: 'False'
[2026-08-27 01:12:50Z INFO ProcessInvokerWrapper]   High priority process: 'False'
[2026-08-27 01:12:50Z INFO ProcessInvokerWrapper] Process started with process id 17104, waiting for process exit.
[2026-08-27 01:12:50Z INFO JobServerQueue] Try to append 1 batches web console lines for record 'ab0d6408-29ff-48a6-831a-cc976266c1d8', success rate: 1/1.
[2026-08-27 01:12:50Z INFO JobServerQueue] Try to upload 1 log files or attachments, success rate: 1/1.
[2026-08-27 01:12:50Z INFO JobServerQueue] Got a step log file to send to results service.
[2026-08-27 01:12:50Z INFO JobServerQueue] Starting upload of step log file to results service ResultsLog, D:\actions-runner\_diag\blocks\c1668322-7845-4dee-9a02-74ae6c6eee2c_48f43789-a038-417e-b8f3-a0a6be3e4416.1
[2026-08-27 01:12:50Z INFO JobServerQueue] Try to append 1 batches web console lines for record 'ab0d6408-29ff-48a6-831a-cc976266c1d8', success rate: 1/1.
[2026-08-27 01:12:51Z INFO JobServerQueue] Tried to upload 1 file(s) to results, success rate: 1/1.
[2026-08-27 01:12:52Z INFO HostContext] Well known directory 'Bin': 'D:\actions-runner\bin'
[2026-08-27 01:12:52Z INFO HostContext] Well known directory 'Root': 'D:\actions-runner'
[2026-08-27 01:12:52Z INFO HostContext] Well known directory 'Work': 'D:\actions-runner\_work'
[2026-08-27 01:12:53Z INFO JobServerQueue] Try to append 1 batches web console lines for record 'ab0d6408-29ff-48a6-831a-cc976266c1d8', success rate: 1/1.
[2026-08-27 01:12:58Z INFO JobServerQueue] Try to append 1 batches web console lines for record 'ab0d6408-29ff-48a6-831a-cc976266c1d8', success rate: 1/1.
[2026-08-27 01:12:59Z INFO JobServerQueue] Try to append 1 batches web console lines for record 'ab0d6408-29ff-48a6-831a-cc976266c1d8', success rate: 1/1.
[2026-08-27 01:12:59Z INFO ProcessInvokerWrapper] STDOUT/STDERR stream read finished.
[2026-08-27 01:12:59Z INFO ProcessInvokerWrapper] STDOUT/STDERR stream read finished.
[2026-08-27 01:12:59Z INFO ProcessInvokerWrapper] Finished process 17104 with exit code 0, and elapsed time 00:00:09.5816046.
[2026-08-27 01:12:59Z INFO CreateStepSummaryCommand] Step Summary file (D:\actions-runner\_work\_temp\_runner_file_commands\step_summary_f7062141-555b-4b78-8ea5-65abc2f130d2) is empty; skipping attachment upload
[2026-08-27 01:12:59Z INFO StepsRunner] Step result: 
[2026-08-27 01:12:59Z INFO ExecutionContext] Publish step telemetry for current step {
  "action": "powershell",
  "type": "run",
  "stage": "Main",
  "stepId": "ab0d6408-29ff-48a6-831a-cc976266c1d8",
  "stepContextName": "__run_2",
  "result": "succeeded",
  "errorMessages": [],
  "executionTimeInSeconds": 10,
  "startTime": "2026-08-27T01:12:49.9530189Z",
  "finishTime": "2026-08-27T01:12:59.609888Z"
}.
[2026-08-27 01:12:59Z INFO StepsRunner] No need for updating job result with current step result 'Succeeded'.
[2026-08-27 01:12:59Z INFO StepsRunner] Current state: job state = ''
[2026-08-27 01:12:59Z INFO StepsRunner] Processing step: DisplayName='Publicar en el volumen de nginx'
[2026-08-27 01:12:59Z INFO StepsRunner] Evaluating: success()
[2026-08-27 01:12:59Z INFO StepsRunner] Result: true
[2026-08-27 01:12:59Z INFO StepsRunner] Starting the step.
[2026-08-27 01:12:59Z INFO HostContext] Well known directory 'Bin': 'D:\actions-runner\bin'
[2026-08-27 01:12:59Z INFO HostContext] Well known directory 'Root': 'D:\actions-runner'
[2026-08-27 01:12:59Z INFO HostContext] Well known directory 'Work': 'D:\actions-runner\_work'
[2026-08-27 01:12:59Z INFO StepsRunner] Which2: 'chcp'
[2026-08-27 01:12:59Z INFO StepsRunner] Location: 'C:\WINDOWS\system32\chcp.COM'
[2026-08-27 01:12:59Z INFO ProcessInvokerWrapper] Starting process:
[2026-08-27 01:12:59Z INFO ProcessInvokerWrapper]   File name: 'C:\WINDOWS\system32\chcp.COM'
[2026-08-27 01:12:59Z INFO ProcessInvokerWrapper]   Arguments: '65001'
[2026-08-27 01:12:59Z INFO ProcessInvokerWrapper]   Working directory: 'D:\actions-runner\_work'
[2026-08-27 01:12:59Z INFO ProcessInvokerWrapper]   Require exit code zero: 'False'
[2026-08-27 01:12:59Z INFO ProcessInvokerWrapper]   Encoding web name:  ; code page: ''
[2026-08-27 01:12:59Z INFO ProcessInvokerWrapper]   Force kill process on cancellation: 'False'
[2026-08-27 01:12:59Z INFO ProcessInvokerWrapper]   Redirected STDIN: 'False'
[2026-08-27 01:12:59Z INFO ProcessInvokerWrapper]   Persist current code page: 'True'
[2026-08-27 01:12:59Z INFO ProcessInvokerWrapper]   Keep redirected STDIN open: 'False'
[2026-08-27 01:12:59Z INFO ProcessInvokerWrapper]   High priority process: 'False'
[2026-08-27 01:12:59Z INFO ProcessInvokerWrapper] Process started with process id 11420, waiting for process exit.
[2026-08-27 01:12:59Z INFO ProcessInvokerWrapper] STDOUT/STDERR stream read finished.
[2026-08-27 01:12:59Z INFO ProcessInvokerWrapper] STDOUT/STDERR stream read finished.
[2026-08-27 01:12:59Z INFO ProcessInvokerWrapper] Finished process 11420 with exit code 0, and elapsed time 00:00:00.0091731.
[2026-08-27 01:12:59Z INFO StepsRunner] Successfully returned to code page 65001 (UTF8)
[2026-08-27 01:12:59Z INFO HostContext] Well known directory 'Bin': 'D:\actions-runner\bin'
[2026-08-27 01:12:59Z INFO HostContext] Well known directory 'Root': 'D:\actions-runner'
[2026-08-27 01:12:59Z INFO HostContext] Well known directory 'Work': 'D:\actions-runner\_work'
[2026-08-27 01:12:59Z INFO HostContext] Well known directory 'Temp': 'D:\actions-runner\_work\_temp'
[2026-08-27 01:12:59Z INFO ExecutionContext] Write event payload to D:\actions-runner\_work\_temp\_github_workflow\event.json
[2026-08-27 01:12:59Z INFO HostContext] Well known directory 'Bin': 'D:\actions-runner\bin'
[2026-08-27 01:12:59Z INFO HostContext] Well known directory 'Root': 'D:\actions-runner'
[2026-08-27 01:12:59Z INFO HostContext] Well known directory 'Work': 'D:\actions-runner\_work'
[2026-08-27 01:12:59Z INFO HostContext] Well known directory 'Temp': 'D:\actions-runner\_work\_temp'
[2026-08-27 01:12:59Z INFO ExtensionManager] Getting extensions for interface: 'GitHub.Runner.Worker.IFileCommandExtension'
[2026-08-27 01:12:59Z INFO ExtensionManager] Getting extensions for interface: 'GitHub.Runner.Worker.IActionCommandExtension'
[2026-08-27 01:12:59Z INFO ActionCommandManager] Register action command extension for command internal-set-repo-path
[2026-08-27 01:12:59Z INFO ActionCommandManager] Register action command extension for command set-env
[2026-08-27 01:12:59Z INFO ActionCommandManager] Register action command extension for command set-output
[2026-08-27 01:12:59Z INFO ActionCommandManager] Register action command extension for command save-state
[2026-08-27 01:12:59Z INFO ActionCommandManager] Register action command extension for command add-path
[2026-08-27 01:12:59Z INFO ActionCommandManager] Register action command extension for command add-mask
[2026-08-27 01:12:59Z INFO ActionCommandManager] Register action command extension for command add-matcher
[2026-08-27 01:12:59Z INFO ActionCommandManager] Register action command extension for command remove-matcher
[2026-08-27 01:12:59Z INFO ActionCommandManager] Register action command extension for command warning
[2026-08-27 01:12:59Z INFO ActionCommandManager] Register action command extension for command error
[2026-08-27 01:12:59Z INFO ActionCommandManager] Register action command extension for command notice
[2026-08-27 01:12:59Z INFO ActionCommandManager] Register action command extension for command debug
[2026-08-27 01:12:59Z INFO ActionCommandManager] Register action command extension for command group
[2026-08-27 01:12:59Z INFO ActionCommandManager] Register action command extension for command endgroup
[2026-08-27 01:12:59Z INFO ActionCommandManager] Register action command extension for command echo
[2026-08-27 01:12:59Z INFO ScriptHandler] Which2: 'pwsh'
[2026-08-27 01:12:59Z INFO ScriptHandler] pwsh: command not found. Make sure 'pwsh' is installed and its location included in the 'Path' environment variable.
[2026-08-27 01:12:59Z INFO ScriptHandler] Defaulting to powershell
[2026-08-27 01:12:59Z INFO ScriptHandler] Which2: 'powershell'
[2026-08-27 01:12:59Z INFO ScriptHandler] Location: 'C:\WINDOWS\System32\WindowsPowerShell\v1.0\powershell.EXE'
[2026-08-27 01:12:59Z INFO HostContext] Well known directory 'Bin': 'D:\actions-runner\bin'
[2026-08-27 01:12:59Z INFO HostContext] Well known directory 'Root': 'D:\actions-runner'
[2026-08-27 01:12:59Z INFO HostContext] Well known directory 'Work': 'D:\actions-runner\_work'
[2026-08-27 01:12:59Z INFO HostContext] Well known directory 'Temp': 'D:\actions-runner\_work\_temp'
[2026-08-27 01:12:59Z INFO ScriptHandler] Which2: 'pwsh'
[2026-08-27 01:12:59Z INFO ScriptHandler] pwsh: command not found. Make sure 'pwsh' is installed and its location included in the 'Path' environment variable.
[2026-08-27 01:12:59Z INFO ScriptHandler] Defaulting to powershell
[2026-08-27 01:12:59Z INFO ScriptHandler] Which2: 'powershell'
[2026-08-27 01:12:59Z INFO ScriptHandler] Location: 'C:\WINDOWS\System32\WindowsPowerShell\v1.0\powershell.EXE'
[2026-08-27 01:12:59Z INFO ProcessInvokerWrapper] Starting process:
[2026-08-27 01:12:59Z INFO ProcessInvokerWrapper]   File name: 'C:\WINDOWS\System32\WindowsPowerShell\v1.0\powershell.EXE'
[2026-08-27 01:12:59Z INFO ProcessInvokerWrapper]   Arguments: '-command ". 'D:\actions-runner\_work\_temp\223668fa-d9ed-45ae-a02a-83719e6149d9.ps1'"'
[2026-08-27 01:12:59Z INFO ProcessInvokerWrapper]   Working directory: 'D:\actions-runner\_work\SignServer\SignServer\signserver-web'
[2026-08-27 01:12:59Z INFO ProcessInvokerWrapper]   Require exit code zero: 'False'
[2026-08-27 01:12:59Z INFO ProcessInvokerWrapper]   Encoding web name:  ; code page: ''
[2026-08-27 01:12:59Z INFO ProcessInvokerWrapper]   Force kill process on cancellation: 'False'
[2026-08-27 01:12:59Z INFO ProcessInvokerWrapper]   Redirected STDIN: 'False'
[2026-08-27 01:12:59Z INFO ProcessInvokerWrapper]   Persist current code page: 'True'
[2026-08-27 01:12:59Z INFO ProcessInvokerWrapper]   Keep redirected STDIN open: 'False'
[2026-08-27 01:12:59Z INFO ProcessInvokerWrapper]   High priority process: 'False'
[2026-08-27 01:12:59Z INFO ProcessInvokerWrapper] Process started with process id 16860, waiting for process exit.
[2026-08-27 01:12:59Z INFO JobServerQueue] Try to upload 1 log files or attachments, success rate: 1/1.
[2026-08-27 01:12:59Z INFO JobServerQueue] Try to append 1 batches web console lines for record '37fded51-f31b-4e0c-ab54-e0693151c30f', success rate: 1/1.
[2026-08-27 01:13:00Z INFO JobServerQueue] Got a step log file to send to results service.
[2026-08-27 01:13:00Z INFO JobServerQueue] Starting upload of step log file to results service ResultsLog, D:\actions-runner\_diag\blocks\c1668322-7845-4dee-9a02-74ae6c6eee2c_ab0d6408-29ff-48a6-831a-cc976266c1d8.1
[2026-08-27 01:13:00Z INFO JobServerQueue] Tried to upload 1 file(s) to results, success rate: 1/1.
[2026-08-27 01:13:01Z INFO ProcessInvokerWrapper] STDOUT/STDERR stream read finished.
[2026-08-27 01:13:01Z INFO ProcessInvokerWrapper] STDOUT/STDERR stream read finished.
[2026-08-27 01:13:01Z INFO ProcessInvokerWrapper] Finished process 16860 with exit code 0, and elapsed time 00:00:01.8849165.
[2026-08-27 01:13:01Z INFO CreateStepSummaryCommand] Step Summary file (D:\actions-runner\_work\_temp\_runner_file_commands\step_summary_d92cf95e-6c4a-45f4-bbe7-7b39c1e5922d) is empty; skipping attachment upload
[2026-08-27 01:13:01Z INFO StepsRunner] Step result: 
[2026-08-27 01:13:01Z INFO ExecutionContext] Publish step telemetry for current step {
  "action": "powershell",
  "type": "run",
  "stage": "Main",
  "stepId": "37fded51-f31b-4e0c-ab54-e0693151c30f",
  "stepContextName": "__run_3",
  "result": "succeeded",
  "errorMessages": [],
  "executionTimeInSeconds": 2,
  "startTime": "2026-08-27T01:12:59.6106385Z",
  "finishTime": "2026-08-27T01:13:01.5699639Z"
}.
[2026-08-27 01:13:01Z INFO StepsRunner] No need for updating job result with current step result 'Succeeded'.
[2026-08-27 01:13:01Z INFO StepsRunner] Current state: job state = ''
[2026-08-27 01:13:01Z INFO StepsRunner] Processing step: DisplayName='Post Instalar Node.js'
[2026-08-27 01:13:01Z INFO StepsRunner] Evaluating: success()
[2026-08-27 01:13:01Z INFO StepsRunner] Result: true
[2026-08-27 01:13:01Z INFO StepsRunner] Starting the step.
[2026-08-27 01:13:01Z INFO HostContext] Well known directory 'Bin': 'D:\actions-runner\bin'
[2026-08-27 01:13:01Z INFO HostContext] Well known directory 'Root': 'D:\actions-runner'
[2026-08-27 01:13:01Z INFO HostContext] Well known directory 'Work': 'D:\actions-runner\_work'
[2026-08-27 01:13:01Z INFO StepsRunner] Which2: 'chcp'
[2026-08-27 01:13:01Z INFO StepsRunner] Location: 'C:\WINDOWS\system32\chcp.COM'
[2026-08-27 01:13:01Z INFO ProcessInvokerWrapper] Starting process:
[2026-08-27 01:13:01Z INFO ProcessInvokerWrapper]   File name: 'C:\WINDOWS\system32\chcp.COM'
[2026-08-27 01:13:01Z INFO ProcessInvokerWrapper]   Arguments: '65001'
[2026-08-27 01:13:01Z INFO ProcessInvokerWrapper]   Working directory: 'D:\actions-runner\_work'
[2026-08-27 01:13:01Z INFO ProcessInvokerWrapper]   Require exit code zero: 'False'
[2026-08-27 01:13:01Z INFO ProcessInvokerWrapper]   Encoding web name:  ; code page: ''
[2026-08-27 01:13:01Z INFO ProcessInvokerWrapper]   Force kill process on cancellation: 'False'
[2026-08-27 01:13:01Z INFO ProcessInvokerWrapper]   Redirected STDIN: 'False'
[2026-08-27 01:13:01Z INFO ProcessInvokerWrapper]   Persist current code page: 'True'
[2026-08-27 01:13:01Z INFO ProcessInvokerWrapper]   Keep redirected STDIN open: 'False'
[2026-08-27 01:13:01Z INFO ProcessInvokerWrapper]   High priority process: 'False'
[2026-08-27 01:13:01Z INFO ProcessInvokerWrapper] Process started with process id 2008, waiting for process exit.
[2026-08-27 01:13:01Z INFO ProcessInvokerWrapper] STDOUT/STDERR stream read finished.
[2026-08-27 01:13:01Z INFO ProcessInvokerWrapper] STDOUT/STDERR stream read finished.
[2026-08-27 01:13:01Z INFO ProcessInvokerWrapper] Finished process 2008 with exit code 0, and elapsed time 00:00:00.0096190.
[2026-08-27 01:13:01Z INFO StepsRunner] Successfully returned to code page 65001 (UTF8)
[2026-08-27 01:13:01Z INFO HostContext] Well known directory 'Bin': 'D:\actions-runner\bin'
[2026-08-27 01:13:01Z INFO HostContext] Well known directory 'Root': 'D:\actions-runner'
[2026-08-27 01:13:01Z INFO HostContext] Well known directory 'Work': 'D:\actions-runner\_work'
[2026-08-27 01:13:01Z INFO HostContext] Well known directory 'Actions': 'D:\actions-runner\_work\_actions'
[2026-08-27 01:13:01Z INFO ActionManager] Load action that reference repository from 'D:\actions-runner\_work\_actions\actions\setup-node\v4'
[2026-08-27 01:13:01Z INFO HostContext] Well known directory 'Bin': 'D:\actions-runner\bin'
[2026-08-27 01:13:01Z INFO HostContext] Well known directory 'Root': 'D:\actions-runner'
[2026-08-27 01:13:01Z INFO HostContext] Well known directory 'Work': 'D:\actions-runner\_work'
[2026-08-27 01:13:01Z INFO HostContext] Well known directory 'Actions': 'D:\actions-runner\_work\_actions'
[2026-08-27 01:13:01Z INFO ActionManifestManagerLegacy] Ignore action property author.
[2026-08-27 01:13:01Z INFO ActionManifestManagerLegacy] Loaded action.yml file: {
  "name": "Setup Node.js environment",
  "description": "Setup a Node.js environment by adding problem matchers and optionally downloading and adding it to the PATH.",
  "inputs": {
    "type": 2,
    "map": [
      {
        "key": {
          "type": 0,
          "file": 3,
          "line": 5,
          "col": 3,
          "lit": "always-auth"
        },
        "value": {
          "type": 0,
          "file": 3,
          "line": 7,
          "col": 14,
          "lit": "false"
        }
      },
      {
        "key": {
          "type": 0,
          "file": 3,
          "line": 8,
          "col": 3,
          "lit": "node-version"
        },
        "value": ""
      },
      {
        "key": {
          "type": 0,
          "file": 3,
          "line": 10,
          "col": 3,
          "lit": "node-version-file"
        },
        "value": ""
      },
      {
        "key": {
          "type": 0,
          "file": 3,
          "line": 12,
          "col": 3,
          "lit": "architecture"
        },
        "value": ""
      },
      {
        "key": {
          "type": 0,
          "file": 3,
          "line": 14,
          "col": 3,
          "lit": "check-latest"
        },
        "value": {
          "type": 0,
          "file": 3,
          "line": 16,
          "col": 14,
          "lit": "false"
        }
      },
      {
        "key": {
          "type": 0,
          "file": 3,
          "line": 17,
          "col": 3,
          "lit": "registry-url"
        },
        "value": ""
      },
      {
        "key": {
          "type": 0,
          "file": 3,
          "line": 19,
          "col": 3,
          "lit": "scope"
        },
        "value": ""
      },
      {
        "key": {
          "type": 0,
          "file": 3,
          "line": 21,
          "col": 3,
          "lit": "token"
        },
        "value": {
          "type": 3,
          "file": 3,
          "line": 23,
          "col": 14,
          "expr": "github.server_url == 'https://github.com' && github.token || ''"
        }
      },
      {
        "key": {
          "type": 0,
          "file": 3,
          "line": 24,
          "col": 3,
          "lit": "cache"
        },
        "value": ""
      },
      {
        "key": {
          "type": 0,
          "file": 3,
          "line": 26,
          "col": 3,
          "lit": "cache-dependency-path"
        },
        "value": ""
      },
      {
        "key": {
          "type": 0,
          "file": 3,
          "line": 28,
          "col": 3,
          "lit": "mirror"
        },
        "value": ""
      },
      {
        "key": {
          "type": 0,
          "file": 3,
          "line": 30,
          "col": 3,
          "lit": "mirror-token"
        },
        "value": ""
      }
    ]
  },
  "execution": {
    "executionType": "nodeJS",
    "hasPre": false,
    "hasPost": true,
    "script": "dist/setup/index.js",
    "pre": null,
    "post": "dist/cache-save/index.js",
    "nodeVersion": "node20",
    "cleanupCondition": "success()",
    "initCondition": "always()"
  },
  "deprecated": null
}
[2026-08-27 01:13:01Z INFO ActionManager] Action pre node.js file: N/A.
[2026-08-27 01:13:01Z INFO ActionManager] Action node.js file: dist/setup/index.js.
[2026-08-27 01:13:01Z INFO ActionManager] Action post node.js file: dist/cache-save/index.js.
[2026-08-27 01:13:01Z INFO HostContext] Well known directory 'Bin': 'D:\actions-runner\bin'
[2026-08-27 01:13:01Z INFO HostContext] Well known directory 'Root': 'D:\actions-runner'
[2026-08-27 01:13:01Z INFO HostContext] Well known directory 'Work': 'D:\actions-runner\_work'
[2026-08-27 01:13:01Z INFO HostContext] Well known directory 'Temp': 'D:\actions-runner\_work\_temp'
[2026-08-27 01:13:01Z INFO ExecutionContext] Write event payload to D:\actions-runner\_work\_temp\_github_workflow\event.json
[2026-08-27 01:13:01Z INFO HostContext] Well known directory 'Bin': 'D:\actions-runner\bin'
[2026-08-27 01:13:01Z INFO HostContext] Well known directory 'Root': 'D:\actions-runner'
[2026-08-27 01:13:01Z INFO HostContext] Well known directory 'Work': 'D:\actions-runner\_work'
[2026-08-27 01:13:01Z INFO HostContext] Well known directory 'Temp': 'D:\actions-runner\_work\_temp'
[2026-08-27 01:13:01Z INFO ExtensionManager] Getting extensions for interface: 'GitHub.Runner.Worker.IFileCommandExtension'
[2026-08-27 01:13:01Z INFO ActionManifestManagerLegacy] Input 'always-auth': default value evaluate result: {
  "type": 0,
  "file": 3,
  "line": 7,
  "col": 14,
  "lit": "false"
}
[2026-08-27 01:13:01Z INFO ActionManifestManagerLegacy] Input 'node-version-file': default value evaluate result: ""
[2026-08-27 01:13:01Z INFO ActionManifestManagerLegacy] Input 'architecture': default value evaluate result: ""
[2026-08-27 01:13:01Z INFO ActionManifestManagerLegacy] Input 'check-latest': default value evaluate result: {
  "type": 0,
  "file": 3,
  "line": 16,
  "col": 14,
  "lit": "false"
}
[2026-08-27 01:13:01Z INFO ActionManifestManagerLegacy] Input 'registry-url': default value evaluate result: ""
[2026-08-27 01:13:01Z INFO ActionManifestManagerLegacy] Input 'scope': default value evaluate result: ""
[2026-08-27 01:13:01Z INFO ActionManifestManagerLegacy] Input 'token': default value evaluate result: {
  "type": 0,
  "file": 3,
  "line": 23,
  "col": 14,
  "lit": "***"
}
[2026-08-27 01:13:01Z INFO ActionManifestManagerLegacy] Input 'mirror': default value evaluate result: ""
[2026-08-27 01:13:01Z INFO ActionManifestManagerLegacy] Input 'mirror-token': default value evaluate result: ""
[2026-08-27 01:13:01Z INFO ExtensionManager] Getting extensions for interface: 'GitHub.Runner.Worker.IActionCommandExtension'
[2026-08-27 01:13:01Z INFO ActionCommandManager] Register action command extension for command internal-set-repo-path
[2026-08-27 01:13:01Z INFO ActionCommandManager] Register action command extension for command set-env
[2026-08-27 01:13:01Z INFO ActionCommandManager] Register action command extension for command set-output
[2026-08-27 01:13:01Z INFO ActionCommandManager] Register action command extension for command save-state
[2026-08-27 01:13:01Z INFO ActionCommandManager] Register action command extension for command add-path
[2026-08-27 01:13:01Z INFO ActionCommandManager] Register action command extension for command add-mask
[2026-08-27 01:13:01Z INFO ActionCommandManager] Register action command extension for command add-matcher
[2026-08-27 01:13:01Z INFO ActionCommandManager] Register action command extension for command remove-matcher
[2026-08-27 01:13:01Z INFO ActionCommandManager] Register action command extension for command warning
[2026-08-27 01:13:01Z INFO ActionCommandManager] Register action command extension for command error
[2026-08-27 01:13:01Z INFO ActionCommandManager] Register action command extension for command notice
[2026-08-27 01:13:01Z INFO ActionCommandManager] Register action command extension for command debug
[2026-08-27 01:13:01Z INFO ActionCommandManager] Register action command extension for command group
[2026-08-27 01:13:01Z INFO ActionCommandManager] Register action command extension for command endgroup
[2026-08-27 01:13:01Z INFO ActionCommandManager] Register action command extension for command echo
[2026-08-27 01:13:01Z INFO HostContext] Well known directory 'Bin': 'D:\actions-runner\bin'
[2026-08-27 01:13:01Z INFO HostContext] Well known directory 'Root': 'D:\actions-runner'
[2026-08-27 01:13:01Z INFO HostContext] Well known directory 'Externals': 'D:\actions-runner\externals'
[2026-08-27 01:13:01Z INFO ProcessInvokerWrapper] Starting process:
[2026-08-27 01:13:01Z INFO ProcessInvokerWrapper]   File name: 'D:\actions-runner\externals\node24\bin\node.exe'
[2026-08-27 01:13:01Z INFO ProcessInvokerWrapper]   Arguments: '"D:\actions-runner\_work\_actions\actions\setup-node\v4\dist/cache-save/index.js"'
[2026-08-27 01:13:01Z INFO ProcessInvokerWrapper]   Working directory: 'D:\actions-runner\_work\SignServer\SignServer'
[2026-08-27 01:13:01Z INFO ProcessInvokerWrapper]   Require exit code zero: 'False'
[2026-08-27 01:13:01Z INFO ProcessInvokerWrapper]   Encoding web name: utf-8 ; code page: '65001'
[2026-08-27 01:13:01Z INFO ProcessInvokerWrapper]   Force kill process on cancellation: 'False'
[2026-08-27 01:13:01Z INFO ProcessInvokerWrapper]   Redirected STDIN: 'False'
[2026-08-27 01:13:01Z INFO ProcessInvokerWrapper]   Persist current code page: 'True'
[2026-08-27 01:13:01Z INFO ProcessInvokerWrapper]   Keep redirected STDIN open: 'False'
[2026-08-27 01:13:01Z INFO ProcessInvokerWrapper]   High priority process: 'False'
[2026-08-27 01:13:01Z INFO ProcessInvokerWrapper] Process started with process id 5776, waiting for process exit.
[2026-08-27 01:13:01Z INFO JobServerQueue] Try to append 1 batches web console lines for record '37fded51-f31b-4e0c-ab54-e0693151c30f', success rate: 1/1.
[2026-08-27 01:13:01Z INFO JobServerQueue] Try to append 1 batches web console lines for record 'fb3d6885-c0f5-44db-b311-a0df0ec1696e', success rate: 1/1.
[2026-08-27 01:13:01Z INFO JobServerQueue] Try to upload 1 log files or attachments, success rate: 1/1.
[2026-08-27 01:13:02Z INFO JobServerQueue] Try to append 1 batches web console lines for record 'fb3d6885-c0f5-44db-b311-a0df0ec1696e', success rate: 1/1.
[2026-08-27 01:13:02Z INFO ProcessInvokerWrapper] STDOUT/STDERR stream read finished.
[2026-08-27 01:13:02Z INFO ProcessInvokerWrapper] STDOUT/STDERR stream read finished.
[2026-08-27 01:13:02Z INFO ProcessInvokerWrapper] Finished process 5776 with exit code 0, and elapsed time 00:00:00.6111381.
[2026-08-27 01:13:02Z INFO CreateStepSummaryCommand] Step Summary file (D:\actions-runner\_work\_temp\_runner_file_commands\step_summary_979f0d74-d9dd-463c-8811-c7bc5c637628) is empty; skipping attachment upload
[2026-08-27 01:13:02Z INFO StepsRunner] Step result: 
[2026-08-27 01:13:02Z INFO ExecutionContext] Publish step telemetry for current step {
  "action": "actions/setup-node",
  "ref": "v4",
  "type": "node24",
  "stage": "Post",
  "stepId": "fb3d6885-c0f5-44db-b311-a0df0ec1696e",
  "result": "succeeded",
  "errorMessages": [
    "Failed to save: \"D:\\Program failed with error: The process 'D:\\Program Files\\Git\\usr\\bin\\tar.exe' failed with exit code 2"
  ],
  "executionTimeInSeconds": 1,
  "startTime": "2026-08-27T01:13:01.5740545Z",
  "finishTime": "2026-08-27T01:13:02.2165301Z"
}.
[2026-08-27 01:13:02Z INFO StepsRunner] No need for updating job result with current step result 'Succeeded'.
[2026-08-27 01:13:02Z INFO StepsRunner] Current state: job state = ''
[2026-08-27 01:13:02Z INFO StepsRunner] Processing step: DisplayName='Post Checkout'
[2026-08-27 01:13:02Z INFO StepsRunner] Evaluating: always()
[2026-08-27 01:13:02Z INFO StepsRunner] Result: true
[2026-08-27 01:13:02Z INFO StepsRunner] Starting the step.
[2026-08-27 01:13:02Z INFO HostContext] Well known directory 'Bin': 'D:\actions-runner\bin'
[2026-08-27 01:13:02Z INFO HostContext] Well known directory 'Root': 'D:\actions-runner'
[2026-08-27 01:13:02Z INFO HostContext] Well known directory 'Work': 'D:\actions-runner\_work'
[2026-08-27 01:13:02Z INFO StepsRunner] Which2: 'chcp'
[2026-08-27 01:13:02Z INFO StepsRunner] Location: 'C:\WINDOWS\system32\chcp.COM'
[2026-08-27 01:13:02Z INFO ProcessInvokerWrapper] Starting process:
[2026-08-27 01:13:02Z INFO ProcessInvokerWrapper]   File name: 'C:\WINDOWS\system32\chcp.COM'
[2026-08-27 01:13:02Z INFO ProcessInvokerWrapper]   Arguments: '65001'
[2026-08-27 01:13:02Z INFO ProcessInvokerWrapper]   Working directory: 'D:\actions-runner\_work'
[2026-08-27 01:13:02Z INFO ProcessInvokerWrapper]   Require exit code zero: 'False'
[2026-08-27 01:13:02Z INFO ProcessInvokerWrapper]   Encoding web name:  ; code page: ''
[2026-08-27 01:13:02Z INFO ProcessInvokerWrapper]   Force kill process on cancellation: 'False'
[2026-08-27 01:13:02Z INFO ProcessInvokerWrapper]   Redirected STDIN: 'False'
[2026-08-27 01:13:02Z INFO ProcessInvokerWrapper]   Persist current code page: 'True'
[2026-08-27 01:13:02Z INFO ProcessInvokerWrapper]   Keep redirected STDIN open: 'False'
[2026-08-27 01:13:02Z INFO ProcessInvokerWrapper]   High priority process: 'False'
[2026-08-27 01:13:02Z INFO ProcessInvokerWrapper] Process started with process id 17128, waiting for process exit.
[2026-08-27 01:13:02Z INFO ProcessInvokerWrapper] STDOUT/STDERR stream read finished.
[2026-08-27 01:13:02Z INFO ProcessInvokerWrapper] STDOUT/STDERR stream read finished.
[2026-08-27 01:13:02Z INFO ProcessInvokerWrapper] Finished process 17128 with exit code 0, and elapsed time 00:00:00.0073444.
[2026-08-27 01:13:02Z INFO StepsRunner] Successfully returned to code page 65001 (UTF8)
[2026-08-27 01:13:02Z INFO HostContext] Well known directory 'Bin': 'D:\actions-runner\bin'
[2026-08-27 01:13:02Z INFO HostContext] Well known directory 'Root': 'D:\actions-runner'
[2026-08-27 01:13:02Z INFO HostContext] Well known directory 'Work': 'D:\actions-runner\_work'
[2026-08-27 01:13:02Z INFO HostContext] Well known directory 'Actions': 'D:\actions-runner\_work\_actions'
[2026-08-27 01:13:02Z INFO ActionManager] Load action that reference repository from 'D:\actions-runner\_work\_actions\actions\checkout\v4'
[2026-08-27 01:13:02Z INFO HostContext] Well known directory 'Bin': 'D:\actions-runner\bin'
[2026-08-27 01:13:02Z INFO HostContext] Well known directory 'Root': 'D:\actions-runner'
[2026-08-27 01:13:02Z INFO HostContext] Well known directory 'Work': 'D:\actions-runner\_work'
[2026-08-27 01:13:02Z INFO HostContext] Well known directory 'Actions': 'D:\actions-runner\_work\_actions'
[2026-08-27 01:13:02Z INFO ActionManifestManagerLegacy] Loaded action.yml file: {
  "name": "Checkout",
  "description": "Checkout a Git repository at a particular version",
  "inputs": {
    "type": 2,
    "map": [
      {
        "key": {
          "type": 0,
          "file": 2,
          "line": 4,
          "col": 3,
          "lit": "repository"
        },
        "value": {
          "type": 3,
          "file": 2,
          "line": 6,
          "col": 14,
          "expr": "github.repository"
        }
      },
      {
        "key": {
          "type": 0,
          "file": 2,
          "line": 7,
          "col": 3,
          "lit": "ref"
        },
        "value": ""
      },
      {
        "key": {
          "type": 0,
          "file": 2,
          "line": 12,
          "col": 3,
          "lit": "token"
        },
        "value": {
          "type": 3,
          "file": 2,
          "line": 24,
          "col": 14,
          "expr": "github.token"
        }
      },
      {
        "key": {
          "type": 0,
          "file": 2,
          "line": 25,
          "col": 3,
          "lit": "ssh-key"
        },
        "value": ""
      },
      {
        "key": {
          "type": 0,
          "file": 2,
          "line": 37,
          "col": 3,
          "lit": "ssh-known-hosts"
        },
        "value": ""
      },
      {
        "key": {
          "type": 0,
          "file": 2,
          "line": 42,
          "col": 3,
          "lit": "ssh-strict"
        },
        "value": {
          "type": 0,
          "file": 2,
          "line": 47,
          "col": 14,
          "lit": "true"
        }
      },
      {
        "key": {
          "type": 0,
          "file": 2,
          "line": 48,
          "col": 3,
          "lit": "ssh-user"
        },
        "value": {
          "type": 0,
          "file": 2,
          "line": 51,
          "col": 14,
          "lit": "git"
        }
      },
      {
        "key": {
          "type": 0,
          "file": 2,
          "line": 52,
          "col": 3,
          "lit": "persist-credentials"
        },
        "value": {
          "type": 0,
          "file": 2,
          "line": 54,
          "col": 14,
          "lit": "true"
        }
      },
      {
        "key": {
          "type": 0,
          "file": 2,
          "line": 55,
          "col": 3,
          "lit": "path"
        },
        "value": ""
      },
      {
        "key": {
          "type": 0,
          "file": 2,
          "line": 57,
          "col": 3,
          "lit": "clean"
        },
        "value": {
          "type": 0,
          "file": 2,
          "line": 59,
          "col": 14,
          "lit": "true"
        }
      },
      {
        "key": {
          "type": 0,
          "file": 2,
          "line": 60,
          "col": 3,
          "lit": "filter"
        },
        "value": {
          "type": 0,
          "file": 2,
          "line": 64,
          "col": 14,
          "lit": ""
        }
      },
      {
        "key": {
          "type": 0,
          "file": 2,
          "line": 65,
          "col": 3,
          "lit": "sparse-checkout"
        },
        "value": {
          "type": 0,
          "file": 2,
          "line": 69,
          "col": 14,
          "lit": ""
        }
      },
      {
        "key": {
          "type": 0,
          "file": 2,
          "line": 70,
          "col": 3,
          "lit": "sparse-checkout-cone-mode"
        },
        "value": {
          "type": 0,
          "file": 2,
          "line": 73,
          "col": 14,
          "lit": "true"
        }
      },
      {
        "key": {
          "type": 0,
          "file": 2,
          "line": 74,
          "col": 3,
          "lit": "fetch-depth"
        },
        "value": {
          "type": 0,
          "file": 2,
          "line": 76,
          "col": 14,
          "lit": "1"
        }
      },
      {
        "key": {
          "type": 0,
          "file": 2,
          "line": 77,
          "col": 3,
          "lit": "fetch-tags"
        },
        "value": {
          "type": 0,
          "file": 2,
          "line": 79,
          "col": 14,
          "lit": "false"
        }
      },
      {
        "key": {
          "type": 0,
          "file": 2,
          "line": 80,
          "col": 3,
          "lit": "show-progress"
        },
        "value": {
          "type": 0,
          "file": 2,
          "line": 82,
          "col": 14,
          "lit": "true"
        }
      },
      {
        "key": {
          "type": 0,
          "file": 2,
          "line": 83,
          "col": 3,
          "lit": "lfs"
        },
        "value": {
          "type": 0,
          "file": 2,
          "line": 85,
          "col": 14,
          "lit": "false"
        }
      },
      {
        "key": {
          "type": 0,
          "file": 2,
          "line": 86,
          "col": 3,
          "lit": "submodules"
        },
        "value": {
          "type": 0,
          "file": 2,
          "line": 94,
          "col": 14,
          "lit": "false"
        }
      },
      {
        "key": {
          "type": 0,
          "file": 2,
          "line": 95,
          "col": 3,
          "lit": "set-safe-directory"
        },
        "value": {
          "type": 0,
          "file": 2,
          "line": 97,
          "col": 14,
          "lit": "true"
        }
      },
      {
        "key": {
          "type": 0,
          "file": 2,
          "line": 98,
          "col": 3,
          "lit": "github-server-url"
        },
        "value": ""
      },
      {
        "key": {
          "type": 0,
          "file": 2,
          "line": 101,
          "col": 3,
          "lit": "allow-unsafe-pr-checkout"
        },
        "value": {
          "type": 0,
          "file": 2,
          "line": 109,
          "col": 14,
          "lit": "false"
        }
      }
    ]
  },
  "execution": {
    "executionType": "nodeJS",
    "hasPre": false,
    "hasPost": true,
    "script": "dist/index.js",
    "pre": null,
    "post": "dist/index.js",
    "nodeVersion": "node20",
    "cleanupCondition": "always()",
    "initCondition": "always()"
  },
  "deprecated": null
}
[2026-08-27 01:13:02Z INFO ActionManager] Action pre node.js file: N/A.
[2026-08-27 01:13:02Z INFO ActionManager] Action node.js file: dist/index.js.
[2026-08-27 01:13:02Z INFO ActionManager] Action post node.js file: dist/index.js.
[2026-08-27 01:13:02Z INFO HostContext] Well known directory 'Bin': 'D:\actions-runner\bin'
[2026-08-27 01:13:02Z INFO HostContext] Well known directory 'Root': 'D:\actions-runner'
[2026-08-27 01:13:02Z INFO HostContext] Well known directory 'Work': 'D:\actions-runner\_work'
[2026-08-27 01:13:02Z INFO HostContext] Well known directory 'Temp': 'D:\actions-runner\_work\_temp'
[2026-08-27 01:13:02Z INFO ExecutionContext] Write event payload to D:\actions-runner\_work\_temp\_github_workflow\event.json
[2026-08-27 01:13:02Z INFO HostContext] Well known directory 'Bin': 'D:\actions-runner\bin'
[2026-08-27 01:13:02Z INFO HostContext] Well known directory 'Root': 'D:\actions-runner'
[2026-08-27 01:13:02Z INFO HostContext] Well known directory 'Work': 'D:\actions-runner\_work'
[2026-08-27 01:13:02Z INFO HostContext] Well known directory 'Temp': 'D:\actions-runner\_work\_temp'
[2026-08-27 01:13:02Z INFO ExtensionManager] Getting extensions for interface: 'GitHub.Runner.Worker.IFileCommandExtension'
[2026-08-27 01:13:02Z INFO ActionManifestManagerLegacy] Input 'repository': default value evaluate result: {
  "type": 0,
  "file": 2,
  "line": 6,
  "col": 14,
  "lit": "ElAlecs69/SignServer"
}
[2026-08-27 01:13:02Z INFO ActionManifestManagerLegacy] Input 'ref': default value evaluate result: ""
[2026-08-27 01:13:02Z INFO ActionManifestManagerLegacy] Input 'token': default value evaluate result: {
  "type": 0,
  "file": 2,
  "line": 24,
  "col": 14,
  "lit": "***"
}
[2026-08-27 01:13:02Z INFO ActionManifestManagerLegacy] Input 'ssh-key': default value evaluate result: ""
[2026-08-27 01:13:02Z INFO ActionManifestManagerLegacy] Input 'ssh-known-hosts': default value evaluate result: ""
[2026-08-27 01:13:02Z INFO ActionManifestManagerLegacy] Input 'ssh-strict': default value evaluate result: {
  "type": 0,
  "file": 2,
  "line": 47,
  "col": 14,
  "lit": "true"
}
[2026-08-27 01:13:02Z INFO ActionManifestManagerLegacy] Input 'ssh-user': default value evaluate result: {
  "type": 0,
  "file": 2,
  "line": 51,
  "col": 14,
  "lit": "git"
}
[2026-08-27 01:13:02Z INFO ActionManifestManagerLegacy] Input 'persist-credentials': default value evaluate result: {
  "type": 0,
  "file": 2,
  "line": 54,
  "col": 14,
  "lit": "true"
}
[2026-08-27 01:13:02Z INFO ActionManifestManagerLegacy] Input 'path': default value evaluate result: ""
[2026-08-27 01:13:02Z INFO ActionManifestManagerLegacy] Input 'clean': default value evaluate result: {
  "type": 0,
  "file": 2,
  "line": 59,
  "col": 14,
  "lit": "true"
}
[2026-08-27 01:13:02Z INFO ActionManifestManagerLegacy] Input 'filter': default value evaluate result: {
  "type": 0,
  "file": 2,
  "line": 64,
  "col": 14,
  "lit": ""
}
[2026-08-27 01:13:02Z INFO ActionManifestManagerLegacy] Input 'sparse-checkout': default value evaluate result: {
  "type": 0,
  "file": 2,
  "line": 69,
  "col": 14,
  "lit": ""
}
[2026-08-27 01:13:02Z INFO ActionManifestManagerLegacy] Input 'sparse-checkout-cone-mode': default value evaluate result: {
  "type": 0,
  "file": 2,
  "line": 73,
  "col": 14,
  "lit": "true"
}
[2026-08-27 01:13:02Z INFO ActionManifestManagerLegacy] Input 'fetch-depth': default value evaluate result: {
  "type": 0,
  "file": 2,
  "line": 76,
  "col": 14,
  "lit": "1"
}
[2026-08-27 01:13:02Z INFO ActionManifestManagerLegacy] Input 'fetch-tags': default value evaluate result: {
  "type": 0,
  "file": 2,
  "line": 79,
  "col": 14,
  "lit": "false"
}
[2026-08-27 01:13:02Z INFO ActionManifestManagerLegacy] Input 'show-progress': default value evaluate result: {
  "type": 0,
  "file": 2,
  "line": 82,
  "col": 14,
  "lit": "true"
}
[2026-08-27 01:13:02Z INFO ActionManifestManagerLegacy] Input 'lfs': default value evaluate result: {
  "type": 0,
  "file": 2,
  "line": 85,
  "col": 14,
  "lit": "false"
}
[2026-08-27 01:13:02Z INFO ActionManifestManagerLegacy] Input 'submodules': default value evaluate result: {
  "type": 0,
  "file": 2,
  "line": 94,
  "col": 14,
  "lit": "false"
}
[2026-08-27 01:13:02Z INFO ActionManifestManagerLegacy] Input 'set-safe-directory': default value evaluate result: {
  "type": 0,
  "file": 2,
  "line": 97,
  "col": 14,
  "lit": "true"
}
[2026-08-27 01:13:02Z INFO ActionManifestManagerLegacy] Input 'github-server-url': default value evaluate result: ""
[2026-08-27 01:13:02Z INFO ActionManifestManagerLegacy] Input 'allow-unsafe-pr-checkout': default value evaluate result: {
  "type": 0,
  "file": 2,
  "line": 109,
  "col": 14,
  "lit": "false"
}
[2026-08-27 01:13:02Z INFO ExtensionManager] Getting extensions for interface: 'GitHub.Runner.Worker.IActionCommandExtension'
[2026-08-27 01:13:02Z INFO ActionCommandManager] Register action command extension for command internal-set-repo-path
[2026-08-27 01:13:02Z INFO ActionCommandManager] Register action command extension for command set-env
[2026-08-27 01:13:02Z INFO ActionCommandManager] Register action command extension for command set-output
[2026-08-27 01:13:02Z INFO ActionCommandManager] Register action command extension for command save-state
[2026-08-27 01:13:02Z INFO ActionCommandManager] Register action command extension for command add-path
[2026-08-27 01:13:02Z INFO ActionCommandManager] Register action command extension for command add-mask
[2026-08-27 01:13:02Z INFO ActionCommandManager] Register action command extension for command add-matcher
[2026-08-27 01:13:02Z INFO ActionCommandManager] Register action command extension for command remove-matcher
[2026-08-27 01:13:02Z INFO ActionCommandManager] Register action command extension for command warning
[2026-08-27 01:13:02Z INFO ActionCommandManager] Register action command extension for command error
[2026-08-27 01:13:02Z INFO ActionCommandManager] Register action command extension for command notice
[2026-08-27 01:13:02Z INFO ActionCommandManager] Register action command extension for command debug
[2026-08-27 01:13:02Z INFO ActionCommandManager] Register action command extension for command group
[2026-08-27 01:13:02Z INFO ActionCommandManager] Register action command extension for command endgroup
[2026-08-27 01:13:02Z INFO ActionCommandManager] Register action command extension for command echo
[2026-08-27 01:13:02Z INFO HostContext] Well known directory 'Bin': 'D:\actions-runner\bin'
[2026-08-27 01:13:02Z INFO HostContext] Well known directory 'Root': 'D:\actions-runner'
[2026-08-27 01:13:02Z INFO HostContext] Well known directory 'Externals': 'D:\actions-runner\externals'
[2026-08-27 01:13:02Z INFO ProcessInvokerWrapper] Starting process:
[2026-08-27 01:13:02Z INFO ProcessInvokerWrapper]   File name: 'D:\actions-runner\externals\node24\bin\node.exe'
[2026-08-27 01:13:02Z INFO ProcessInvokerWrapper]   Arguments: '"D:\actions-runner\_work\_actions\actions\checkout\v4\dist/index.js"'
[2026-08-27 01:13:02Z INFO ProcessInvokerWrapper]   Working directory: 'D:\actions-runner\_work\SignServer\SignServer'
[2026-08-27 01:13:02Z INFO ProcessInvokerWrapper]   Require exit code zero: 'False'
[2026-08-27 01:13:02Z INFO ProcessInvokerWrapper]   Encoding web name: utf-8 ; code page: '65001'
[2026-08-27 01:13:02Z INFO ProcessInvokerWrapper]   Force kill process on cancellation: 'False'
[2026-08-27 01:13:02Z INFO ProcessInvokerWrapper]   Redirected STDIN: 'False'
[2026-08-27 01:13:02Z INFO ProcessInvokerWrapper]   Persist current code page: 'True'
[2026-08-27 01:13:02Z INFO ProcessInvokerWrapper]   Keep redirected STDIN open: 'False'
[2026-08-27 01:13:02Z INFO ProcessInvokerWrapper]   High priority process: 'False'
[2026-08-27 01:13:02Z INFO ProcessInvokerWrapper] Process started with process id 3992, waiting for process exit.
[2026-08-27 01:13:02Z INFO JobServerQueue] Try to append 1 batches web console lines for record 'fb3d6885-c0f5-44db-b311-a0df0ec1696e', success rate: 1/1.
[2026-08-27 01:13:02Z INFO JobServerQueue] Try to append 1 batches web console lines for record '2c09a78e-f98a-4e75-9e40-341d08fe9aea', success rate: 1/1.
[2026-08-27 01:13:02Z INFO JobServerQueue] Got a step log file to send to results service.
[2026-08-27 01:13:02Z INFO JobServerQueue] Starting upload of step log file to results service ResultsLog, D:\actions-runner\_diag\blocks\c1668322-7845-4dee-9a02-74ae6c6eee2c_37fded51-f31b-4e0c-ab54-e0693151c30f.1
[2026-08-27 01:13:02Z INFO AddMaskCommandExtension] Add new secret mask with length of 32
[2026-08-27 01:13:02Z INFO HostContext] Well known directory 'Bin': 'D:\actions-runner\bin'
[2026-08-27 01:13:02Z INFO HostContext] Well known directory 'Root': 'D:\actions-runner'
[2026-08-27 01:13:02Z INFO HostContext] Well known directory 'Work': 'D:\actions-runner\_work'
[2026-08-27 01:13:02Z INFO JobServerQueue] Got a step log file to send to results service.
[2026-08-27 01:13:02Z INFO JobServerQueue] Starting upload of step log file to results service ResultsLog, D:\actions-runner\_diag\blocks\c1668322-7845-4dee-9a02-74ae6c6eee2c_fb3d6885-c0f5-44db-b311-a0df0ec1696e.1
[2026-08-27 01:13:02Z INFO JobServerQueue] Try to append 1 batches web console lines for record '2c09a78e-f98a-4e75-9e40-341d08fe9aea', success rate: 1/1.
[2026-08-27 01:13:02Z INFO JobServerQueue] Try to upload 1 log files or attachments, success rate: 1/1.
[2026-08-27 01:13:02Z INFO JobServerQueue] Tried to upload 2 file(s) to results, success rate: 2/2.
[2026-08-27 01:13:03Z INFO JobServerQueue] Try to append 1 batches web console lines for record '2c09a78e-f98a-4e75-9e40-341d08fe9aea', success rate: 1/1.
[2026-08-27 01:13:03Z INFO JobServerQueue] Try to append 1 batches web console lines for record '2c09a78e-f98a-4e75-9e40-341d08fe9aea', success rate: 1/1.
[2026-08-27 01:13:04Z INFO ProcessInvokerWrapper] STDOUT/STDERR stream read finished.
[2026-08-27 01:13:04Z INFO ProcessInvokerWrapper] STDOUT/STDERR stream read finished.
[2026-08-27 01:13:04Z INFO ProcessInvokerWrapper] Finished process 3992 with exit code 0, and elapsed time 00:00:02.3219134.
[2026-08-27 01:13:04Z INFO CreateStepSummaryCommand] Step Summary file (D:\actions-runner\_work\_temp\_runner_file_commands\step_summary_39bbe731-cc70-432f-b2cb-f831ce463ca7) is empty; skipping attachment upload
[2026-08-27 01:13:04Z INFO StepsRunner] Step result: 
[2026-08-27 01:13:04Z INFO ExecutionContext] Publish step telemetry for current step {
  "action": "actions/checkout",
  "ref": "v4",
  "type": "node24",
  "stage": "Post",
  "stepId": "2c09a78e-f98a-4e75-9e40-341d08fe9aea",
  "result": "succeeded",
  "errorMessages": [],
  "executionTimeInSeconds": 3,
  "startTime": "2026-08-27T01:13:02.2186914Z",
  "finishTime": "2026-08-27T01:13:04.5651275Z"
}.
[2026-08-27 01:13:04Z INFO StepsRunner] No need for updating job result with current step result 'Succeeded'.
[2026-08-27 01:13:04Z INFO StepsRunner] Current state: job state = ''
[2026-08-27 01:13:04Z INFO JobRunner] Finalize job.
[2026-08-27 01:13:04Z INFO HostContext] Well known directory 'Bin': 'D:\actions-runner\bin'
[2026-08-27 01:13:04Z INFO HostContext] Well known directory 'Root': 'D:\actions-runner'
[2026-08-27 01:13:04Z INFO HostContext] Well known directory 'Diag': 'D:\actions-runner\_diag'
[2026-08-27 01:13:04Z INFO HostContext] Well known directory 'Bin': 'D:\actions-runner\bin'
[2026-08-27 01:13:04Z INFO HostContext] Well known directory 'Root': 'D:\actions-runner'
[2026-08-27 01:13:04Z INFO HostContext] Well known directory 'Diag': 'D:\actions-runner\_diag'
[2026-08-27 01:13:04Z INFO JobExtension] Initialize Env context
[2026-08-27 01:13:04Z INFO JobExtension] Initialize steps context
[2026-08-27 01:13:04Z INFO JobExtension] Total accessible running process: 171.
[2026-08-27 01:13:04Z INFO JobExtension] Wait for all connectivity checks to finish.
[2026-08-27 01:13:04Z INFO JobExtension] Connectivity check result: {
  "endpointUrl": "https://broker.actions.githubusercontent.com/health",
  "endpointIPs": null,
  "startTime": "2026-08-27T01:12:32.4656567Z",
  "statusCode": "http_OK",
  "requestId": "0E20:B40E:15E12BA:16389E0:6A8F8EF3",
  "httpRequestDurationInMs": 269,
  "dnsResolutionDurationInMs": 0,
  "dnsError": null
}
[2026-08-27 01:13:04Z INFO JobExtension] Connectivity check result: {
  "endpointUrl": "https://token.actions.githubusercontent.com/ready",
  "endpointIPs": null,
  "startTime": "2026-08-27T01:12:32.4679545Z",
  "statusCode": "http_NoContent",
  "requestId": "0E22:2F52A7:1193CC0:140DB36:6A8F8EF3",
  "httpRequestDurationInMs": 262,
  "dnsResolutionDurationInMs": 0,
  "dnsError": null
}
[2026-08-27 01:13:04Z INFO JobExtension] Connectivity check result: {
  "endpointUrl": "https://run.actions.githubusercontent.com/health",
  "endpointIPs": null,
  "startTime": "2026-08-27T01:12:32.468238Z",
  "statusCode": "http_OK",
  "requestId": "0E21:111CE1:18770A4:194DB49:6A8F8EF3",
  "httpRequestDurationInMs": 281,
  "dnsResolutionDurationInMs": 0,
  "dnsError": null
}
[2026-08-27 01:13:04Z INFO ExecutionContext] Publish step telemetry for current step {
  "action": "complete_job",
  "type": "runner",
  "stage": "Post",
  "stepId": "8b2da2e4-a23e-4d93-a66a-49ed4a9dfca7",
  "result": "succeeded",
  "errorMessages": [
    "Node.js 20 is deprecated. The following actions target Node.js 20 but are being forced to run on Node.js 24: actions/checkout@v4, actions/setup-node@v4. For more information see: https://github.blog/changelog/2025-09-19-deprecation-of-node-20-on-github-act"
  ],
  "executionTimeInSeconds": 1,
  "startTime": "2026-08-27T01:13:04.5729304Z",
  "finishTime": "2026-08-27T01:13:04.5816306Z"
}.
[2026-08-27 01:13:04Z INFO JobRunner] Job result after all job steps finish: Succeeded
[2026-08-27 01:13:04Z INFO JobRunner] Completing the job execution context.
[2026-08-27 01:13:04Z INFO JobRunner] Shutting down the job server queue.
[2026-08-27 01:13:04Z INFO JobServerQueue] Fire signal to shutdown all queues.
[2026-08-27 01:13:04Z INFO JobServerQueue] All queue process task stopped.
[2026-08-27 01:13:04Z INFO JobServerQueue] Try to append 1 batches web console lines for record '8b2da2e4-a23e-4d93-a66a-49ed4a9dfca7', success rate: 1/1.
[2026-08-27 01:13:04Z INFO JobServerQueue] Web console line queue drained.
[2026-08-27 01:13:04Z INFO JobServerQueue] Uploading 3 files in one shot.
[2026-08-27 01:13:04Z INFO JobServerQueue] Try to upload 3 log files or attachments, success rate: 3/3.
[2026-08-27 01:13:04Z INFO JobServerQueue] File upload queue drained.
[2026-08-27 01:13:04Z INFO JobServerQueue] Starting results-based upload queue...
[2026-08-27 01:13:04Z INFO JobServerQueue] Uploading 3 file(s) in one shot through results service.
[2026-08-27 01:13:04Z INFO JobServerQueue] Got a step log file to send to results service.
[2026-08-27 01:13:04Z INFO JobServerQueue] Starting upload of step log file to results service ResultsLog, D:\actions-runner\_diag\blocks\c1668322-7845-4dee-9a02-74ae6c6eee2c_2c09a78e-f98a-4e75-9e40-341d08fe9aea.1
[2026-08-27 01:13:05Z INFO JobServerQueue] Got a step log file to send to results service.
[2026-08-27 01:13:05Z INFO JobServerQueue] Starting upload of step log file to results service ResultsLog, D:\actions-runner\_diag\blocks\c1668322-7845-4dee-9a02-74ae6c6eee2c_8b2da2e4-a23e-4d93-a66a-49ed4a9dfca7.1
[2026-08-27 01:13:05Z INFO JobServerQueue] Got a job log file to send to results service.
[2026-08-27 01:13:05Z INFO JobServerQueue] Starting upload of job log file to results service ResultsLog, D:\actions-runner\_diag\blocks\c1668322-7845-4dee-9a02-74ae6c6eee2c_08115490-1331-5b7c-92be-52f130bc5fa5.1
[2026-08-27 01:13:05Z INFO JobServerQueue] Tried to upload 3 file(s) to results, success rate: 3/3.
[2026-08-27 01:13:05Z INFO JobServerQueue] Results upload queue drained.
[2026-08-27 01:13:05Z INFO JobServerQueue] Timeline update queue drained.
[2026-08-27 01:13:05Z INFO JobServerQueue] Disposing job server ...
[2026-08-27 01:13:05Z INFO JobServerQueue] Disposing results server ...
[2026-08-27 01:13:05Z INFO JobServerQueue] All queue process tasks have been stopped, and all queues are drained.
[2026-08-27 01:13:05Z INFO TempDirectoryManager] Cleaning runner temp folder: D:\actions-runner\_work\_temp
[2026-08-27 01:13:05Z INFO HostContext] Well known directory 'Bin': 'D:\actions-runner\bin'
[2026-08-27 01:13:05Z INFO HostContext] Well known directory 'Root': 'D:\actions-runner'
[2026-08-27 01:13:05Z INFO HostContext] Well known directory 'Diag': 'D:\actions-runner\_diag'
[2026-08-27 01:13:05Z INFO HostContext] Well known config file 'Telemetry': 'D:\actions-runner\_diag\.telemetry'
[2026-08-27 01:13:05Z INFO JobRunner] Raising job completed against run service
[2026-08-27 01:13:06Z INFO Worker] Job completed.
