[2026-08-27 01:22:37Z INFO HostContext] No proxy settings were found based on environmental variables (http_proxy/https_proxy/HTTP_PROXY/HTTPS_PROXY)
[2026-08-27 01:22:37Z INFO HostContext] Well known directory 'Bin': 'D:\actions-runner\bin'
[2026-08-27 01:22:37Z INFO HostContext] Well known directory 'Root': 'D:\actions-runner'
[2026-08-27 01:22:37Z INFO HostContext] Well known config file 'Credentials': 'D:\actions-runner\.credentials'
[2026-08-27 01:22:37Z INFO HostContext] Well known directory 'Bin': 'D:\actions-runner\bin'
[2026-08-27 01:22:37Z INFO HostContext] Well known directory 'Root': 'D:\actions-runner'
[2026-08-27 01:22:37Z INFO HostContext] Well known config file 'Runner': 'D:\actions-runner\.runner'
[2026-08-27 01:22:37Z INFO Worker] Version: 2.336.0
[2026-08-27 01:22:37Z INFO Worker] Commit: 98aabcd429c4e8402406c56ce2d26387fed3b9ce
[2026-08-27 01:22:37Z INFO Worker] Culture: es-MX
[2026-08-27 01:22:37Z INFO Worker] UI Culture: es-MX
[2026-08-27 01:22:37Z INFO Worker] Waiting to receive the job message from the channel.
[2026-08-27 01:22:37Z INFO ProcessChannel] Receiving message of length 21884, with hash 'd88257d733a5a9c56e9bcc59946268836fee311e32c8cfc90fdc435f4553ab04'
[2026-08-27 01:22:37Z INFO Worker] Message received.
[2026-08-27 01:22:37Z INFO Worker] Job message:
 {
  "defaults": [
    {
      "type": 2,
      "file": 1,
      "line": 14,
      "col": 7,
      "map": [
        {
          "key": {
            "type": 0,
            "file": 1,
            "line": 14,
            "col": 7,
            "lit": "run"
          },
          "value": {
            "type": 2,
            "file": 1,
            "line": 15,
            "col": 9,
            "map": [
              {
                "key": {
                  "type": 0,
                  "file": 1,
                  "line": 15,
                  "col": 9,
                  "lit": "working-directory"
                },
                "value": {
                  "type": 0,
                  "file": 1,
                  "line": 15,
                  "col": 28,
                  "lit": "signserver-web"
                }
              }
            ]
          }
        }
      ]
    }
  ],
  "fileTable": [
    ".github/workflows/main.yml"
  ],
  "mask": [
    {
      "type": "regex",
      "value": "***"
    },
    {
      "type": "regex",
      "value": "***"
    },
    {
      "type": "regex",
      "value": "***"
    },
    {
      "type": "regex",
      "value": "***"
    },
    {
      "type": "regex",
      "value": "***"
    },
    {
      "type": "regex",
      "value": "***"
    },
    {
      "type": "regex",
      "value": "***"
    },
    {
      "type": "regex",
      "value": "***"
    },
    {
      "type": "regex",
      "value": "***"
    },
    {
      "type": "regex",
      "value": "***"
    },
    {
      "type": "regex",
      "value": "***"
    },
    {
      "type": "regex",
      "value": "***"
    },
    {
      "type": "regex",
      "value": "***"
    },
    {
      "type": "regex",
      "value": "***"
    },
    {
      "type": "regex",
      "value": "***"
    },
    {
      "type": "regex",
      "value": "***"
    },
    {
      "type": "regex",
      "value": "***"
    },
    {
      "type": "regex",
      "value": "***"
    },
    {
      "type": "regex",
      "value": "***"
    },
    {
      "type": "regex",
      "value": "***"
    },
    {
      "type": "regex",
      "value": "***"
    },
    {
      "type": "regex",
      "value": "***"
    },
    {
      "type": "regex",
      "value": "***"
    },
    {
      "type": "regex",
      "value": "***"
    }
  ],
  "steps": [
    {
      "type": "action",
      "reference": {
        "type": "repository",
        "name": "actions/checkout",
        "ref": "v4",
        "repositoryType": "GitHub"
      },
      "displayNameToken": {
        "type": 0,
        "file": 1,
        "line": 18,
        "col": 15,
        "lit": "Checkout"
      },
      "contextName": "__actions_checkout",
      "condition": "success()",
      "id": "92287325-9fa7-4cc7-8b89-33784c0594e3",
      "name": "__actions_checkout"
    },
    {
      "type": "action",
      "reference": {
        "type": "repository",
        "name": "actions/setup-node",
        "ref": "v4",
        "repositoryType": "GitHub"
      },
      "displayNameToken": {
        "type": 0,
        "file": 1,
        "line": 21,
        "col": 15,
        "lit": "Instalar Node.js"
      },
      "contextName": "__actions_setup-node",
      "inputs": {
        "type": 2,
        "file": 1,
        "line": 24,
        "col": 11,
        "map": [
          {
            "key": {
              "type": 0,
              "file": 1,
              "line": 24,
              "col": 11,
              "lit": "node-version"
            },
            "value": {
              "type": 0,
              "file": 1,
              "line": 24,
              "col": 25,
              "lit": "20"
            }
          },
          {
            "key": {
              "type": 0,
              "file": 1,
              "line": 25,
              "col": 11,
              "lit": "cache"
            },
            "value": {
              "type": 0,
              "file": 1,
              "line": 25,
              "col": 18,
              "lit": "npm"
            }
          },
          {
            "key": {
              "type": 0,
              "file": 1,
              "line": 26,
              "col": 11,
              "lit": "cache-dependency-path"
            },
            "value": {
              "type": 0,
              "file": 1,
              "line": 26,
              "col": 34,
              "lit": "signserver-web/package-lock.json"
            }
          }
        ]
      },
      "condition": "success()",
      "id": "6680647e-8a1d-4023-a227-ac4a4ecd99b8",
      "name": "__actions_setup-node"
    },
    {
      "type": "action",
      "reference": {
        "type": "script"
      },
      "displayNameToken": {
        "type": 0,
        "file": 1,
        "line": 28,
        "col": 15,
        "lit": "Instalar dependencias"
      },
      "contextName": "__run",
      "inputs": {
        "type": 2,
        "map": [
          {
            "key": "script",
            "value": {
              "type": 0,
              "file": 1,
              "line": 29,
              "col": 14,
              "lit": "npm install"
            }
          }
        ]
      },
      "condition": "success()",
      "id": "7eb344b5-2d9f-4abc-ae60-786c67109f38",
      "name": "__run"
    },
    {
      "type": "action",
      "reference": {
        "type": "script"
      },
      "displayNameToken": {
        "type": 0,
        "file": 1,
        "line": 31,
        "col": 15,
        "lit": "Compilar (build de producción)"
      },
      "contextName": "__run_2",
      "inputs": {
        "type": 2,
        "map": [
          {
            "key": "script",
            "value": {
              "type": 0,
              "file": 1,
              "line": 32,
              "col": 14,
              "lit": "npm run build"
            }
          }
        ]
      },
      "condition": "success()",
      "id": "34e0d002-072b-45be-a687-0388715b70d6",
      "name": "__run_2"
    },
    {
      "type": "action",
      "reference": {
        "type": "script"
      },
      "displayNameToken": {
        "type": 0,
        "file": 1,
        "line": 34,
        "col": 15,
        "lit": "Publicar en el volumen de nginx"
      },
      "contextName": "__run_3",
      "inputs": {
        "type": 2,
        "map": [
          {
            "key": "script",
            "value": {
              "type": 0,
              "file": 1,
              "line": 35,
              "col": 14,
              "lit": "podman exec signserver-web sh -c \"rm -rf /usr/share/nginx/html/assets/*\"\npodman cp dist/. signserver-web:/usr/share/nginx/html\npodman exec signserver-web nginx -s reload\n"
            }
          }
        ]
      },
      "condition": "success()",
      "id": "ab59282e-cb00-45b1-9bcd-94c9fa231149",
      "name": "__run_3"
    }
  ],
  "variables": {
    "Actions.EnableHttpRedirects": {
      "value": "true"
    },
    "DistributedTask.AddWarningToNode12Action": {
      "value": "true"
    },
    "DistributedTask.AddWarningToNode16Action": {
      "value": "true"
    },
    "DistributedTask.AllowRunnerContainerHooks": {
      "value": "true"
    },
    "DistributedTask.DeprecateStepOutputCommands": {
      "value": "true"
    },
    "DistributedTask.DetailUntarFailure": {
      "value": "true"
    },
    "DistributedTask.EnableCompositeActions": {
      "value": "true"
    },
    "DistributedTask.EnableJobServerQueueTelemetry": {
      "value": "true"
    },
    "DistributedTask.EnhancedAnnotations": {
      "value": "true"
    },
    "DistributedTask.ForceGithubJavascriptActionsToNode16": {
      "value": "true"
    },
    "DistributedTask.ForceGithubJavascriptActionsToNode20": {
      "value": "true"
    },
    "DistributedTask.LogTemplateErrorsAsDebugMessages": {
      "value": "true"
    },
    "DistributedTask.MarkJobAsFailedOnWorkerCrash": {
      "value": "true"
    },
    "DistributedTask.NewActionMetadata": {
      "value": "true"
    },
    "DistributedTask.UploadStepSummary": {
      "value": "true"
    },
    "DistributedTask.UseActionArchiveCache": {
      "value": "true"
    },
    "DistributedTask.UseWhich2": {
      "value": "true"
    },
    "RunService.FixEmbeddedIssues": {
      "value": "true"
    },
    "actions.runner.requirenode24": {
      "value": "false"
    },
    "actions.runner.usenode24bydefault": {
      "value": "true"
    },
    "actions.runner.warnonnode20": {
      "value": "true"
    },
    "actions_add_check_run_id_to_job_context": {
      "value": "true"
    },
    "actions_batch_action_resolution": {
      "value": "false"
    },
    "actions_container_action_runner_temp": {
      "value": "true"
    },
    "actions_display_helpful_actions_download_errors": {
      "value": "true"
    },
    "actions_runner_allow_artifacts_file": {
      "value": "false"
    },
    "actions_runner_compare_workflow_parser": {
      "value": "false"
    },
    "actions_runner_deprecate_linux_arm32": {
      "value": "true"
    },
    "actions_runner_emit_composite_markers": {
      "value": "true"
    },
    "actions_runner_kill_linux_arm32": {
      "value": "false"
    },
    "actions_runner_node20_removal_date": {
      "value": ""
    },
    "actions_runner_node24_default_date": {
      "value": "June 16th, 2026"
    },
    "actions_self_repository": {
      "value": "true"
    },
    "actions_service_container_command": {
      "value": "true"
    },
    "actions_set_orchestration_id_env_for_actions": {
      "value": "true"
    },
    "actions_skip_retry_complete_job_upon_known_errors": {
      "value": "true"
    },
    "actions_snapshot_preflight_hosted_runner_check": {
      "value": "false"
    },
    "actions_snapshot_preflight_image_gen_pool_check": {
      "value": "false"
    },
    "actions_use_bearer_token_for_codeload": {
      "value": "false"
    },
    "actions_uses_cache_service_v2": {
      "value": "true"
    },
    "github_token": {
      "value": "***",
      "isSecret": true
    },
    "system.from_run_service": {
      "value": "true"
    },
    "system.github.job": {
      "value": "deploy"
    },
    "system.github.launch_endpoint": {
      "value": "https://launch.actions.githubusercontent.com"
    },
    "system.github.results_endpoint": {
      "value": "https://results-receiver.actions.githubusercontent.com/"
    },
    "system.github.results_upload_with_sdk": {
      "value": "true"
    },
    "system.github.token": {
      "value": "***",
      "isSecret": true
    },
    "system.github.token.permissions": {
      "value": "{\"Contents\":\"read\",\"Metadata\":\"read\",\"Packages\":\"read\"}"
    },
    "system.orchestrationId": {
      "value": "1e6e2f9c-f40c-4701-ab89-ffaa8a4e172d.deploy.__default"
    },
    "system.phaseDisplayName": {
      "value": "deploy"
    },
    "system.runner.lowdiskspacethreshold": {
      "value": "100"
    },
    "system.runnerEnvironment": {
      "value": "self-hosted"
    },
    "system.runnerGroupName": {
      "value": "Default"
    }
  },
  "messageType": "RunnerJobRequest",
  "plan": {
    "scopeIdentifier": "00000000-0000-0000-0000-000000000000",
    "planType": "actions",
    "version": 0,
    "planId": "1e6e2f9c-f40c-4701-ab89-ffaa8a4e172d",
    "planGroup": null,
    "artifactUri": null,
    "artifactLocation": null,
    "definition": null,
    "owner": null
  },
  "timeline": {
    "id": "1e6e2f9c-f40c-4701-ab89-ffaa8a4e172d",
    "changeId": 0,
    "location": null
  },
  "jobId": "dc6b4a9f-da71-5600-8247-ba28d7a1c063",
  "jobDisplayName": "deploy",
  "jobName": "__default",
  "requestId": 0,
  "lockedUntil": "0001-01-01T00:00:00",
  "resources": {
    "endpoints": [
      {
        "data": {
          "ServerId": "",
          "ServerName": "",
          "CacheServerUrl": "https://artifactcache.actions.githubusercontent.com/EmAG2M8FINDSjrWclBxv8jvpEp68V4tP5qcz0uU8ldIEJDfNWQ/",
          "FeedStreamUrl": "wss://results-receiver.actions.githubusercontent.com/_ws/ingest.sock",
          "ResultsServiceUrl": "https://results-receiver.actions.githubusercontent.com/",
          "PipelinesServiceUrl": "https://pipelinesghubeus3.actions.githubusercontent.com/EmAG2M8FINDSjrWclBxv8jvpEp68V4tP5qcz0uU8ldIEJDfNWQ/",
          "GenerateIdTokenUrl": "",
          "ConnectivityChecks": "[\"https://broker.actions.githubusercontent.com/health\",\"https://token.actions.githubusercontent.com/ready\",\"https://run.actions.githubusercontent.com/health\"]",
          "ConnectivityAndDNSChecks": ""
        },
        "name": "SystemVssConnection",
        "url": "https://run-actions-2-azure-eastus.actions.githubusercontent.com/71/",
        "authorization": {
          "parameters": {
            "AccessToken": "***"
          },
          "scheme": "OAuth"
        },
        "isShared": false,
        "isReady": true
      }
    ]
  },
  "contextData": {
    "github": {
      "t": 2,
      "d": [
        {
          "k": "ref",
          "v": "refs/heads/main"
        },
        {
          "k": "sha",
          "v": "a03518692baca3b784fc0d272cac14ebf10513ca"
        },
        {
          "k": "repository",
          "v": "ElAlecs69/SignServer"
        },
        {
          "k": "repository_owner",
          "v": "ElAlecs69"
        },
        {
          "k": "repository_owner_id",
          "v": "182047642"
        },
        {
          "k": "repositoryUrl",
          "v": "git://github.com/ElAlecs69/SignServer.git"
        },
        {
          "k": "run_id",
          "v": "33029880561"
        },
        {
          "k": "run_number",
          "v": "9"
        },
        {
          "k": "retention_days",
          "v": "90"
        },
        {
          "k": "run_attempt",
          "v": "1"
        },
        {
          "k": "artifact_cache_size_limit",
          "v": "10"
        },
        {
          "k": "repository_visibility",
          "v": "private"
        },
        {
          "k": "actor_id",
          "v": "182047642"
        },
        {
          "k": "actor",
          "v": "ElAlecs69"
        },
        {
          "k": "workflow",
          "v": "Build y desplegar signserver-web"
        },
        {
          "k": "head_ref",
          "v": ""
        },
        {
          "k": "base_ref",
          "v": ""
        },
        {
          "k": "event_name",
          "v": "workflow_dispatch"
        },
        {
          "k": "server_url",
          "v": "https://github.com"
        },
        {
          "k": "api_url",
          "v": "https://api.github.com"
        },
        {
          "k": "graphql_url",
          "v": "https://api.github.com/graphql"
        },
        {
          "k": "ref_name",
          "v": "main"
        },
        {
          "k": "ref_protected",
          "v": false
        },
        {
          "k": "ref_type",
          "v": "branch"
        },
        {
          "k": "secret_source",
          "v": "Actions"
        },
        {
          "k": "event",
          "v": {
            "t": 2,
            "d": [
              {
                "k": "ref",
                "v": "refs/heads/main"
              },
              {
                "k": "workflow",
                "v": ".github/workflows/main.yml"
              },
              {
                "k": "inputs",
                "v": null
              },
              {
                "k": "repository",
                "v": {
                  "t": 2,
                  "d": [
                    {
                      "k": "id",
                      "v": 1346827750.0
                    },
                    {
                      "k": "node_id",
                      "v": "R_kgDOUEb15g"
                    },
                    {
                      "k": "name",
                      "v": "SignServer"
                    },
                    {
                      "k": "full_name",
                      "v": "ElAlecs69/SignServer"
                    },
                    {
                      "k": "private",
                      "v": true
                    },
                    {
                      "k": "owner",
                      "v": {
                        "t": 2,
                        "d": [
                          {
                            "k": "login",
                            "v": "ElAlecs69"
                          },
                          {
                            "k": "id",
                            "v": 182047642.0
                          },
                          {
                            "k": "node_id",
                            "v": "U_kgDOCtnTmg"
                          },
                          {
                            "k": "avatar_url",
                            "v": "https://avatars.githubusercontent.com/u/182047642?v=4"
                          },
                          {
                            "k": "gravatar_id",
                            "v": ""
                          },
                          {
                            "k": "url",
                            "v": "https://api.github.com/users/ElAlecs69"
                          },
                          {
                            "k": "html_url",
                            "v": "https://github.com/ElAlecs69"
                          },
                          {
                            "k": "followers_url",
                            "v": "https://api.github.com/users/ElAlecs69/followers"
                          },
                          {
                            "k": "following_url",
                            "v": "https://api.github.com/users/ElAlecs69/following{/other_user}"
                          },
                          {
                            "k": "gists_url",
                            "v": "https://api.github.com/users/ElAlecs69/gists{/gist_id}"
                          },
                          {
                            "k": "starred_url",
                            "v": "https://api.github.com/users/ElAlecs69/starred{/owner}{/repo}"
                          },
                          {
                            "k": "subscriptions_url",
                            "v": "https://api.github.com/users/ElAlecs69/subscriptions"
                          },
                          {
                            "k": "organizations_url",
                            "v": "https://api.github.com/users/ElAlecs69/orgs"
                          },
                          {
                            "k": "repos_url",
                            "v": "https://api.github.com/users/ElAlecs69/repos"
                          },
                          {
                            "k": "events_url",
                            "v": "https://api.github.com/users/ElAlecs69/events{/privacy}"
                          },
                          {
                            "k": "received_events_url",
                            "v": "https://api.github.com/users/ElAlecs69/received_events"
                          },
                          {
                            "k": "type",
                            "v": "User"
                          },
                          {
                            "k": "user_view_type",
                            "v": "public"
                          },
                          {
                            "k": "site_admin",
                            "v": false
                          }
                        ]
                      }
                    },
                    {
                      "k": "html_url",
                      "v": "https://github.com/ElAlecs69/SignServer"
                    },
                    {
                      "k": "description",
                      "v": null
                    },
                    {
                      "k": "fork",
                      "v": false
                    },
                    {
                      "k": "url",
                      "v": "https://api.github.com/repos/ElAlecs69/SignServer"
                    },
                    {
                      "k": "forks_url",
                      "v": "https://api.github.com/repos/ElAlecs69/SignServer/forks"
                    },
                    {
                      "k": "keys_url",
                      "v": "https://api.github.com/repos/ElAlecs69/SignServer/keys{/key_id}"
                    },
                    {
                      "k": "collaborators_url",
                      "v": "https://api.github.com/repos/ElAlecs69/SignServer/collaborators{/collaborator}"
                    },
                    {
                      "k": "teams_url",
                      "v": "https://api.github.com/repos/ElAlecs69/SignServer/teams"
                    },
                    {
                      "k": "hooks_url",
                      "v": "https://api.github.com/repos/ElAlecs69/SignServer/hooks"
                    },
                    {
                      "k": "issue_events_url",
                      "v": "https://api.github.com/repos/ElAlecs69/SignServer/issues/events{/number}"
                    },
                    {
                      "k": "events_url",
                      "v": "https://api.github.com/repos/ElAlecs69/SignServer/events"
                    },
                    {
                      "k": "assignees_url",
                      "v": "https://api.github.com/repos/ElAlecs69/SignServer/assignees{/user}"
                    },
                    {
                      "k": "branches_url",
                      "v": "https://api.github.com/repos/ElAlecs69/SignServer/branches{/branch}"
                    },
                    {
                      "k": "tags_url",
                      "v": "https://api.github.com/repos/ElAlecs69/SignServer/tags"
                    },
                    {
                      "k": "blobs_url",
                      "v": "https://api.github.com/repos/ElAlecs69/SignServer/git/blobs{/sha}"
                    },
                    {
                      "k": "git_tags_url",
                      "v": "https://api.github.com/repos/ElAlecs69/SignServer/git/tags{/sha}"
                    },
                    {
                      "k": "git_refs_url",
                      "v": "https://api.github.com/repos/ElAlecs69/SignServer/git/refs{/sha}"
                    },
                    {
                      "k": "trees_url",
                      "v": "https://api.github.com/repos/ElAlecs69/SignServer/git/trees{/sha}"
                    },
                    {
                      "k": "statuses_url",
                      "v": "https://api.github.com/repos/ElAlecs69/SignServer/statuses/{sha}"
                    },
                    {
                      "k": "languages_url",
                      "v": "https://api.github.com/repos/ElAlecs69/SignServer/languages"
                    },
                    {
                      "k": "stargazers_url",
                      "v": "https://api.github.com/repos/ElAlecs69/SignServer/stargazers"
                    },
                    {
                      "k": "contributors_url",
                      "v": "https://api.github.com/repos/ElAlecs69/SignServer/contributors"
                    },
                    {
                      "k": "subscribers_url",
                      "v": "https://api.github.com/repos/ElAlecs69/SignServer/subscribers"
                    },
                    {
                      "k": "subscription_url",
                      "v": "https://api.github.com/repos/ElAlecs69/SignServer/subscription"
                    },
                    {
                      "k": "commits_url",
                      "v": "https://api.github.com/repos/ElAlecs69/SignServer/commits{/sha}"
                    },
                    {
                      "k": "git_commits_url",
                      "v": "https://api.github.com/repos/ElAlecs69/SignServer/git/commits{/sha}"
                    },
                    {
                      "k": "comments_url",
                      "v": "https://api.github.com/repos/ElAlecs69/SignServer/comments{/number}"
                    },
                    {
                      "k": "issue_comment_url",
                      "v": "https://api.github.com/repos/ElAlecs69/SignServer/issues/comments{/number}"
                    },
                    {
                      "k": "contents_url",
                      "v": "https://api.github.com/repos/ElAlecs69/SignServer/contents/{+path}"
                    },
                    {
                      "k": "compare_url",
                      "v": "https://api.github.com/repos/ElAlecs69/SignServer/compare/{base}...{head}"
                    },
                    {
                      "k": "merges_url",
                      "v": "https://api.github.com/repos/ElAlecs69/SignServer/merges"
                    },
                    {
                      "k": "archive_url",
                      "v": "https://api.github.com/repos/ElAlecs69/SignServer/{archive_format}{/ref}"
                    },
                    {
                      "k": "downloads_url",
                      "v": "https://api.github.com/repos/ElAlecs69/SignServer/downloads"
                    },
                    {
                      "k": "issues_url",
                      "v": "https://api.github.com/repos/ElAlecs69/SignServer/issues{/number}"
                    },
                    {
                      "k": "pulls_url",
                      "v": "https://api.github.com/repos/ElAlecs69/SignServer/pulls{/number}"
                    },
                    {
                      "k": "milestones_url",
                      "v": "https://api.github.com/repos/ElAlecs69/SignServer/milestones{/number}"
                    },
                    {
                      "k": "notifications_url",
                      "v": "https://api.github.com/repos/ElAlecs69/SignServer/notifications{?since,all,participating}"
                    },
                    {
                      "k": "labels_url",
                      "v": "https://api.github.com/repos/ElAlecs69/SignServer/labels{/name}"
                    },
                    {
                      "k": "releases_url",
                      "v": "https://api.github.com/repos/ElAlecs69/SignServer/releases{/id}"
                    },
                    {
                      "k": "deployments_url",
                      "v": "https://api.github.com/repos/ElAlecs69/SignServer/deployments"
                    },
                    {
                      "k": "created_at",
                      "v": "2026-08-26T02:38:56Z"
                    },
                    {
                      "k": "updated_at",
                      "v": "2026-08-27T01:10:27Z"
                    },
                    {
                      "k": "pushed_at",
                      "v": "2026-08-27T01:10:21Z"
                    },
                    {
                      "k": "git_url",
                      "v": "git://github.com/ElAlecs69/SignServer.git"
                    },
                    {
                      "k": "ssh_url",
                      "v": "git@github.com:ElAlecs69/SignServer.git"
                    },
                    {
                      "k": "clone_url",
                      "v": "https://github.com/ElAlecs69/SignServer.git"
                    },
                    {
                      "k": "svn_url",
                      "v": "https://github.com/ElAlecs69/SignServer"
                    },
                    {
                      "k": "homepage",
                      "v": null
                    },
                    {
                      "k": "size",
                      "v": 49.0
                    },
                    {
                      "k": "stargazers_count",
                      "v": 0.0
                    },
                    {
                      "k": "watchers_count",
                      "v": 0.0
                    },
                    {
                      "k": "language",
                      "v": "TypeScript"
                    },
                    {
                      "k": "has_issues",
                      "v": true
                    },
                    {
                      "k": "has_projects",
                      "v": true
                    },
                    {
                      "k": "has_downloads",
                      "v": false
                    },
                    {
                      "k": "has_wiki",
                      "v": false
                    },
                    {
                      "k": "has_pages",
                      "v": false
                    },
                    {
                      "k": "has_discussions",
                      "v": false
                    },
                    {
                      "k": "forks_count",
                      "v": 0.0
                    },
                    {
                      "k": "mirror_url",
                      "v": null
                    },
                    {
                      "k": "archived",
                      "v": false
                    },
                    {
                      "k": "disabled",
                      "v": false
                    },
                    {
                      "k": "open_issues_count",
                      "v": 0.0
                    },
                    {
                      "k": "license",
                      "v": null
                    },
                    {
                      "k": "allow_forking",
                      "v": true
                    },
                    {
                      "k": "is_template",
                      "v": false
                    },
                    {
                      "k": "web_commit_signoff_required",
                      "v": false
                    },
                    {
                      "k": "has_pull_requests",
                      "v": true
                    },
                    {
                      "k": "pull_request_creation_policy",
                      "v": "all"
                    },
                    {
                      "k": "topics",
                      "v": {
                        "t": 1
                      }
                    },
                    {
                      "k": "visibility",
                      "v": "private"
                    },
                    {
                      "k": "forks",
                      "v": 0.0
                    },
                    {
                      "k": "open_issues",
                      "v": 0.0
                    },
                    {
                      "k": "watchers",
                      "v": 0.0
                    },
                    {
                      "k": "default_branch",
                      "v": "main"
                    }
                  ]
                }
              },
              {
                "k": "sender",
                "v": {
                  "t": 2,
                  "d": [
                    {
                      "k": "login",
                      "v": "ElAlecs69"
                    },
                    {
                      "k": "id",
                      "v": 182047642.0
                    },
                    {
                      "k": "node_id",
                      "v": "U_kgDOCtnTmg"
                    },
                    {
                      "k": "avatar_url",
                      "v": "https://avatars.githubusercontent.com/u/182047642?v=4"
                    },
                    {
                      "k": "gravatar_id",
                      "v": ""
                    },
                    {
                      "k": "url",
                      "v": "https://api.github.com/users/ElAlecs69"
                    },
                    {
                      "k": "html_url",
                      "v": "https://github.com/ElAlecs69"
                    },
                    {
                      "k": "followers_url",
                      "v": "https://api.github.com/users/ElAlecs69/followers"
                    },
                    {
                      "k": "following_url",
                      "v": "https://api.github.com/users/ElAlecs69/following{/other_user}"
                    },
                    {
                      "k": "gists_url",
                      "v": "https://api.github.com/users/ElAlecs69/gists{/gist_id}"
                    },
                    {
                      "k": "starred_url",
                      "v": "https://api.github.com/users/ElAlecs69/starred{/owner}{/repo}"
                    },
                    {
                      "k": "subscriptions_url",
                      "v": "https://api.github.com/users/ElAlecs69/subscriptions"
                    },
                    {
                      "k": "organizations_url",
                      "v": "https://api.github.com/users/ElAlecs69/orgs"
                    },
                    {
                      "k": "repos_url",
                      "v": "https://api.github.com/users/ElAlecs69/repos"
                    },
                    {
                      "k": "events_url",
                      "v": "https://api.github.com/users/ElAlecs69/events{/privacy}"
                    },
                    {
                      "k": "received_events_url",
                      "v": "https://api.github.com/users/ElAlecs69/received_events"
                    },
                    {
                      "k": "type",
                      "v": "User"
                    },
                    {
                      "k": "user_view_type",
                      "v": "public"
                    },
                    {
                      "k": "site_admin",
                      "v": false
                    }
                  ]
                }
              }
            ]
          }
        },
        {
          "k": "workflow_ref",
          "v": "ElAlecs69/SignServer/.github/workflows/main.yml@refs/heads/main"
        },
        {
          "k": "workflow_sha",
          "v": "a03518692baca3b784fc0d272cac14ebf10513ca"
        },
        {
          "k": "repository_id",
          "v": "1346827750"
        },
        {
          "k": "triggering_actor",
          "v": "ElAlecs69"
        }
      ]
    },
    "inputs": {
      "t": 2
    },
    "job": {
      "t": 2,
      "d": [
        {
          "k": "check_run_id",
          "v": 98379701375.0
        },
        {
          "k": "workflow_ref",
          "v": "ElAlecs69/SignServer/.github/workflows/main.yml@refs/heads/main"
        },
        {
          "k": "workflow_sha",
          "v": "a03518692baca3b784fc0d272cac14ebf10513ca"
        },
        {
          "k": "workflow_repository",
          "v": "ElAlecs69/SignServer"
        },
        {
          "k": "workflow_file_path",
          "v": ".github/workflows/main.yml"
        }
      ]
    },
    "matrix": null,
    "needs": {
      "t": 2
    },
    "strategy": {
      "t": 2,
      "d": [
        {
          "k": "fail-fast",
          "v": true
        },
        {
          "k": "job-index",
          "v": 0.0
        },
        {
          "k": "job-total",
          "v": 1.0
        },
        {
          "k": "max-parallel",
          "v": 1.0
        }
      ]
    },
    "vars": {
      "t": 2
    }
  },
  "billingOwnerId": "U_kgDOCtnTmg"
}
[2026-08-27 01:22:37Z INFO JobRunner] Job ID dc6b4a9f-da71-5600-8247-ba28d7a1c063
[2026-08-27 01:22:37Z INFO ConfigurationStore] currentAssemblyLocation: D:\actions-runner\bin\Runner.Worker.dll
[2026-08-27 01:22:37Z INFO HostContext] Well known directory 'Bin': 'D:\actions-runner\bin'
[2026-08-27 01:22:37Z INFO ConfigurationStore] binPath: D:\actions-runner\bin
[2026-08-27 01:22:37Z INFO HostContext] Well known directory 'Bin': 'D:\actions-runner\bin'
[2026-08-27 01:22:37Z INFO HostContext] Well known directory 'Root': 'D:\actions-runner'
[2026-08-27 01:22:37Z INFO ConfigurationStore] RootFolder: D:\actions-runner
[2026-08-27 01:22:37Z INFO HostContext] Well known directory 'Bin': 'D:\actions-runner\bin'
[2026-08-27 01:22:37Z INFO HostContext] Well known directory 'Root': 'D:\actions-runner'
[2026-08-27 01:22:37Z INFO HostContext] Well known config file 'Runner': 'D:\actions-runner\.runner'
[2026-08-27 01:22:37Z INFO ConfigurationStore] ConfigFilePath: D:\actions-runner\.runner
[2026-08-27 01:22:37Z INFO HostContext] Well known directory 'Bin': 'D:\actions-runner\bin'
[2026-08-27 01:22:37Z INFO HostContext] Well known directory 'Root': 'D:\actions-runner'
[2026-08-27 01:22:37Z INFO HostContext] Well known config file 'MigratedRunner': 'D:\actions-runner\.runner_migrated'
[2026-08-27 01:22:37Z INFO ConfigurationStore] MigratedConfigFilePath: D:\actions-runner\.runner_migrated
[2026-08-27 01:22:37Z INFO HostContext] Well known directory 'Bin': 'D:\actions-runner\bin'
[2026-08-27 01:22:37Z INFO HostContext] Well known directory 'Root': 'D:\actions-runner'
[2026-08-27 01:22:37Z INFO HostContext] Well known config file 'Credentials': 'D:\actions-runner\.credentials'
[2026-08-27 01:22:37Z INFO ConfigurationStore] CredFilePath: D:\actions-runner\.credentials
[2026-08-27 01:22:37Z INFO HostContext] Well known directory 'Bin': 'D:\actions-runner\bin'
[2026-08-27 01:22:37Z INFO HostContext] Well known directory 'Root': 'D:\actions-runner'
[2026-08-27 01:22:37Z INFO HostContext] Well known config file 'MigratedCredentials': 'D:\actions-runner\.credentials_migrated'
[2026-08-27 01:22:37Z INFO ConfigurationStore] MigratedCredFilePath: D:\actions-runner\.credentials_migrated
[2026-08-27 01:22:37Z INFO HostContext] Well known directory 'Bin': 'D:\actions-runner\bin'
[2026-08-27 01:22:37Z INFO HostContext] Well known directory 'Root': 'D:\actions-runner'
[2026-08-27 01:22:37Z INFO HostContext] Well known config file 'Service': 'D:\actions-runner\.service'
[2026-08-27 01:22:37Z INFO ConfigurationStore] ServiceConfigFilePath: D:\actions-runner\.service
[2026-08-27 01:22:37Z INFO ConfigurationStore] Read setting file: 388 chars
[2026-08-27 01:22:37Z INFO JobRunner] Initializing launch client
[2026-08-27 01:22:37Z INFO JobServerQueue] Initializing results client
[2026-08-27 01:22:37Z INFO ResultServer] Creating websocket client ...wss://results-receiver.actions.githubusercontent.com/_ws/ingest.sock
[2026-08-27 01:22:37Z INFO ResultServer] Attempting to start websocket client with delay 00:00:00.
[2026-08-27 01:22:37Z INFO JobServerQueue] Start process web console line queue.
[2026-08-27 01:22:37Z INFO JobServerQueue] Start process file upload queue.
[2026-08-27 01:22:37Z INFO JobServerQueue] Start results file upload queue.
[2026-08-27 01:22:37Z INFO JobServerQueue] Starting results-based upload queue...
[2026-08-27 01:22:37Z INFO JobServerQueue] Start process timeline update queue.
[2026-08-27 01:22:37Z INFO ExecutionContext] Initializing Job context
[2026-08-27 01:22:37Z INFO ExecutionContext] Initialize GitHub context
[2026-08-27 01:22:37Z INFO ExecutionContext] Initialize Env context
[2026-08-27 01:22:37Z INFO HostContext] Well known directory 'Bin': 'D:\actions-runner\bin'
[2026-08-27 01:22:37Z INFO HostContext] Well known directory 'Root': 'D:\actions-runner'
[2026-08-27 01:22:37Z INFO HostContext] Well known directory 'Diag': 'D:\actions-runner\_diag'
[2026-08-27 01:22:37Z INFO HostContext] Well known directory 'Bin': 'D:\actions-runner\bin'
[2026-08-27 01:22:37Z INFO HostContext] Well known directory 'Root': 'D:\actions-runner'
[2026-08-27 01:22:37Z INFO HostContext] Well known directory 'Diag': 'D:\actions-runner\_diag'
[2026-08-27 01:22:37Z INFO JobRunner] Starting the job execution context.
[2026-08-27 01:22:37Z INFO HostContext] Well known directory 'Bin': 'D:\actions-runner\bin'
[2026-08-27 01:22:37Z INFO HostContext] Well known directory 'Root': 'D:\actions-runner'
[2026-08-27 01:22:37Z INFO HostContext] Well known directory 'Work': 'D:\actions-runner\_work'
[2026-08-27 01:22:37Z INFO JobRunner] Validating directory permissions for: 'D:\actions-runner\_work'
[2026-08-27 01:22:37Z INFO HostContext] Well known directory 'Bin': 'D:\actions-runner\bin'
[2026-08-27 01:22:37Z INFO HostContext] Well known directory 'Root': 'D:\actions-runner'
[2026-08-27 01:22:37Z INFO HostContext] Well known directory 'Work': 'D:\actions-runner\_work'
[2026-08-27 01:22:37Z INFO HostContext] Well known directory 'Tools': 'D:\actions-runner\_work\_tool'
[2026-08-27 01:22:37Z INFO HostContext] Well known directory 'Bin': 'D:\actions-runner\bin'
[2026-08-27 01:22:37Z INFO HostContext] Well known directory 'Root': 'D:\actions-runner'
[2026-08-27 01:22:37Z INFO HostContext] Well known directory 'Work': 'D:\actions-runner\_work'
[2026-08-27 01:22:37Z INFO HostContext] Well known directory 'Temp': 'D:\actions-runner\_work\_temp'
[2026-08-27 01:22:37Z INFO JobRunner] Getting job extension.
[2026-08-27 01:22:37Z INFO JobRunner] Initialize job. Getting all job steps.
[2026-08-27 01:22:37Z INFO HostContext] Well known directory 'Bin': 'D:\actions-runner\bin'
[2026-08-27 01:22:37Z INFO HostContext] Well known directory 'Root': 'D:\actions-runner'
[2026-08-27 01:22:37Z INFO HostContext] Well known directory 'Diag': 'D:\actions-runner\_diag'
[2026-08-27 01:22:37Z INFO HostContext] Well known directory 'Bin': 'D:\actions-runner\bin'
[2026-08-27 01:22:37Z INFO HostContext] Well known directory 'Root': 'D:\actions-runner'
[2026-08-27 01:22:37Z INFO HostContext] Well known directory 'Diag': 'D:\actions-runner\_diag'
[2026-08-27 01:22:37Z INFO HostContext] Well known directory 'Bin': 'D:\actions-runner\bin'
[2026-08-27 01:22:37Z INFO HostContext] Well known directory 'Root': 'D:\actions-runner'
[2026-08-27 01:22:37Z INFO HostContext] Well known config file 'Credentials': 'D:\actions-runner\.credentials'
[2026-08-27 01:22:37Z INFO HostContext] Well known directory 'Bin': 'D:\actions-runner\bin'
[2026-08-27 01:22:37Z INFO HostContext] Well known directory 'Root': 'D:\actions-runner'
[2026-08-27 01:22:37Z INFO HostContext] Well known config file 'SetupInfo': 'D:\actions-runner\.setup_info'
[2026-08-27 01:22:37Z INFO HostContext] Well known directory 'Bin': 'D:\actions-runner\bin'
[2026-08-27 01:22:37Z INFO HostContext] Well known directory 'Root': 'D:\actions-runner'
[2026-08-27 01:22:37Z INFO HostContext] Well known directory 'Work': 'D:\actions-runner\_work'
[2026-08-27 01:22:37Z INFO PipelineDirectoryManager] Loading tracking config if exists: D:\actions-runner\_work\_PipelineMapping\ElAlecs69/SignServer\PipelineFolder.json
[2026-08-27 01:22:37Z INFO PipelineDirectoryManager] Updating job run properties.
[2026-08-27 01:22:37Z INFO HostContext] Well known directory 'Bin': 'D:\actions-runner\bin'
[2026-08-27 01:22:37Z INFO HostContext] Well known directory 'Root': 'D:\actions-runner'
[2026-08-27 01:22:37Z INFO HostContext] Well known directory 'Work': 'D:\actions-runner\_work'
[2026-08-27 01:22:37Z INFO HostContext] Well known directory 'Bin': 'D:\actions-runner\bin'
[2026-08-27 01:22:37Z INFO HostContext] Well known directory 'Root': 'D:\actions-runner'
[2026-08-27 01:22:37Z INFO HostContext] Well known directory 'Work': 'D:\actions-runner\_work'
[2026-08-27 01:22:37Z INFO HostContext] Well known directory 'Bin': 'D:\actions-runner\bin'
[2026-08-27 01:22:37Z INFO HostContext] Well known directory 'Root': 'D:\actions-runner'
[2026-08-27 01:22:37Z INFO HostContext] Well known directory 'Work': 'D:\actions-runner\_work'
[2026-08-27 01:22:38Z INFO JobExtension] Downloading actions
[2026-08-27 01:22:38Z INFO HostContext] Well known directory 'Bin': 'D:\actions-runner\bin'
[2026-08-27 01:22:38Z INFO HostContext] Well known directory 'Root': 'D:\actions-runner'
[2026-08-27 01:22:38Z INFO HostContext] Well known directory 'Work': 'D:\actions-runner\_work'
[2026-08-27 01:22:38Z INFO HostContext] Well known directory 'Actions': 'D:\actions-runner\_work\_actions'
[2026-08-27 01:22:38Z INFO Worker] Listening for cancel message from the channel.
[2026-08-27 01:22:38Z INFO Worker] Waiting for the job to complete or for a cancel message from the channel.
[2026-08-27 01:22:38Z INFO ResultServer] Successfully started websocket client.
[2026-08-27 01:22:38Z INFO JobServerQueue] Try to append 1 batches web console lines for record 'bd4a8dfa-8bff-465d-8dc4-8b2a6a5549d1', success rate: 1/1.
[2026-08-27 01:22:38Z INFO HostContext] Well known directory 'Bin': 'D:\actions-runner\bin'
[2026-08-27 01:22:38Z INFO HostContext] Well known directory 'Root': 'D:\actions-runner'
[2026-08-27 01:22:38Z INFO HostContext] Well known directory 'Work': 'D:\actions-runner\_work'
[2026-08-27 01:22:38Z INFO HostContext] Well known directory 'Actions': 'D:\actions-runner\_work\_actions'
[2026-08-27 01:22:38Z INFO HostContext] Well known directory 'Bin': 'D:\actions-runner\bin'
[2026-08-27 01:22:38Z INFO HostContext] Well known directory 'Root': 'D:\actions-runner'
[2026-08-27 01:22:38Z INFO HostContext] Well known directory 'Work': 'D:\actions-runner\_work'
[2026-08-27 01:22:38Z INFO HostContext] Well known directory 'Actions': 'D:\actions-runner\_work\_actions'
[2026-08-27 01:22:38Z INFO ActionManager] Save archive 'https://codeload.github.com/actions/checkout/zip/11d5960a326750d5838078e36cf38b85af677262' into D:\actions-runner\_work\_actions\_temp_46d17eeb-c81a-48a8-a448-a5104c51cb21\15c1f81a-bda2-4ebc-b037-81ad6110b13e.zip.
[2026-08-27 01:22:38Z INFO ActionManager] Using Basic token for action archive download.
[2026-08-27 01:22:38Z INFO JobServerQueue] Try to append 1 batches web console lines for record 'bd4a8dfa-8bff-465d-8dc4-8b2a6a5549d1', success rate: 1/1.
[2026-08-27 01:22:38Z INFO JobServerQueue] Job timeline record has been updated for the first time.
[2026-08-27 01:22:39Z INFO ActionManager] Request URL: https://codeload.github.com/actions/checkout/zip/11d5960a326750d5838078e36cf38b85af677262 X-GitHub-Request-Id: 0E64:481DD:E3516:1812CB:6A8F9151 Http Status: OK
[2026-08-27 01:22:39Z INFO ActionManager] Finished getting action repository.
[2026-08-27 01:22:39Z INFO HostContext] Well known directory 'Bin': 'D:\actions-runner\bin'
[2026-08-27 01:22:39Z INFO HostContext] Well known directory 'Root': 'D:\actions-runner'
[2026-08-27 01:22:39Z INFO HostContext] Well known directory 'Work': 'D:\actions-runner\_work'
[2026-08-27 01:22:39Z INFO HostContext] Well known directory 'Actions': 'D:\actions-runner\_work\_actions'
[2026-08-27 01:22:39Z INFO HostContext] Well known directory 'Bin': 'D:\actions-runner\bin'
[2026-08-27 01:22:39Z INFO HostContext] Well known directory 'Root': 'D:\actions-runner'
[2026-08-27 01:22:39Z INFO HostContext] Well known directory 'Work': 'D:\actions-runner\_work'
[2026-08-27 01:22:39Z INFO HostContext] Well known directory 'Actions': 'D:\actions-runner\_work\_actions'
[2026-08-27 01:22:39Z INFO ActionManager] Save archive 'https://codeload.github.com/actions/setup-node/zip/49933ea5288caeca8642d1e84afbd3f7d6820020' into D:\actions-runner\_work\_actions\_temp_71ae6f90-833c-4694-afe4-a3265896e224\1d36aa01-94b0-4a16-a0ef-c8a6c5454b06.zip.
[2026-08-27 01:22:39Z INFO ActionManager] Using Basic token for action archive download.
[2026-08-27 01:22:39Z INFO JobServerQueue] Try to append 1 batches web console lines for record 'bd4a8dfa-8bff-465d-8dc4-8b2a6a5549d1', success rate: 1/1.
[2026-08-27 01:22:40Z INFO ActionManager] Request URL: https://codeload.github.com/actions/setup-node/zip/49933ea5288caeca8642d1e84afbd3f7d6820020 X-GitHub-Request-Id: 0E65:35FC95:D24A4:1702FF:6A8F9152 Http Status: OK
[2026-08-27 01:22:40Z INFO ActionManager] Finished getting action repository.
[2026-08-27 01:22:40Z INFO HostContext] Well known directory 'Bin': 'D:\actions-runner\bin'
[2026-08-27 01:22:40Z INFO HostContext] Well known directory 'Root': 'D:\actions-runner'
[2026-08-27 01:22:40Z INFO HostContext] Well known directory 'Work': 'D:\actions-runner\_work'
[2026-08-27 01:22:40Z INFO HostContext] Well known directory 'Actions': 'D:\actions-runner\_work\_actions'
[2026-08-27 01:22:40Z INFO ActionManifestManagerLegacy] Load schema file with definitions: [
  "null",
  "boolean",
  "number",
  "string",
  "sequence",
  "mapping",
  "any",
  "action-root",
  "inputs",
  "input",
  "outputs",
  "output-definition",
  "runs",
  "container-runs",
  "container-runs-args",
  "container-runs-env",
  "node-runs",
  "plugin-runs",
  "composite-runs",
  "composite-steps",
  "composite-step",
  "run-step",
  "uses-step",
  "container-runs-context",
  "output-value",
  "input-default-context",
  "non-empty-string",
  "string-steps-context",
  "boolean-steps-context",
  "step-env",
  "step-if",
  "step-with"
]
[2026-08-27 01:22:41Z INFO ActionManifestManager] Load schema file with definitions: [
  "null",
  "boolean",
  "number",
  "string",
  "sequence",
  "mapping",
  "any",
  "action-root",
  "inputs",
  "input",
  "outputs",
  "output-definition",
  "runs",
  "container-runs",
  "container-runs-args",
  "container-runs-env",
  "node-runs",
  "plugin-runs",
  "composite-runs",
  "composite-steps",
  "composite-step",
  "run-step",
  "uses-step",
  "container-runs-context",
  "output-value",
  "input-default-context",
  "non-empty-string",
  "string-steps-context",
  "boolean-steps-context",
  "step-env",
  "step-if",
  "step-with"
]
[2026-08-27 01:22:41Z INFO HostContext] Well known directory 'Bin': 'D:\actions-runner\bin'
[2026-08-27 01:22:41Z INFO HostContext] Well known directory 'Root': 'D:\actions-runner'
[2026-08-27 01:22:41Z INFO HostContext] Well known directory 'Work': 'D:\actions-runner\_work'
[2026-08-27 01:22:41Z INFO HostContext] Well known directory 'Actions': 'D:\actions-runner\_work\_actions'
[2026-08-27 01:22:41Z INFO ActionManifestManagerLegacy] Loaded action.yml file: {
  "name": "Checkout",
  "description": "Checkout a Git repository at a particular version",
  "inputs": {
    "type": 2,
    "map": [
      {
        "key": {
          "type": 0,
          "file": 2,
          "line": 4,
          "col": 3,
          "lit": "repository"
        },
        "value": {
          "type": 3,
          "file": 2,
          "line": 6,
          "col": 14,
          "expr": "github.repository"
        }
      },
      {
        "key": {
          "type": 0,
          "file": 2,
          "line": 7,
          "col": 3,
          "lit": "ref"
        },
        "value": ""
      },
      {
        "key": {
          "type": 0,
          "file": 2,
          "line": 12,
          "col": 3,
          "lit": "token"
        },
        "value": {
          "type": 3,
          "file": 2,
          "line": 24,
          "col": 14,
          "expr": "github.token"
        }
      },
      {
        "key": {
          "type": 0,
          "file": 2,
          "line": 25,
          "col": 3,
          "lit": "ssh-key"
        },
        "value": ""
      },
      {
        "key": {
          "type": 0,
          "file": 2,
          "line": 37,
          "col": 3,
          "lit": "ssh-known-hosts"
        },
        "value": ""
      },
      {
        "key": {
          "type": 0,
          "file": 2,
          "line": 42,
          "col": 3,
          "lit": "ssh-strict"
        },
        "value": {
          "type": 0,
          "file": 2,
          "line": 47,
          "col": 14,
          "lit": "true"
        }
      },
      {
        "key": {
          "type": 0,
          "file": 2,
          "line": 48,
          "col": 3,
          "lit": "ssh-user"
        },
        "value": {
          "type": 0,
          "file": 2,
          "line": 51,
          "col": 14,
          "lit": "git"
        }
      },
      {
        "key": {
          "type": 0,
          "file": 2,
          "line": 52,
          "col": 3,
          "lit": "persist-credentials"
        },
        "value": {
          "type": 0,
          "file": 2,
          "line": 54,
          "col": 14,
          "lit": "true"
        }
      },
      {
        "key": {
          "type": 0,
          "file": 2,
          "line": 55,
          "col": 3,
          "lit": "path"
        },
        "value": ""
      },
      {
        "key": {
          "type": 0,
          "file": 2,
          "line": 57,
          "col": 3,
          "lit": "clean"
        },
        "value": {
          "type": 0,
          "file": 2,
          "line": 59,
          "col": 14,
          "lit": "true"
        }
      },
      {
        "key": {
          "type": 0,
          "file": 2,
          "line": 60,
          "col": 3,
          "lit": "filter"
        },
        "value": {
          "type": 0,
          "file": 2,
          "line": 64,
          "col": 14,
          "lit": ""
        }
      },
      {
        "key": {
          "type": 0,
          "file": 2,
          "line": 65,
          "col": 3,
          "lit": "sparse-checkout"
        },
        "value": {
          "type": 0,
          "file": 2,
          "line": 69,
          "col": 14,
          "lit": ""
        }
      },
      {
        "key": {
          "type": 0,
          "file": 2,
          "line": 70,
          "col": 3,
          "lit": "sparse-checkout-cone-mode"
        },
        "value": {
          "type": 0,
          "file": 2,
          "line": 73,
          "col": 14,
          "lit": "true"
        }
      },
      {
        "key": {
          "type": 0,
          "file": 2,
          "line": 74,
          "col": 3,
          "lit": "fetch-depth"
        },
        "value": {
          "type": 0,
          "file": 2,
          "line": 76,
          "col": 14,
          "lit": "1"
        }
      },
      {
        "key": {
          "type": 0,
          "file": 2,
          "line": 77,
          "col": 3,
          "lit": "fetch-tags"
        },
        "value": {
          "type": 0,
          "file": 2,
          "line": 79,
          "col": 14,
          "lit": "false"
        }
      },
      {
        "key": {
          "type": 0,
          "file": 2,
          "line": 80,
          "col": 3,
          "lit": "show-progress"
        },
        "value": {
          "type": 0,
          "file": 2,
          "line": 82,
          "col": 14,
          "lit": "true"
        }
      },
      {
        "key": {
          "type": 0,
          "file": 2,
          "line": 83,
          "col": 3,
          "lit": "lfs"
        },
        "value": {
          "type": 0,
          "file": 2,
          "line": 85,
          "col": 14,
          "lit": "false"
        }
      },
      {
        "key": {
          "type": 0,
          "file": 2,
          "line": 86,
          "col": 3,
          "lit": "submodules"
        },
        "value": {
          "type": 0,
          "file": 2,
          "line": 94,
          "col": 14,
          "lit": "false"
        }
      },
      {
        "key": {
          "type": 0,
          "file": 2,
          "line": 95,
          "col": 3,
          "lit": "set-safe-directory"
        },
        "value": {
          "type": 0,
          "file": 2,
          "line": 97,
          "col": 14,
          "lit": "true"
        }
      },
      {
        "key": {
          "type": 0,
          "file": 2,
          "line": 98,
          "col": 3,
          "lit": "github-server-url"
        },
        "value": ""
      },
      {
        "key": {
          "type": 0,
          "file": 2,
          "line": 101,
          "col": 3,
          "lit": "allow-unsafe-pr-checkout"
        },
        "value": {
          "type": 0,
          "file": 2,
          "line": 109,
          "col": 14,
          "lit": "false"
        }
      }
    ]
  },
  "execution": {
    "executionType": "nodeJS",
    "hasPre": false,
    "hasPost": true,
    "script": "dist/index.js",
    "pre": null,
    "post": "dist/index.js",
    "nodeVersion": "node20",
    "cleanupCondition": "always()",
    "initCondition": "always()"
  },
  "deprecated": null
}
[2026-08-27 01:22:41Z INFO ActionManager] Action node.js file: dist/index.js, no more preparation.
[2026-08-27 01:22:41Z INFO HostContext] Well known directory 'Bin': 'D:\actions-runner\bin'
[2026-08-27 01:22:41Z INFO HostContext] Well known directory 'Root': 'D:\actions-runner'
[2026-08-27 01:22:41Z INFO HostContext] Well known directory 'Work': 'D:\actions-runner\_work'
[2026-08-27 01:22:41Z INFO HostContext] Well known directory 'Actions': 'D:\actions-runner\_work\_actions'
[2026-08-27 01:22:41Z INFO ActionManager] Load action that reference repository from 'D:\actions-runner\_work\_actions\actions\checkout\v4'
[2026-08-27 01:22:41Z INFO HostContext] Well known directory 'Bin': 'D:\actions-runner\bin'
[2026-08-27 01:22:41Z INFO HostContext] Well known directory 'Root': 'D:\actions-runner'
[2026-08-27 01:22:41Z INFO HostContext] Well known directory 'Work': 'D:\actions-runner\_work'
[2026-08-27 01:22:41Z INFO HostContext] Well known directory 'Actions': 'D:\actions-runner\_work\_actions'
[2026-08-27 01:22:41Z INFO ActionManifestManagerLegacy] Loaded action.yml file: {
  "name": "Checkout",
  "description": "Checkout a Git repository at a particular version",
  "inputs": {
    "type": 2,
    "map": [
      {
        "key": {
          "type": 0,
          "file": 2,
          "line": 4,
          "col": 3,
          "lit": "repository"
        },
        "value": {
          "type": 3,
          "file": 2,
          "line": 6,
          "col": 14,
          "expr": "github.repository"
        }
      },
      {
        "key": {
          "type": 0,
          "file": 2,
          "line": 7,
          "col": 3,
          "lit": "ref"
        },
        "value": ""
      },
      {
        "key": {
          "type": 0,
          "file": 2,
          "line": 12,
          "col": 3,
          "lit": "token"
        },
        "value": {
          "type": 3,
          "file": 2,
          "line": 24,
          "col": 14,
          "expr": "github.token"
        }
      },
      {
        "key": {
          "type": 0,
          "file": 2,
          "line": 25,
          "col": 3,
          "lit": "ssh-key"
        },
        "value": ""
      },
      {
        "key": {
          "type": 0,
          "file": 2,
          "line": 37,
          "col": 3,
          "lit": "ssh-known-hosts"
        },
        "value": ""
      },
      {
        "key": {
          "type": 0,
          "file": 2,
          "line": 42,
          "col": 3,
          "lit": "ssh-strict"
        },
        "value": {
          "type": 0,
          "file": 2,
          "line": 47,
          "col": 14,
          "lit": "true"
        }
      },
      {
        "key": {
          "type": 0,
          "file": 2,
          "line": 48,
          "col": 3,
          "lit": "ssh-user"
        },
        "value": {
          "type": 0,
          "file": 2,
          "line": 51,
          "col": 14,
          "lit": "git"
        }
      },
      {
        "key": {
          "type": 0,
          "file": 2,
          "line": 52,
          "col": 3,
          "lit": "persist-credentials"
        },
        "value": {
          "type": 0,
          "file": 2,
          "line": 54,
          "col": 14,
          "lit": "true"
        }
      },
      {
        "key": {
          "type": 0,
          "file": 2,
          "line": 55,
          "col": 3,
          "lit": "path"
        },
        "value": ""
      },
      {
        "key": {
          "type": 0,
          "file": 2,
          "line": 57,
          "col": 3,
          "lit": "clean"
        },
        "value": {
          "type": 0,
          "file": 2,
          "line": 59,
          "col": 14,
          "lit": "true"
        }
      },
      {
        "key": {
          "type": 0,
          "file": 2,
          "line": 60,
          "col": 3,
          "lit": "filter"
        },
        "value": {
          "type": 0,
          "file": 2,
          "line": 64,
          "col": 14,
          "lit": ""
        }
      },
      {
        "key": {
          "type": 0,
          "file": 2,
          "line": 65,
          "col": 3,
          "lit": "sparse-checkout"
        },
        "value": {
          "type": 0,
          "file": 2,
          "line": 69,
          "col": 14,
          "lit": ""
        }
      },
      {
        "key": {
          "type": 0,
          "file": 2,
          "line": 70,
          "col": 3,
          "lit": "sparse-checkout-cone-mode"
        },
        "value": {
          "type": 0,
          "file": 2,
          "line": 73,
          "col": 14,
          "lit": "true"
        }
      },
      {
        "key": {
          "type": 0,
          "file": 2,
          "line": 74,
          "col": 3,
          "lit": "fetch-depth"
        },
        "value": {
          "type": 0,
          "file": 2,
          "line": 76,
          "col": 14,
          "lit": "1"
        }
      },
      {
        "key": {
          "type": 0,
          "file": 2,
          "line": 77,
          "col": 3,
          "lit": "fetch-tags"
        },
        "value": {
          "type": 0,
          "file": 2,
          "line": 79,
          "col": 14,
          "lit": "false"
        }
      },
      {
        "key": {
          "type": 0,
          "file": 2,
          "line": 80,
          "col": 3,
          "lit": "show-progress"
        },
        "value": {
          "type": 0,
          "file": 2,
          "line": 82,
          "col": 14,
          "lit": "true"
        }
      },
      {
        "key": {
          "type": 0,
          "file": 2,
          "line": 83,
          "col": 3,
          "lit": "lfs"
        },
        "value": {
          "type": 0,
          "file": 2,
          "line": 85,
          "col": 14,
          "lit": "false"
        }
      },
      {
        "key": {
          "type": 0,
          "file": 2,
          "line": 86,
          "col": 3,
          "lit": "submodules"
        },
        "value": {
          "type": 0,
          "file": 2,
          "line": 94,
          "col": 14,
          "lit": "false"
        }
      },
      {
        "key": {
          "type": 0,
          "file": 2,
          "line": 95,
          "col": 3,
          "lit": "set-safe-directory"
        },
        "value": {
          "type": 0,
          "file": 2,
          "line": 97,
          "col": 14,
          "lit": "true"
        }
      },
      {
        "key": {
          "type": 0,
          "file": 2,
          "line": 98,
          "col": 3,
          "lit": "github-server-url"
        },
        "value": ""
      },
      {
        "key": {
          "type": 0,
          "file": 2,
          "line": 101,
          "col": 3,
          "lit": "allow-unsafe-pr-checkout"
        },
        "value": {
          "type": 0,
          "file": 2,
          "line": 109,
          "col": 14,
          "lit": "false"
        }
      }
    ]
  },
  "execution": {
    "executionType": "nodeJS",
    "hasPre": false,
    "hasPost": true,
    "script": "dist/index.js",
    "pre": null,
    "post": "dist/index.js",
    "nodeVersion": "node20",
    "cleanupCondition": "always()",
    "initCondition": "always()"
  },
  "deprecated": null
}
[2026-08-27 01:22:41Z INFO ActionManager] Action pre node.js file: N/A.
[2026-08-27 01:22:41Z INFO ActionManager] Action node.js file: dist/index.js.
[2026-08-27 01:22:41Z INFO ActionManager] Action post node.js file: dist/index.js.
[2026-08-27 01:22:41Z INFO HostContext] Well known directory 'Bin': 'D:\actions-runner\bin'
[2026-08-27 01:22:41Z INFO HostContext] Well known directory 'Root': 'D:\actions-runner'
[2026-08-27 01:22:41Z INFO HostContext] Well known directory 'Work': 'D:\actions-runner\_work'
[2026-08-27 01:22:41Z INFO HostContext] Well known directory 'Actions': 'D:\actions-runner\_work\_actions'
[2026-08-27 01:22:41Z INFO HostContext] Well known directory 'Bin': 'D:\actions-runner\bin'
[2026-08-27 01:22:41Z INFO HostContext] Well known directory 'Root': 'D:\actions-runner'
[2026-08-27 01:22:41Z INFO HostContext] Well known directory 'Work': 'D:\actions-runner\_work'
[2026-08-27 01:22:41Z INFO HostContext] Well known directory 'Actions': 'D:\actions-runner\_work\_actions'
[2026-08-27 01:22:41Z INFO ActionManifestManagerLegacy] Ignore action property author.
[2026-08-27 01:22:41Z INFO ActionManifestManagerLegacy] Loaded action.yml file: {
  "name": "Setup Node.js environment",
  "description": "Setup a Node.js environment by adding problem matchers and optionally downloading and adding it to the PATH.",
  "inputs": {
    "type": 2,
    "map": [
      {
        "key": {
          "type": 0,
          "file": 3,
          "line": 5,
          "col": 3,
          "lit": "always-auth"
        },
        "value": {
          "type": 0,
          "file": 3,
          "line": 7,
          "col": 14,
          "lit": "false"
        }
      },
      {
        "key": {
          "type": 0,
          "file": 3,
          "line": 8,
          "col": 3,
          "lit": "node-version"
        },
        "value": ""
      },
      {
        "key": {
          "type": 0,
          "file": 3,
          "line": 10,
          "col": 3,
          "lit": "node-version-file"
        },
        "value": ""
      },
      {
        "key": {
          "type": 0,
          "file": 3,
          "line": 12,
          "col": 3,
          "lit": "architecture"
        },
        "value": ""
      },
      {
        "key": {
          "type": 0,
          "file": 3,
          "line": 14,
          "col": 3,
          "lit": "check-latest"
        },
        "value": {
          "type": 0,
          "file": 3,
          "line": 16,
          "col": 14,
          "lit": "false"
        }
      },
      {
        "key": {
          "type": 0,
          "file": 3,
          "line": 17,
          "col": 3,
          "lit": "registry-url"
        },
        "value": ""
      },
      {
        "key": {
          "type": 0,
          "file": 3,
          "line": 19,
          "col": 3,
          "lit": "scope"
        },
        "value": ""
      },
      {
        "key": {
          "type": 0,
          "file": 3,
          "line": 21,
          "col": 3,
          "lit": "token"
        },
        "value": {
          "type": 3,
          "file": 3,
          "line": 23,
          "col": 14,
          "expr": "github.server_url == 'https://github.com' && github.token || ''"
        }
      },
      {
        "key": {
          "type": 0,
          "file": 3,
          "line": 24,
          "col": 3,
          "lit": "cache"
        },
        "value": ""
      },
      {
        "key": {
          "type": 0,
          "file": 3,
          "line": 26,
          "col": 3,
          "lit": "cache-dependency-path"
        },
        "value": ""
      },
      {
        "key": {
          "type": 0,
          "file": 3,
          "line": 28,
          "col": 3,
          "lit": "mirror"
        },
        "value": ""
      },
      {
        "key": {
          "type": 0,
          "file": 3,
          "line": 30,
          "col": 3,
          "lit": "mirror-token"
        },
        "value": ""
      }
    ]
  },
  "execution": {
    "executionType": "nodeJS",
    "hasPre": false,
    "hasPost": true,
    "script": "dist/setup/index.js",
    "pre": null,
    "post": "dist/cache-save/index.js",
    "nodeVersion": "node20",
    "cleanupCondition": "success()",
    "initCondition": "always()"
  },
  "deprecated": null
}
[2026-08-27 01:22:41Z INFO ActionManager] Action node.js file: dist/setup/index.js, no more preparation.
[2026-08-27 01:22:41Z INFO HostContext] Well known directory 'Bin': 'D:\actions-runner\bin'
[2026-08-27 01:22:41Z INFO HostContext] Well known directory 'Root': 'D:\actions-runner'
[2026-08-27 01:22:41Z INFO HostContext] Well known directory 'Work': 'D:\actions-runner\_work'
[2026-08-27 01:22:41Z INFO HostContext] Well known directory 'Actions': 'D:\actions-runner\_work\_actions'
[2026-08-27 01:22:41Z INFO ActionManager] Load action that reference repository from 'D:\actions-runner\_work\_actions\actions\setup-node\v4'
[2026-08-27 01:22:41Z INFO HostContext] Well known directory 'Bin': 'D:\actions-runner\bin'
[2026-08-27 01:22:41Z INFO HostContext] Well known directory 'Root': 'D:\actions-runner'
[2026-08-27 01:22:41Z INFO HostContext] Well known directory 'Work': 'D:\actions-runner\_work'
[2026-08-27 01:22:41Z INFO HostContext] Well known directory 'Actions': 'D:\actions-runner\_work\_actions'
[2026-08-27 01:22:41Z INFO ActionManifestManagerLegacy] Ignore action property author.
[2026-08-27 01:22:41Z INFO ActionManifestManagerLegacy] Loaded action.yml file: {
  "name": "Setup Node.js environment",
  "description": "Setup a Node.js environment by adding problem matchers and optionally downloading and adding it to the PATH.",
  "inputs": {
    "type": 2,
    "map": [
      {
        "key": {
          "type": 0,
          "file": 3,
          "line": 5,
          "col": 3,
          "lit": "always-auth"
        },
        "value": {
          "type": 0,
          "file": 3,
          "line": 7,
          "col": 14,
          "lit": "false"
        }
      },
      {
        "key": {
          "type": 0,
          "file": 3,
          "line": 8,
          "col": 3,
          "lit": "node-version"
        },
        "value": ""
      },
      {
        "key": {
          "type": 0,
          "file": 3,
          "line": 10,
          "col": 3,
          "lit": "node-version-file"
        },
        "value": ""
      },
      {
        "key": {
          "type": 0,
          "file": 3,
          "line": 12,
          "col": 3,
          "lit": "architecture"
        },
        "value": ""
      },
      {
        "key": {
          "type": 0,
          "file": 3,
          "line": 14,
          "col": 3,
          "lit": "check-latest"
        },
        "value": {
          "type": 0,
          "file": 3,
          "line": 16,
          "col": 14,
          "lit": "false"
        }
      },
      {
        "key": {
          "type": 0,
          "file": 3,
          "line": 17,
          "col": 3,
          "lit": "registry-url"
        },
        "value": ""
      },
      {
        "key": {
          "type": 0,
          "file": 3,
          "line": 19,
          "col": 3,
          "lit": "scope"
        },
        "value": ""
      },
      {
        "key": {
          "type": 0,
          "file": 3,
          "line": 21,
          "col": 3,
          "lit": "token"
        },
        "value": {
          "type": 3,
          "file": 3,
          "line": 23,
          "col": 14,
          "expr": "github.server_url == 'https://github.com' && github.token || ''"
        }
      },
      {
        "key": {
          "type": 0,
          "file": 3,
          "line": 24,
          "col": 3,
          "lit": "cache"
        },
        "value": ""
      },
      {
        "key": {
          "type": 0,
          "file": 3,
          "line": 26,
          "col": 3,
          "lit": "cache-dependency-path"
        },
        "value": ""
      },
      {
        "key": {
          "type": 0,
          "file": 3,
          "line": 28,
          "col": 3,
          "lit": "mirror"
        },
        "value": ""
      },
      {
        "key": {
          "type": 0,
          "file": 3,
          "line": 30,
          "col": 3,
          "lit": "mirror-token"
        },
        "value": ""
      }
    ]
  },
  "execution": {
    "executionType": "nodeJS",
    "hasPre": false,
    "hasPost": true,
    "script": "dist/setup/index.js",
    "pre": null,
    "post": "dist/cache-save/index.js",
    "nodeVersion": "node20",
    "cleanupCondition": "success()",
    "initCondition": "always()"
  },
  "deprecated": null
}
[2026-08-27 01:22:41Z INFO ActionManager] Action pre node.js file: N/A.
[2026-08-27 01:22:41Z INFO ActionManager] Action node.js file: dist/setup/index.js.
[2026-08-27 01:22:41Z INFO ActionManager] Action post node.js file: dist/cache-save/index.js.
[2026-08-27 01:22:41Z INFO JobExtension] Adding .
[2026-08-27 01:22:41Z INFO JobExtension] Adding .
[2026-08-27 01:22:41Z INFO JobExtension] Adding .
[2026-08-27 01:22:41Z INFO JobExtension] Adding .
[2026-08-27 01:22:41Z INFO JobExtension] Adding .
[2026-08-27 01:22:41Z INFO HostContext] Well known directory 'Bin': 'D:\actions-runner\bin'
[2026-08-27 01:22:41Z INFO HostContext] Well known directory 'Root': 'D:\actions-runner'
[2026-08-27 01:22:41Z INFO HostContext] Well known directory 'Diag': 'D:\actions-runner\_diag'
[2026-08-27 01:22:41Z INFO HostContext] Well known directory 'Bin': 'D:\actions-runner\bin'
[2026-08-27 01:22:41Z INFO HostContext] Well known directory 'Root': 'D:\actions-runner'
[2026-08-27 01:22:41Z INFO HostContext] Well known directory 'Diag': 'D:\actions-runner\_diag'
[2026-08-27 01:22:41Z INFO HostContext] Well known directory 'Bin': 'D:\actions-runner\bin'
[2026-08-27 01:22:41Z INFO HostContext] Well known directory 'Root': 'D:\actions-runner'
[2026-08-27 01:22:41Z INFO HostContext] Well known directory 'Diag': 'D:\actions-runner\_diag'
[2026-08-27 01:22:41Z INFO HostContext] Well known directory 'Bin': 'D:\actions-runner\bin'
[2026-08-27 01:22:41Z INFO HostContext] Well known directory 'Root': 'D:\actions-runner'
[2026-08-27 01:22:41Z INFO HostContext] Well known directory 'Diag': 'D:\actions-runner\_diag'
[2026-08-27 01:22:41Z INFO HostContext] Well known directory 'Bin': 'D:\actions-runner\bin'
[2026-08-27 01:22:41Z INFO HostContext] Well known directory 'Root': 'D:\actions-runner'
[2026-08-27 01:22:41Z INFO HostContext] Well known directory 'Diag': 'D:\actions-runner\_diag'
[2026-08-27 01:22:41Z INFO HostContext] Well known directory 'Bin': 'D:\actions-runner\bin'
[2026-08-27 01:22:41Z INFO HostContext] Well known directory 'Root': 'D:\actions-runner'
[2026-08-27 01:22:41Z INFO HostContext] Well known directory 'Diag': 'D:\actions-runner\_diag'
[2026-08-27 01:22:41Z INFO HostContext] Well known directory 'Bin': 'D:\actions-runner\bin'
[2026-08-27 01:22:41Z INFO HostContext] Well known directory 'Root': 'D:\actions-runner'
[2026-08-27 01:22:41Z INFO HostContext] Well known directory 'Diag': 'D:\actions-runner\_diag'
[2026-08-27 01:22:41Z INFO HostContext] Well known directory 'Bin': 'D:\actions-runner\bin'
[2026-08-27 01:22:41Z INFO HostContext] Well known directory 'Root': 'D:\actions-runner'
[2026-08-27 01:22:41Z INFO HostContext] Well known directory 'Diag': 'D:\actions-runner\_diag'
[2026-08-27 01:22:41Z INFO HostContext] Well known directory 'Bin': 'D:\actions-runner\bin'
[2026-08-27 01:22:41Z INFO HostContext] Well known directory 'Root': 'D:\actions-runner'
[2026-08-27 01:22:41Z INFO HostContext] Well known directory 'Diag': 'D:\actions-runner\_diag'
[2026-08-27 01:22:41Z INFO HostContext] Well known directory 'Bin': 'D:\actions-runner\bin'
[2026-08-27 01:22:41Z INFO HostContext] Well known directory 'Root': 'D:\actions-runner'
[2026-08-27 01:22:41Z INFO HostContext] Well known directory 'Diag': 'D:\actions-runner\_diag'
[2026-08-27 01:22:41Z INFO JobExtension] Total accessible running process: 171.
[2026-08-27 01:22:41Z INFO HostContext] Well known directory 'Bin': 'D:\actions-runner\bin'
[2026-08-27 01:22:41Z INFO HostContext] Well known directory 'Root': 'D:\actions-runner'
[2026-08-27 01:22:41Z INFO HostContext] Well known directory 'Work': 'D:\actions-runner\_work'
[2026-08-27 01:22:41Z INFO JobExtension] Start checking server connectivity.
[2026-08-27 01:22:41Z INFO JobExtension] Check server connectivity for https://broker.actions.githubusercontent.com/health.
[2026-08-27 01:22:41Z INFO JobExtension] Check server connectivity for https://token.actions.githubusercontent.com/ready.
[2026-08-27 01:22:41Z INFO JobExtension] Check server connectivity for https://run.actions.githubusercontent.com/health.
[2026-08-27 01:22:41Z INFO JobExtension] Start checking service connectivity in background.
[2026-08-27 01:22:41Z INFO JobServerQueue] Try to append 1 batches web console lines for record 'bd4a8dfa-8bff-465d-8dc4-8b2a6a5549d1', success rate: 1/1.
[2026-08-27 01:22:41Z INFO ExecutionContext] Publish step telemetry for current step {
  "action": "setup_job",
  "type": "runner",
  "stage": "Pre",
  "stepId": "bd4a8dfa-8bff-465d-8dc4-8b2a6a5549d1",
  "result": "succeeded",
  "errorMessages": [],
  "executionTimeInSeconds": 4,
  "startTime": "2026-08-27T01:22:37.9793896Z",
  "finishTime": "2026-08-27T01:22:41.1012511Z"
}.
[2026-08-27 01:22:41Z INFO JobRunner] Total job steps: 5.
[2026-08-27 01:22:41Z INFO JobRunner] Run all job steps.
[2026-08-27 01:22:41Z INFO DapDebugger] DapDebugger initialized
[2026-08-27 01:22:41Z INFO StepsRunner] Processing step: DisplayName='Checkout'
[2026-08-27 01:22:41Z INFO StepsRunner] Evaluating: success()
[2026-08-27 01:22:41Z INFO StepsRunner] Result: true
[2026-08-27 01:22:41Z INFO StepsRunner] Starting the step.
[2026-08-27 01:22:41Z INFO HostContext] Well known directory 'Bin': 'D:\actions-runner\bin'
[2026-08-27 01:22:41Z INFO HostContext] Well known directory 'Root': 'D:\actions-runner'
[2026-08-27 01:22:41Z INFO HostContext] Well known directory 'Work': 'D:\actions-runner\_work'
[2026-08-27 01:22:41Z INFO StepsRunner] Which2: 'chcp'
[2026-08-27 01:22:41Z INFO StepsRunner] Location: 'C:\WINDOWS\system32\chcp.COM'
[2026-08-27 01:22:41Z INFO ProcessInvokerWrapper] Starting process:
[2026-08-27 01:22:41Z INFO ProcessInvokerWrapper]   File name: 'C:\WINDOWS\system32\chcp.COM'
[2026-08-27 01:22:41Z INFO ProcessInvokerWrapper]   Arguments: '65001'
[2026-08-27 01:22:41Z INFO ProcessInvokerWrapper]   Working directory: 'D:\actions-runner\_work'
[2026-08-27 01:22:41Z INFO ProcessInvokerWrapper]   Require exit code zero: 'False'
[2026-08-27 01:22:41Z INFO ProcessInvokerWrapper]   Encoding web name:  ; code page: ''
[2026-08-27 01:22:41Z INFO ProcessInvokerWrapper]   Force kill process on cancellation: 'False'
[2026-08-27 01:22:41Z INFO ProcessInvokerWrapper]   Redirected STDIN: 'False'
[2026-08-27 01:22:41Z INFO ProcessInvokerWrapper]   Persist current code page: 'True'
[2026-08-27 01:22:41Z INFO ProcessInvokerWrapper]   Keep redirected STDIN open: 'False'
[2026-08-27 01:22:41Z INFO ProcessInvokerWrapper]   High priority process: 'False'
[2026-08-27 01:22:41Z INFO ProcessInvokerWrapper] Process started with process id 7332, waiting for process exit.
[2026-08-27 01:22:41Z INFO ProcessInvokerWrapper] STDOUT/STDERR stream read finished.
[2026-08-27 01:22:41Z INFO ProcessInvokerWrapper] STDOUT/STDERR stream read finished.
[2026-08-27 01:22:41Z INFO ProcessInvokerWrapper] Finished process 7332 with exit code 0, and elapsed time 00:00:00.0130403.
[2026-08-27 01:22:41Z INFO StepsRunner] Successfully returned to code page 65001 (UTF8)
[2026-08-27 01:22:41Z INFO HostContext] Well known directory 'Bin': 'D:\actions-runner\bin'
[2026-08-27 01:22:41Z INFO HostContext] Well known directory 'Root': 'D:\actions-runner'
[2026-08-27 01:22:41Z INFO HostContext] Well known directory 'Work': 'D:\actions-runner\_work'
[2026-08-27 01:22:41Z INFO HostContext] Well known directory 'Actions': 'D:\actions-runner\_work\_actions'
[2026-08-27 01:22:41Z INFO ActionManager] Load action that reference repository from 'D:\actions-runner\_work\_actions\actions\checkout\v4'
[2026-08-27 01:22:41Z INFO HostContext] Well known directory 'Bin': 'D:\actions-runner\bin'
[2026-08-27 01:22:41Z INFO HostContext] Well known directory 'Root': 'D:\actions-runner'
[2026-08-27 01:22:41Z INFO HostContext] Well known directory 'Work': 'D:\actions-runner\_work'
[2026-08-27 01:22:41Z INFO HostContext] Well known directory 'Actions': 'D:\actions-runner\_work\_actions'
[2026-08-27 01:22:41Z INFO ActionManifestManagerLegacy] Loaded action.yml file: {
  "name": "Checkout",
  "description": "Checkout a Git repository at a particular version",
  "inputs": {
    "type": 2,
    "map": [
      {
        "key": {
          "type": 0,
          "file": 2,
          "line": 4,
          "col": 3,
          "lit": "repository"
        },
        "value": {
          "type": 3,
          "file": 2,
          "line": 6,
          "col": 14,
          "expr": "github.repository"
        }
      },
      {
        "key": {
          "type": 0,
          "file": 2,
          "line": 7,
          "col": 3,
          "lit": "ref"
        },
        "value": ""
      },
      {
        "key": {
          "type": 0,
          "file": 2,
          "line": 12,
          "col": 3,
          "lit": "token"
        },
        "value": {
          "type": 3,
          "file": 2,
          "line": 24,
          "col": 14,
          "expr": "github.token"
        }
      },
      {
        "key": {
          "type": 0,
          "file": 2,
          "line": 25,
          "col": 3,
          "lit": "ssh-key"
        },
        "value": ""
      },
      {
        "key": {
          "type": 0,
          "file": 2,
          "line": 37,
          "col": 3,
          "lit": "ssh-known-hosts"
        },
        "value": ""
      },
      {
        "key": {
          "type": 0,
          "file": 2,
          "line": 42,
          "col": 3,
          "lit": "ssh-strict"
        },
        "value": {
          "type": 0,
          "file": 2,
          "line": 47,
          "col": 14,
          "lit": "true"
        }
      },
      {
        "key": {
          "type": 0,
          "file": 2,
          "line": 48,
          "col": 3,
          "lit": "ssh-user"
        },
        "value": {
          "type": 0,
          "file": 2,
          "line": 51,
          "col": 14,
          "lit": "git"
        }
      },
      {
        "key": {
          "type": 0,
          "file": 2,
          "line": 52,
          "col": 3,
          "lit": "persist-credentials"
        },
        "value": {
          "type": 0,
          "file": 2,
          "line": 54,
          "col": 14,
          "lit": "true"
        }
      },
      {
        "key": {
          "type": 0,
          "file": 2,
          "line": 55,
          "col": 3,
          "lit": "path"
        },
        "value": ""
      },
      {
        "key": {
          "type": 0,
          "file": 2,
          "line": 57,
          "col": 3,
          "lit": "clean"
        },
        "value": {
          "type": 0,
          "file": 2,
          "line": 59,
          "col": 14,
          "lit": "true"
        }
      },
      {
        "key": {
          "type": 0,
          "file": 2,
          "line": 60,
          "col": 3,
          "lit": "filter"
        },
        "value": {
          "type": 0,
          "file": 2,
          "line": 64,
          "col": 14,
          "lit": ""
        }
      },
      {
        "key": {
          "type": 0,
          "file": 2,
          "line": 65,
          "col": 3,
          "lit": "sparse-checkout"
        },
        "value": {
          "type": 0,
          "file": 2,
          "line": 69,
          "col": 14,
          "lit": ""
        }
      },
      {
        "key": {
          "type": 0,
          "file": 2,
          "line": 70,
          "col": 3,
          "lit": "sparse-checkout-cone-mode"
        },
        "value": {
          "type": 0,
          "file": 2,
          "line": 73,
          "col": 14,
          "lit": "true"
        }
      },
      {
        "key": {
          "type": 0,
          "file": 2,
          "line": 74,
          "col": 3,
          "lit": "fetch-depth"
        },
        "value": {
          "type": 0,
          "file": 2,
          "line": 76,
          "col": 14,
          "lit": "1"
        }
      },
      {
        "key": {
          "type": 0,
          "file": 2,
          "line": 77,
          "col": 3,
          "lit": "fetch-tags"
        },
        "value": {
          "type": 0,
          "file": 2,
          "line": 79,
          "col": 14,
          "lit": "false"
        }
      },
      {
        "key": {
          "type": 0,
          "file": 2,
          "line": 80,
          "col": 3,
          "lit": "show-progress"
        },
        "value": {
          "type": 0,
          "file": 2,
          "line": 82,
          "col": 14,
          "lit": "true"
        }
      },
      {
        "key": {
          "type": 0,
          "file": 2,
          "line": 83,
          "col": 3,
          "lit": "lfs"
        },
        "value": {
          "type": 0,
          "file": 2,
          "line": 85,
          "col": 14,
          "lit": "false"
        }
      },
      {
        "key": {
          "type": 0,
          "file": 2,
          "line": 86,
          "col": 3,
          "lit": "submodules"
        },
        "value": {
          "type": 0,
          "file": 2,
          "line": 94,
          "col": 14,
          "lit": "false"
        }
      },
      {
        "key": {
          "type": 0,
          "file": 2,
          "line": 95,
          "col": 3,
          "lit": "set-safe-directory"
        },
        "value": {
          "type": 0,
          "file": 2,
          "line": 97,
          "col": 14,
          "lit": "true"
        }
      },
      {
        "key": {
          "type": 0,
          "file": 2,
          "line": 98,
          "col": 3,
          "lit": "github-server-url"
        },
        "value": ""
      },
      {
        "key": {
          "type": 0,
          "file": 2,
          "line": 101,
          "col": 3,
          "lit": "allow-unsafe-pr-checkout"
        },
        "value": {
          "type": 0,
          "file": 2,
          "line": 109,
          "col": 14,
          "lit": "false"
        }
      }
    ]
  },
  "execution": {
    "executionType": "nodeJS",
    "hasPre": false,
    "hasPost": true,
    "script": "dist/index.js",
    "pre": null,
    "post": "dist/index.js",
    "nodeVersion": "node20",
    "cleanupCondition": "always()",
    "initCondition": "always()"
  },
  "deprecated": null
}
[2026-08-27 01:22:41Z INFO ActionManager] Action pre node.js file: N/A.
[2026-08-27 01:22:41Z INFO ActionManager] Action node.js file: dist/index.js.
[2026-08-27 01:22:41Z INFO ActionManager] Action post node.js file: dist/index.js.
[2026-08-27 01:22:41Z INFO ExecutionContext] Reserve record order 7 to 12 for post job actions.
[2026-08-27 01:22:41Z INFO HostContext] Well known directory 'Bin': 'D:\actions-runner\bin'
[2026-08-27 01:22:41Z INFO HostContext] Well known directory 'Root': 'D:\actions-runner'
[2026-08-27 01:22:41Z INFO HostContext] Well known directory 'Diag': 'D:\actions-runner\_diag'
[2026-08-27 01:22:41Z INFO HostContext] Well known directory 'Bin': 'D:\actions-runner\bin'
[2026-08-27 01:22:41Z INFO HostContext] Well known directory 'Root': 'D:\actions-runner'
[2026-08-27 01:22:41Z INFO HostContext] Well known directory 'Diag': 'D:\actions-runner\_diag'
[2026-08-27 01:22:41Z INFO HostContext] Well known directory 'Bin': 'D:\actions-runner\bin'
[2026-08-27 01:22:41Z INFO HostContext] Well known directory 'Root': 'D:\actions-runner'
[2026-08-27 01:22:41Z INFO HostContext] Well known directory 'Work': 'D:\actions-runner\_work'
[2026-08-27 01:22:41Z INFO HostContext] Well known directory 'Temp': 'D:\actions-runner\_work\_temp'
[2026-08-27 01:22:41Z INFO ExecutionContext] Write event payload to D:\actions-runner\_work\_temp\_github_workflow\event.json
[2026-08-27 01:22:41Z INFO HostContext] Well known directory 'Bin': 'D:\actions-runner\bin'
[2026-08-27 01:22:41Z INFO HostContext] Well known directory 'Root': 'D:\actions-runner'
[2026-08-27 01:22:41Z INFO HostContext] Well known directory 'Work': 'D:\actions-runner\_work'
[2026-08-27 01:22:41Z INFO HostContext] Well known directory 'Temp': 'D:\actions-runner\_work\_temp'
[2026-08-27 01:22:41Z INFO ExtensionManager] Getting extensions for interface: 'GitHub.Runner.Worker.IFileCommandExtension'
[2026-08-27 01:22:41Z INFO ExtensionManager] Creating instance: GitHub.Runner.Worker.AddPathFileCommand, Runner.Worker
[2026-08-27 01:22:41Z INFO ExtensionManager] Creating instance: GitHub.Runner.Worker.SetEnvFileCommand, Runner.Worker
[2026-08-27 01:22:41Z INFO ExtensionManager] Creating instance: GitHub.Runner.Worker.CreateStepSummaryCommand, Runner.Worker
[2026-08-27 01:22:41Z INFO ExtensionManager] Creating instance: GitHub.Runner.Worker.SaveStateFileCommand, Runner.Worker
[2026-08-27 01:22:41Z INFO ExtensionManager] Creating instance: GitHub.Runner.Worker.SetOutputFileCommand, Runner.Worker
[2026-08-27 01:22:41Z INFO ExtensionManager] Creating instance: GitHub.Runner.Worker.CreateArtifactsFileCommand, Runner.Worker
[2026-08-27 01:22:41Z INFO ExtensionManager] Creating instance: GitHub.Runner.Worker.ArtifactsListFileCommand, Runner.Worker
[2026-08-27 01:22:41Z INFO ActionManifestManagerLegacy] Input 'repository': default value evaluate result: {
  "type": 0,
  "file": 2,
  "line": 6,
  "col": 14,
  "lit": "ElAlecs69/SignServer"
}
[2026-08-27 01:22:41Z INFO ActionManifestManagerLegacy] Input 'ref': default value evaluate result: ""
[2026-08-27 01:22:41Z INFO ActionManifestManagerLegacy] Input 'token': default value evaluate result: {
  "type": 0,
  "file": 2,
  "line": 24,
  "col": 14,
  "lit": "***"
}
[2026-08-27 01:22:41Z INFO ActionManifestManagerLegacy] Input 'ssh-key': default value evaluate result: ""
[2026-08-27 01:22:41Z INFO ActionManifestManagerLegacy] Input 'ssh-known-hosts': default value evaluate result: ""
[2026-08-27 01:22:41Z INFO ActionManifestManagerLegacy] Input 'ssh-strict': default value evaluate result: {
  "type": 0,
  "file": 2,
  "line": 47,
  "col": 14,
  "lit": "true"
}
[2026-08-27 01:22:41Z INFO ActionManifestManagerLegacy] Input 'ssh-user': default value evaluate result: {
  "type": 0,
  "file": 2,
  "line": 51,
  "col": 14,
  "lit": "git"
}
[2026-08-27 01:22:41Z INFO ActionManifestManagerLegacy] Input 'persist-credentials': default value evaluate result: {
  "type": 0,
  "file": 2,
  "line": 54,
  "col": 14,
  "lit": "true"
}
[2026-08-27 01:22:41Z INFO ActionManifestManagerLegacy] Input 'path': default value evaluate result: ""
[2026-08-27 01:22:41Z INFO ActionManifestManagerLegacy] Input 'clean': default value evaluate result: {
  "type": 0,
  "file": 2,
  "line": 59,
  "col": 14,
  "lit": "true"
}
[2026-08-27 01:22:41Z INFO ActionManifestManagerLegacy] Input 'filter': default value evaluate result: {
  "type": 0,
  "file": 2,
  "line": 64,
  "col": 14,
  "lit": ""
}
[2026-08-27 01:22:41Z INFO ActionManifestManagerLegacy] Input 'sparse-checkout': default value evaluate result: {
  "type": 0,
  "file": 2,
  "line": 69,
  "col": 14,
  "lit": ""
}
[2026-08-27 01:22:41Z INFO ActionManifestManagerLegacy] Input 'sparse-checkout-cone-mode': default value evaluate result: {
  "type": 0,
  "file": 2,
  "line": 73,
  "col": 14,
  "lit": "true"
}
[2026-08-27 01:22:41Z INFO ActionManifestManagerLegacy] Input 'fetch-depth': default value evaluate result: {
  "type": 0,
  "file": 2,
  "line": 76,
  "col": 14,
  "lit": "1"
}
[2026-08-27 01:22:41Z INFO ActionManifestManagerLegacy] Input 'fetch-tags': default value evaluate result: {
  "type": 0,
  "file": 2,
  "line": 79,
  "col": 14,
  "lit": "false"
}
[2026-08-27 01:22:41Z INFO ActionManifestManagerLegacy] Input 'show-progress': default value evaluate result: {
  "type": 0,
  "file": 2,
  "line": 82,
  "col": 14,
  "lit": "true"
}
[2026-08-27 01:22:41Z INFO ActionManifestManagerLegacy] Input 'lfs': default value evaluate result: {
  "type": 0,
  "file": 2,
  "line": 85,
  "col": 14,
  "lit": "false"
}
[2026-08-27 01:22:41Z INFO ActionManifestManagerLegacy] Input 'submodules': default value evaluate result: {
  "type": 0,
  "file": 2,
  "line": 94,
  "col": 14,
  "lit": "false"
}
[2026-08-27 01:22:41Z INFO ActionManifestManagerLegacy] Input 'set-safe-directory': default value evaluate result: {
  "type": 0,
  "file": 2,
  "line": 97,
  "col": 14,
  "lit": "true"
}
[2026-08-27 01:22:41Z INFO ActionManifestManagerLegacy] Input 'github-server-url': default value evaluate result: ""
[2026-08-27 01:22:41Z INFO ActionManifestManagerLegacy] Input 'allow-unsafe-pr-checkout': default value evaluate result: {
  "type": 0,
  "file": 2,
  "line": 109,
  "col": 14,
  "lit": "false"
}
[2026-08-27 01:22:41Z INFO ExtensionManager] Getting extensions for interface: 'GitHub.Runner.Worker.IActionCommandExtension'
[2026-08-27 01:22:41Z INFO ExtensionManager] Creating instance: GitHub.Runner.Worker.InternalPluginSetRepoPathCommandExtension, Runner.Worker
[2026-08-27 01:22:41Z INFO ExtensionManager] Creating instance: GitHub.Runner.Worker.SetEnvCommandExtension, Runner.Worker
[2026-08-27 01:22:41Z INFO ExtensionManager] Creating instance: GitHub.Runner.Worker.SetOutputCommandExtension, Runner.Worker
[2026-08-27 01:22:41Z INFO ExtensionManager] Creating instance: GitHub.Runner.Worker.SaveStateCommandExtension, Runner.Worker
[2026-08-27 01:22:41Z INFO ExtensionManager] Creating instance: GitHub.Runner.Worker.AddPathCommandExtension, Runner.Worker
[2026-08-27 01:22:41Z INFO ExtensionManager] Creating instance: GitHub.Runner.Worker.AddMaskCommandExtension, Runner.Worker
[2026-08-27 01:22:41Z INFO ExtensionManager] Creating instance: GitHub.Runner.Worker.AddMatcherCommandExtension, Runner.Worker
[2026-08-27 01:22:41Z INFO ExtensionManager] Creating instance: GitHub.Runner.Worker.RemoveMatcherCommandExtension, Runner.Worker
[2026-08-27 01:22:41Z INFO ExtensionManager] Creating instance: GitHub.Runner.Worker.WarningCommandExtension, Runner.Worker
[2026-08-27 01:22:41Z INFO ExtensionManager] Creating instance: GitHub.Runner.Worker.ErrorCommandExtension, Runner.Worker
[2026-08-27 01:22:41Z INFO ExtensionManager] Creating instance: GitHub.Runner.Worker.NoticeCommandExtension, Runner.Worker
[2026-08-27 01:22:41Z INFO ExtensionManager] Creating instance: GitHub.Runner.Worker.DebugCommandExtension, Runner.Worker
[2026-08-27 01:22:41Z INFO ExtensionManager] Creating instance: GitHub.Runner.Worker.GroupCommandExtension, Runner.Worker
[2026-08-27 01:22:41Z INFO ExtensionManager] Creating instance: GitHub.Runner.Worker.EndGroupCommandExtension, Runner.Worker
[2026-08-27 01:22:41Z INFO ExtensionManager] Creating instance: GitHub.Runner.Worker.EchoCommandExtension, Runner.Worker
[2026-08-27 01:22:41Z INFO ActionCommandManager] Register action command extension for command internal-set-repo-path
[2026-08-27 01:22:41Z INFO ActionCommandManager] Register action command extension for command set-env
[2026-08-27 01:22:41Z INFO ActionCommandManager] Register action command extension for command set-output
[2026-08-27 01:22:41Z INFO ActionCommandManager] Register action command extension for command save-state
[2026-08-27 01:22:41Z INFO ActionCommandManager] Register action command extension for command add-path
[2026-08-27 01:22:41Z INFO ActionCommandManager] Register action command extension for command add-mask
[2026-08-27 01:22:41Z INFO ActionCommandManager] Register action command extension for command add-matcher
[2026-08-27 01:22:41Z INFO ActionCommandManager] Register action command extension for command remove-matcher
[2026-08-27 01:22:41Z INFO ActionCommandManager] Register action command extension for command warning
[2026-08-27 01:22:41Z INFO ActionCommandManager] Register action command extension for command error
[2026-08-27 01:22:41Z INFO ActionCommandManager] Register action command extension for command notice
[2026-08-27 01:22:41Z INFO ActionCommandManager] Register action command extension for command debug
[2026-08-27 01:22:41Z INFO ActionCommandManager] Register action command extension for command group
[2026-08-27 01:22:41Z INFO ActionCommandManager] Register action command extension for command endgroup
[2026-08-27 01:22:41Z INFO ActionCommandManager] Register action command extension for command echo
[2026-08-27 01:22:41Z INFO HostContext] Well known directory 'Bin': 'D:\actions-runner\bin'
[2026-08-27 01:22:41Z INFO HostContext] Well known directory 'Root': 'D:\actions-runner'
[2026-08-27 01:22:41Z INFO HostContext] Well known directory 'Externals': 'D:\actions-runner\externals'
[2026-08-27 01:22:41Z INFO ProcessInvokerWrapper] Starting process:
[2026-08-27 01:22:41Z INFO ProcessInvokerWrapper]   File name: 'D:\actions-runner\externals\node24\bin\node.exe'
[2026-08-27 01:22:41Z INFO ProcessInvokerWrapper]   Arguments: '"D:\actions-runner\_work\_actions\actions\checkout\v4\dist/index.js"'
[2026-08-27 01:22:41Z INFO ProcessInvokerWrapper]   Working directory: 'D:\actions-runner\_work\SignServer\SignServer'
[2026-08-27 01:22:41Z INFO ProcessInvokerWrapper]   Require exit code zero: 'False'
[2026-08-27 01:22:41Z INFO ProcessInvokerWrapper]   Encoding web name: utf-8 ; code page: '65001'
[2026-08-27 01:22:41Z INFO ProcessInvokerWrapper]   Force kill process on cancellation: 'False'
[2026-08-27 01:22:41Z INFO ProcessInvokerWrapper]   Redirected STDIN: 'False'
[2026-08-27 01:22:41Z INFO ProcessInvokerWrapper]   Persist current code page: 'True'
[2026-08-27 01:22:41Z INFO ProcessInvokerWrapper]   Keep redirected STDIN open: 'False'
[2026-08-27 01:22:41Z INFO ProcessInvokerWrapper]   High priority process: 'False'
[2026-08-27 01:22:41Z INFO ProcessInvokerWrapper] Process started with process id 7464, waiting for process exit.
[2026-08-27 01:22:41Z INFO JobServerQueue] Try to append 1 batches web console lines for record '92287325-9fa7-4cc7-8b89-33784c0594e3', success rate: 1/1.
[2026-08-27 01:22:41Z INFO AddMaskCommandExtension] Add new secret mask with length of 524
[2026-08-27 01:22:41Z INFO JobServerQueue] Try to append 1 batches web console lines for record '92287325-9fa7-4cc7-8b89-33784c0594e3', success rate: 1/1.
[2026-08-27 01:22:41Z INFO JobServerQueue] Try to append 1 batches web console lines for record '92287325-9fa7-4cc7-8b89-33784c0594e3', success rate: 1/1.
[2026-08-27 01:22:41Z INFO JobServerQueue] Got a step log file to send to results service.
[2026-08-27 01:22:41Z INFO JobServerQueue] Starting upload of step log file to results service ResultsLog, D:\actions-runner\_diag\blocks\1e6e2f9c-f40c-4701-ab89-ffaa8a4e172d_bd4a8dfa-8bff-465d-8dc4-8b2a6a5549d1.1
[2026-08-27 01:22:41Z INFO JobServerQueue] Try to upload 1 log files or attachments, success rate: 1/1.
[2026-08-27 01:22:42Z INFO JobServerQueue] Tried to upload 1 file(s) to results, success rate: 1/1.
[2026-08-27 01:22:42Z INFO JobServerQueue] Try to append 1 batches web console lines for record '92287325-9fa7-4cc7-8b89-33784c0594e3', success rate: 1/1.
[2026-08-27 01:22:43Z INFO JobServerQueue] Try to append 1 batches web console lines for record '92287325-9fa7-4cc7-8b89-33784c0594e3', success rate: 1/1.
[2026-08-27 01:22:44Z INFO JobServerQueue] Try to append 1 batches web console lines for record '92287325-9fa7-4cc7-8b89-33784c0594e3', success rate: 1/1.
[2026-08-27 01:22:44Z INFO JobServerQueue] Try to append 1 batches web console lines for record '92287325-9fa7-4cc7-8b89-33784c0594e3', success rate: 1/1.
[2026-08-27 01:22:45Z INFO JobServerQueue] Try to append 1 batches web console lines for record '92287325-9fa7-4cc7-8b89-33784c0594e3', success rate: 1/1.
[2026-08-27 01:22:46Z INFO JobServerQueue] Try to append 1 batches web console lines for record '92287325-9fa7-4cc7-8b89-33784c0594e3', success rate: 1/1.
[2026-08-27 01:22:46Z INFO JobServerQueue] Try to append 1 batches web console lines for record '92287325-9fa7-4cc7-8b89-33784c0594e3', success rate: 1/1.
[2026-08-27 01:22:46Z INFO JobServerQueue] Try to append 1 batches web console lines for record '92287325-9fa7-4cc7-8b89-33784c0594e3', success rate: 1/1.
[2026-08-27 01:22:47Z INFO ProcessInvokerWrapper] STDOUT/STDERR stream read finished.
[2026-08-27 01:22:47Z INFO ProcessInvokerWrapper] STDOUT/STDERR stream read finished.
[2026-08-27 01:22:47Z INFO ProcessInvokerWrapper] Finished process 7464 with exit code 0, and elapsed time 00:00:05.8558304.
[2026-08-27 01:22:47Z INFO CreateStepSummaryCommand] Step Summary file (D:\actions-runner\_work\_temp\_runner_file_commands\step_summary_b29df189-71e1-4398-b721-1a6173970496) is empty; skipping attachment upload
[2026-08-27 01:22:47Z INFO StepsRunner] Step result: 
[2026-08-27 01:22:47Z INFO ExecutionContext] Publish step telemetry for current step {
  "action": "actions/checkout",
  "ref": "v4",
  "type": "node24",
  "stage": "Main",
  "stepId": "92287325-9fa7-4cc7-8b89-33784c0594e3",
  "stepContextName": "__actions_checkout",
  "hasPreStep": false,
  "hasPostStep": true,
  "result": "succeeded",
  "errorMessages": [],
  "executionTimeInSeconds": 6,
  "startTime": "2026-08-27T01:22:41.1154613Z",
  "finishTime": "2026-08-27T01:22:47.0624325Z"
}.
[2026-08-27 01:22:47Z INFO StepsRunner] No need for updating job result with current step result 'Succeeded'.
[2026-08-27 01:22:47Z INFO StepsRunner] Current state: job state = ''
[2026-08-27 01:22:47Z INFO StepsRunner] Processing step: DisplayName='Instalar Node.js'
[2026-08-27 01:22:47Z INFO StepsRunner] Evaluating: success()
[2026-08-27 01:22:47Z INFO StepsRunner] Result: true
[2026-08-27 01:22:47Z INFO StepsRunner] Starting the step.
[2026-08-27 01:22:47Z INFO HostContext] Well known directory 'Bin': 'D:\actions-runner\bin'
[2026-08-27 01:22:47Z INFO HostContext] Well known directory 'Root': 'D:\actions-runner'
[2026-08-27 01:22:47Z INFO HostContext] Well known directory 'Work': 'D:\actions-runner\_work'
[2026-08-27 01:22:47Z INFO StepsRunner] Which2: 'chcp'
[2026-08-27 01:22:47Z INFO StepsRunner] Location: 'C:\WINDOWS\system32\chcp.COM'
[2026-08-27 01:22:47Z INFO ProcessInvokerWrapper] Starting process:
[2026-08-27 01:22:47Z INFO ProcessInvokerWrapper]   File name: 'C:\WINDOWS\system32\chcp.COM'
[2026-08-27 01:22:47Z INFO ProcessInvokerWrapper]   Arguments: '65001'
[2026-08-27 01:22:47Z INFO ProcessInvokerWrapper]   Working directory: 'D:\actions-runner\_work'
[2026-08-27 01:22:47Z INFO ProcessInvokerWrapper]   Require exit code zero: 'False'
[2026-08-27 01:22:47Z INFO ProcessInvokerWrapper]   Encoding web name:  ; code page: ''
[2026-08-27 01:22:47Z INFO ProcessInvokerWrapper]   Force kill process on cancellation: 'False'
[2026-08-27 01:22:47Z INFO ProcessInvokerWrapper]   Redirected STDIN: 'False'
[2026-08-27 01:22:47Z INFO ProcessInvokerWrapper]   Persist current code page: 'True'
[2026-08-27 01:22:47Z INFO ProcessInvokerWrapper]   Keep redirected STDIN open: 'False'
[2026-08-27 01:22:47Z INFO ProcessInvokerWrapper]   High priority process: 'False'
[2026-08-27 01:22:47Z INFO ProcessInvokerWrapper] Process started with process id 13864, waiting for process exit.
[2026-08-27 01:22:47Z INFO JobServerQueue] Try to append 1 batches web console lines for record '92287325-9fa7-4cc7-8b89-33784c0594e3', success rate: 1/1.
[2026-08-27 01:22:47Z INFO ProcessInvokerWrapper] STDOUT/STDERR stream read finished.
[2026-08-27 01:22:47Z INFO ProcessInvokerWrapper] STDOUT/STDERR stream read finished.
[2026-08-27 01:22:47Z INFO ProcessInvokerWrapper] Finished process 13864 with exit code 0, and elapsed time 00:00:00.0091007.
[2026-08-27 01:22:47Z INFO StepsRunner] Successfully returned to code page 65001 (UTF8)
[2026-08-27 01:22:47Z INFO HostContext] Well known directory 'Bin': 'D:\actions-runner\bin'
[2026-08-27 01:22:47Z INFO HostContext] Well known directory 'Root': 'D:\actions-runner'
[2026-08-27 01:22:47Z INFO HostContext] Well known directory 'Work': 'D:\actions-runner\_work'
[2026-08-27 01:22:47Z INFO HostContext] Well known directory 'Actions': 'D:\actions-runner\_work\_actions'
[2026-08-27 01:22:47Z INFO ActionManager] Load action that reference repository from 'D:\actions-runner\_work\_actions\actions\setup-node\v4'
[2026-08-27 01:22:47Z INFO HostContext] Well known directory 'Bin': 'D:\actions-runner\bin'
[2026-08-27 01:22:47Z INFO HostContext] Well known directory 'Root': 'D:\actions-runner'
[2026-08-27 01:22:47Z INFO HostContext] Well known directory 'Work': 'D:\actions-runner\_work'
[2026-08-27 01:22:47Z INFO HostContext] Well known directory 'Actions': 'D:\actions-runner\_work\_actions'
[2026-08-27 01:22:47Z INFO ActionManifestManagerLegacy] Ignore action property author.
[2026-08-27 01:22:47Z INFO ActionManifestManagerLegacy] Loaded action.yml file: {
  "name": "Setup Node.js environment",
  "description": "Setup a Node.js environment by adding problem matchers and optionally downloading and adding it to the PATH.",
  "inputs": {
    "type": 2,
    "map": [
      {
        "key": {
          "type": 0,
          "file": 3,
          "line": 5,
          "col": 3,
          "lit": "always-auth"
        },
        "value": {
          "type": 0,
          "file": 3,
          "line": 7,
          "col": 14,
          "lit": "false"
        }
      },
      {
        "key": {
          "type": 0,
          "file": 3,
          "line": 8,
          "col": 3,
          "lit": "node-version"
        },
        "value": ""
      },
      {
        "key": {
          "type": 0,
          "file": 3,
          "line": 10,
          "col": 3,
          "lit": "node-version-file"
        },
        "value": ""
      },
      {
        "key": {
          "type": 0,
          "file": 3,
          "line": 12,
          "col": 3,
          "lit": "architecture"
        },
        "value": ""
      },
      {
        "key": {
          "type": 0,
          "file": 3,
          "line": 14,
          "col": 3,
          "lit": "check-latest"
        },
        "value": {
          "type": 0,
          "file": 3,
          "line": 16,
          "col": 14,
          "lit": "false"
        }
      },
      {
        "key": {
          "type": 0,
          "file": 3,
          "line": 17,
          "col": 3,
          "lit": "registry-url"
        },
        "value": ""
      },
      {
        "key": {
          "type": 0,
          "file": 3,
          "line": 19,
          "col": 3,
          "lit": "scope"
        },
        "value": ""
      },
      {
        "key": {
          "type": 0,
          "file": 3,
          "line": 21,
          "col": 3,
          "lit": "token"
        },
        "value": {
          "type": 3,
          "file": 3,
          "line": 23,
          "col": 14,
          "expr": "github.server_url == 'https://github.com' && github.token || ''"
        }
      },
      {
        "key": {
          "type": 0,
          "file": 3,
          "line": 24,
          "col": 3,
          "lit": "cache"
        },
        "value": ""
      },
      {
        "key": {
          "type": 0,
          "file": 3,
          "line": 26,
          "col": 3,
          "lit": "cache-dependency-path"
        },
        "value": ""
      },
      {
        "key": {
          "type": 0,
          "file": 3,
          "line": 28,
          "col": 3,
          "lit": "mirror"
        },
        "value": ""
      },
      {
        "key": {
          "type": 0,
          "file": 3,
          "line": 30,
          "col": 3,
          "lit": "mirror-token"
        },
        "value": ""
      }
    ]
  },
  "execution": {
    "executionType": "nodeJS",
    "hasPre": false,
    "hasPost": true,
    "script": "dist/setup/index.js",
    "pre": null,
    "post": "dist/cache-save/index.js",
    "nodeVersion": "node20",
    "cleanupCondition": "success()",
    "initCondition": "always()"
  },
  "deprecated": null
}
[2026-08-27 01:22:47Z INFO ActionManager] Action pre node.js file: N/A.
[2026-08-27 01:22:47Z INFO ActionManager] Action node.js file: dist/setup/index.js.
[2026-08-27 01:22:47Z INFO ActionManager] Action post node.js file: dist/cache-save/index.js.
[2026-08-27 01:22:47Z INFO HostContext] Well known directory 'Bin': 'D:\actions-runner\bin'
[2026-08-27 01:22:47Z INFO HostContext] Well known directory 'Root': 'D:\actions-runner'
[2026-08-27 01:22:47Z INFO HostContext] Well known directory 'Diag': 'D:\actions-runner\_diag'
[2026-08-27 01:22:47Z INFO HostContext] Well known directory 'Bin': 'D:\actions-runner\bin'
[2026-08-27 01:22:47Z INFO HostContext] Well known directory 'Root': 'D:\actions-runner'
[2026-08-27 01:22:47Z INFO HostContext] Well known directory 'Diag': 'D:\actions-runner\_diag'
[2026-08-27 01:22:47Z INFO HostContext] Well known directory 'Bin': 'D:\actions-runner\bin'
[2026-08-27 01:22:47Z INFO HostContext] Well known directory 'Root': 'D:\actions-runner'
[2026-08-27 01:22:47Z INFO HostContext] Well known directory 'Work': 'D:\actions-runner\_work'
[2026-08-27 01:22:47Z INFO HostContext] Well known directory 'Temp': 'D:\actions-runner\_work\_temp'
[2026-08-27 01:22:47Z INFO ExecutionContext] Write event payload to D:\actions-runner\_work\_temp\_github_workflow\event.json
[2026-08-27 01:22:47Z INFO HostContext] Well known directory 'Bin': 'D:\actions-runner\bin'
[2026-08-27 01:22:47Z INFO HostContext] Well known directory 'Root': 'D:\actions-runner'
[2026-08-27 01:22:47Z INFO HostContext] Well known directory 'Work': 'D:\actions-runner\_work'
[2026-08-27 01:22:47Z INFO HostContext] Well known directory 'Temp': 'D:\actions-runner\_work\_temp'
[2026-08-27 01:22:47Z INFO ExtensionManager] Getting extensions for interface: 'GitHub.Runner.Worker.IFileCommandExtension'
[2026-08-27 01:22:47Z INFO ActionManifestManagerLegacy] Input 'always-auth': default value evaluate result: {
  "type": 0,
  "file": 3,
  "line": 7,
  "col": 14,
  "lit": "false"
}
[2026-08-27 01:22:47Z INFO ActionManifestManagerLegacy] Input 'node-version-file': default value evaluate result: ""
[2026-08-27 01:22:47Z INFO ActionManifestManagerLegacy] Input 'architecture': default value evaluate result: ""
[2026-08-27 01:22:47Z INFO ActionManifestManagerLegacy] Input 'check-latest': default value evaluate result: {
  "type": 0,
  "file": 3,
  "line": 16,
  "col": 14,
  "lit": "false"
}
[2026-08-27 01:22:47Z INFO ActionManifestManagerLegacy] Input 'registry-url': default value evaluate result: ""
[2026-08-27 01:22:47Z INFO ActionManifestManagerLegacy] Input 'scope': default value evaluate result: ""
[2026-08-27 01:22:47Z INFO ActionManifestManagerLegacy] Input 'token': default value evaluate result: {
  "type": 0,
  "file": 3,
  "line": 23,
  "col": 14,
  "lit": "***"
}
[2026-08-27 01:22:47Z INFO ActionManifestManagerLegacy] Input 'mirror': default value evaluate result: ""
[2026-08-27 01:22:47Z INFO ActionManifestManagerLegacy] Input 'mirror-token': default value evaluate result: ""
[2026-08-27 01:22:47Z INFO ExtensionManager] Getting extensions for interface: 'GitHub.Runner.Worker.IActionCommandExtension'
[2026-08-27 01:22:47Z INFO ActionCommandManager] Register action command extension for command internal-set-repo-path
[2026-08-27 01:22:47Z INFO ActionCommandManager] Register action command extension for command set-env
[2026-08-27 01:22:47Z INFO ActionCommandManager] Register action command extension for command set-output
[2026-08-27 01:22:47Z INFO ActionCommandManager] Register action command extension for command save-state
[2026-08-27 01:22:47Z INFO ActionCommandManager] Register action command extension for command add-path
[2026-08-27 01:22:47Z INFO ActionCommandManager] Register action command extension for command add-mask
[2026-08-27 01:22:47Z INFO ActionCommandManager] Register action command extension for command add-matcher
[2026-08-27 01:22:47Z INFO ActionCommandManager] Register action command extension for command remove-matcher
[2026-08-27 01:22:47Z INFO ActionCommandManager] Register action command extension for command warning
[2026-08-27 01:22:47Z INFO ActionCommandManager] Register action command extension for command error
[2026-08-27 01:22:47Z INFO ActionCommandManager] Register action command extension for command notice
[2026-08-27 01:22:47Z INFO ActionCommandManager] Register action command extension for command debug
[2026-08-27 01:22:47Z INFO ActionCommandManager] Register action command extension for command group
[2026-08-27 01:22:47Z INFO ActionCommandManager] Register action command extension for command endgroup
[2026-08-27 01:22:47Z INFO ActionCommandManager] Register action command extension for command echo
[2026-08-27 01:22:47Z INFO HostContext] Well known directory 'Bin': 'D:\actions-runner\bin'
[2026-08-27 01:22:47Z INFO HostContext] Well known directory 'Root': 'D:\actions-runner'
[2026-08-27 01:22:47Z INFO HostContext] Well known directory 'Externals': 'D:\actions-runner\externals'
[2026-08-27 01:22:47Z INFO ProcessInvokerWrapper] Starting process:
[2026-08-27 01:22:47Z INFO ProcessInvokerWrapper]   File name: 'D:\actions-runner\externals\node24\bin\node.exe'
[2026-08-27 01:22:47Z INFO ProcessInvokerWrapper]   Arguments: '"D:\actions-runner\_work\_actions\actions\setup-node\v4\dist/setup/index.js"'
[2026-08-27 01:22:47Z INFO ProcessInvokerWrapper]   Working directory: 'D:\actions-runner\_work\SignServer\SignServer'
[2026-08-27 01:22:47Z INFO ProcessInvokerWrapper]   Require exit code zero: 'False'
[2026-08-27 01:22:47Z INFO ProcessInvokerWrapper]   Encoding web name: utf-8 ; code page: '65001'
[2026-08-27 01:22:47Z INFO ProcessInvokerWrapper]   Force kill process on cancellation: 'False'
[2026-08-27 01:22:47Z INFO ProcessInvokerWrapper]   Redirected STDIN: 'False'
[2026-08-27 01:22:47Z INFO ProcessInvokerWrapper]   Persist current code page: 'True'
[2026-08-27 01:22:47Z INFO ProcessInvokerWrapper]   Keep redirected STDIN open: 'False'
[2026-08-27 01:22:47Z INFO ProcessInvokerWrapper]   High priority process: 'False'
[2026-08-27 01:22:47Z INFO ProcessInvokerWrapper] Process started with process id 19612, waiting for process exit.
[2026-08-27 01:22:47Z INFO JobServerQueue] Try to append 1 batches web console lines for record '6680647e-8a1d-4023-a227-ac4a4ecd99b8', success rate: 1/1.
[2026-08-27 01:22:47Z INFO JobServerQueue] Got a step log file to send to results service.
[2026-08-27 01:22:47Z INFO JobServerQueue] Starting upload of step log file to results service ResultsLog, D:\actions-runner\_diag\blocks\1e6e2f9c-f40c-4701-ab89-ffaa8a4e172d_92287325-9fa7-4cc7-8b89-33784c0594e3.1
[2026-08-27 01:22:47Z INFO JobServerQueue] Try to append 1 batches web console lines for record '6680647e-8a1d-4023-a227-ac4a4ecd99b8', success rate: 1/1.
[2026-08-27 01:22:47Z INFO JobServerQueue] Tried to upload 1 file(s) to results, success rate: 1/1.
[2026-08-27 01:22:47Z INFO JobServerQueue] Try to upload 1 log files or attachments, success rate: 1/1.
[2026-08-27 01:22:48Z INFO JobServerQueue] Try to append 1 batches web console lines for record '6680647e-8a1d-4023-a227-ac4a4ecd99b8', success rate: 1/1.
[2026-08-27 01:22:48Z INFO JobServerQueue] Try to append 1 batches web console lines for record '6680647e-8a1d-4023-a227-ac4a4ecd99b8', success rate: 1/1.
[2026-08-27 01:22:48Z INFO ProcessInvokerWrapper] STDOUT/STDERR stream read finished.
[2026-08-27 01:22:48Z INFO ProcessInvokerWrapper] STDOUT/STDERR stream read finished.
[2026-08-27 01:22:48Z INFO ProcessInvokerWrapper] Finished process 19612 with exit code 0, and elapsed time 00:00:01.7987441.
[2026-08-27 01:22:48Z INFO CreateStepSummaryCommand] Step Summary file (D:\actions-runner\_work\_temp\_runner_file_commands\step_summary_c59562c4-2265-4aec-a286-f1fa2f15c3f4) is empty; skipping attachment upload
[2026-08-27 01:22:48Z INFO StepsRunner] Step result: 
[2026-08-27 01:22:48Z INFO ExecutionContext] Publish step telemetry for current step {
  "action": "actions/setup-node",
  "ref": "v4",
  "type": "node24",
  "stage": "Main",
  "stepId": "6680647e-8a1d-4023-a227-ac4a4ecd99b8",
  "stepContextName": "__actions_setup-node",
  "hasPreStep": false,
  "hasPostStep": true,
  "result": "succeeded",
  "errorMessages": [],
  "executionTimeInSeconds": 2,
  "startTime": "2026-08-27T01:22:47.0635756Z",
  "finishTime": "2026-08-27T01:22:48.890606Z"
}.
[2026-08-27 01:22:48Z INFO StepsRunner] No need for updating job result with current step result 'Succeeded'.
[2026-08-27 01:22:48Z INFO StepsRunner] Current state: job state = ''
[2026-08-27 01:22:48Z INFO StepsRunner] Processing step: DisplayName='Instalar dependencias'
[2026-08-27 01:22:48Z INFO StepsRunner] Evaluating: success()
[2026-08-27 01:22:48Z INFO StepsRunner] Result: true
[2026-08-27 01:22:48Z INFO StepsRunner] Starting the step.
[2026-08-27 01:22:48Z INFO HostContext] Well known directory 'Bin': 'D:\actions-runner\bin'
[2026-08-27 01:22:48Z INFO HostContext] Well known directory 'Root': 'D:\actions-runner'
[2026-08-27 01:22:48Z INFO HostContext] Well known directory 'Work': 'D:\actions-runner\_work'
[2026-08-27 01:22:48Z INFO StepsRunner] Which2: 'chcp'
[2026-08-27 01:22:48Z INFO StepsRunner] Location: 'C:\WINDOWS\system32\chcp.COM'
[2026-08-27 01:22:48Z INFO ProcessInvokerWrapper] Starting process:
[2026-08-27 01:22:48Z INFO ProcessInvokerWrapper]   File name: 'C:\WINDOWS\system32\chcp.COM'
[2026-08-27 01:22:48Z INFO ProcessInvokerWrapper]   Arguments: '65001'
[2026-08-27 01:22:48Z INFO ProcessInvokerWrapper]   Working directory: 'D:\actions-runner\_work'
[2026-08-27 01:22:48Z INFO ProcessInvokerWrapper]   Require exit code zero: 'False'
[2026-08-27 01:22:48Z INFO ProcessInvokerWrapper]   Encoding web name:  ; code page: ''
[2026-08-27 01:22:48Z INFO ProcessInvokerWrapper]   Force kill process on cancellation: 'False'
[2026-08-27 01:22:48Z INFO ProcessInvokerWrapper]   Redirected STDIN: 'False'
[2026-08-27 01:22:48Z INFO ProcessInvokerWrapper]   Persist current code page: 'True'
[2026-08-27 01:22:48Z INFO ProcessInvokerWrapper]   Keep redirected STDIN open: 'False'
[2026-08-27 01:22:48Z INFO ProcessInvokerWrapper]   High priority process: 'False'
[2026-08-27 01:22:48Z INFO ProcessInvokerWrapper] Process started with process id 16928, waiting for process exit.
[2026-08-27 01:22:48Z INFO ProcessInvokerWrapper] STDOUT/STDERR stream read finished.
[2026-08-27 01:22:48Z INFO ProcessInvokerWrapper] STDOUT/STDERR stream read finished.
[2026-08-27 01:22:48Z INFO ProcessInvokerWrapper] Finished process 16928 with exit code 0, and elapsed time 00:00:00.0081822.
[2026-08-27 01:22:48Z INFO StepsRunner] Successfully returned to code page 65001 (UTF8)
[2026-08-27 01:22:48Z INFO HostContext] Well known directory 'Bin': 'D:\actions-runner\bin'
[2026-08-27 01:22:48Z INFO HostContext] Well known directory 'Root': 'D:\actions-runner'
[2026-08-27 01:22:48Z INFO HostContext] Well known directory 'Work': 'D:\actions-runner\_work'
[2026-08-27 01:22:48Z INFO HostContext] Well known directory 'Temp': 'D:\actions-runner\_work\_temp'
[2026-08-27 01:22:48Z INFO ExecutionContext] Write event payload to D:\actions-runner\_work\_temp\_github_workflow\event.json
[2026-08-27 01:22:48Z INFO HostContext] Well known directory 'Bin': 'D:\actions-runner\bin'
[2026-08-27 01:22:48Z INFO HostContext] Well known directory 'Root': 'D:\actions-runner'
[2026-08-27 01:22:48Z INFO HostContext] Well known directory 'Work': 'D:\actions-runner\_work'
[2026-08-27 01:22:48Z INFO HostContext] Well known directory 'Temp': 'D:\actions-runner\_work\_temp'
[2026-08-27 01:22:48Z INFO ExtensionManager] Getting extensions for interface: 'GitHub.Runner.Worker.IFileCommandExtension'
[2026-08-27 01:22:48Z INFO ExtensionManager] Getting extensions for interface: 'GitHub.Runner.Worker.IActionCommandExtension'
[2026-08-27 01:22:48Z INFO ActionCommandManager] Register action command extension for command internal-set-repo-path
[2026-08-27 01:22:48Z INFO ActionCommandManager] Register action command extension for command set-env
[2026-08-27 01:22:48Z INFO ActionCommandManager] Register action command extension for command set-output
[2026-08-27 01:22:48Z INFO ActionCommandManager] Register action command extension for command save-state
[2026-08-27 01:22:48Z INFO ActionCommandManager] Register action command extension for command add-path
[2026-08-27 01:22:48Z INFO ActionCommandManager] Register action command extension for command add-mask
[2026-08-27 01:22:48Z INFO ActionCommandManager] Register action command extension for command add-matcher
[2026-08-27 01:22:48Z INFO ActionCommandManager] Register action command extension for command remove-matcher
[2026-08-27 01:22:48Z INFO ActionCommandManager] Register action command extension for command warning
[2026-08-27 01:22:48Z INFO ActionCommandManager] Register action command extension for command error
[2026-08-27 01:22:48Z INFO ActionCommandManager] Register action command extension for command notice
[2026-08-27 01:22:48Z INFO ActionCommandManager] Register action command extension for command debug
[2026-08-27 01:22:48Z INFO ActionCommandManager] Register action command extension for command group
[2026-08-27 01:22:48Z INFO ActionCommandManager] Register action command extension for command endgroup
[2026-08-27 01:22:48Z INFO ActionCommandManager] Register action command extension for command echo
[2026-08-27 01:22:48Z INFO ScriptHandler] Which2: 'pwsh'
[2026-08-27 01:22:48Z INFO ScriptHandler] pwsh: command not found. Make sure 'pwsh' is installed and its location included in the 'Path' environment variable.
[2026-08-27 01:22:48Z INFO ScriptHandler] Defaulting to powershell
[2026-08-27 01:22:48Z INFO ScriptHandler] Which2: 'powershell'
[2026-08-27 01:22:48Z INFO ScriptHandler] Location: 'C:\WINDOWS\System32\WindowsPowerShell\v1.0\powershell.EXE'
[2026-08-27 01:22:48Z INFO HostContext] Well known directory 'Bin': 'D:\actions-runner\bin'
[2026-08-27 01:22:48Z INFO HostContext] Well known directory 'Root': 'D:\actions-runner'
[2026-08-27 01:22:48Z INFO HostContext] Well known directory 'Work': 'D:\actions-runner\_work'
[2026-08-27 01:22:48Z INFO HostContext] Well known directory 'Temp': 'D:\actions-runner\_work\_temp'
[2026-08-27 01:22:48Z INFO ScriptHandler] Which2: 'pwsh'
[2026-08-27 01:22:48Z INFO ScriptHandler] pwsh: command not found. Make sure 'pwsh' is installed and its location included in the 'Path' environment variable.
[2026-08-27 01:22:48Z INFO ScriptHandler] Defaulting to powershell
[2026-08-27 01:22:48Z INFO ScriptHandler] Which2: 'powershell'
[2026-08-27 01:22:48Z INFO ScriptHandler] Location: 'C:\WINDOWS\System32\WindowsPowerShell\v1.0\powershell.EXE'
[2026-08-27 01:22:48Z INFO ProcessInvokerWrapper] Starting process:
[2026-08-27 01:22:48Z INFO ProcessInvokerWrapper]   File name: 'C:\WINDOWS\System32\WindowsPowerShell\v1.0\powershell.EXE'
[2026-08-27 01:22:48Z INFO ProcessInvokerWrapper]   Arguments: '-command ". 'D:\actions-runner\_work\_temp\0286b751-98fe-44ad-bbe2-9b86f7fb14db.ps1'"'
[2026-08-27 01:22:48Z INFO ProcessInvokerWrapper]   Working directory: 'D:\actions-runner\_work\SignServer\SignServer\signserver-web'
[2026-08-27 01:22:48Z INFO ProcessInvokerWrapper]   Require exit code zero: 'False'
[2026-08-27 01:22:48Z INFO ProcessInvokerWrapper]   Encoding web name:  ; code page: ''
[2026-08-27 01:22:48Z INFO ProcessInvokerWrapper]   Force kill process on cancellation: 'False'
[2026-08-27 01:22:48Z INFO ProcessInvokerWrapper]   Redirected STDIN: 'False'
[2026-08-27 01:22:48Z INFO ProcessInvokerWrapper]   Persist current code page: 'True'
[2026-08-27 01:22:48Z INFO ProcessInvokerWrapper]   Keep redirected STDIN open: 'False'
[2026-08-27 01:22:48Z INFO ProcessInvokerWrapper]   High priority process: 'False'
[2026-08-27 01:22:48Z INFO ProcessInvokerWrapper] Process started with process id 9848, waiting for process exit.
[2026-08-27 01:22:48Z INFO JobServerQueue] Got a step log file to send to results service.
[2026-08-27 01:22:48Z INFO JobServerQueue] Starting upload of step log file to results service ResultsLog, D:\actions-runner\_diag\blocks\1e6e2f9c-f40c-4701-ab89-ffaa8a4e172d_6680647e-8a1d-4023-a227-ac4a4ecd99b8.1
[2026-08-27 01:22:49Z INFO JobServerQueue] Try to upload 1 log files or attachments, success rate: 1/1.
[2026-08-27 01:22:49Z INFO JobServerQueue] Try to append 1 batches web console lines for record '6680647e-8a1d-4023-a227-ac4a4ecd99b8', success rate: 1/1.
[2026-08-27 01:22:49Z INFO JobServerQueue] Try to append 1 batches web console lines for record '7eb344b5-2d9f-4abc-ae60-786c67109f38', success rate: 1/1.
[2026-08-27 01:22:49Z INFO JobServerQueue] Tried to upload 1 file(s) to results, success rate: 1/1.
[2026-08-27 01:22:51Z INFO HostContext] Well known directory 'Bin': 'D:\actions-runner\bin'
[2026-08-27 01:22:51Z INFO HostContext] Well known directory 'Root': 'D:\actions-runner'
[2026-08-27 01:22:51Z INFO HostContext] Well known directory 'Work': 'D:\actions-runner\_work'
[2026-08-27 01:22:58Z INFO JobServerQueue] Try to append 1 batches web console lines for record '7eb344b5-2d9f-4abc-ae60-786c67109f38', success rate: 1/1.
[2026-08-27 01:22:58Z INFO ProcessInvokerWrapper] STDOUT/STDERR stream read finished.
[2026-08-27 01:22:58Z INFO ProcessInvokerWrapper] STDOUT/STDERR stream read finished.
[2026-08-27 01:22:58Z INFO ProcessInvokerWrapper] Finished process 9848 with exit code 0, and elapsed time 00:00:09.7998740.
[2026-08-27 01:22:58Z INFO CreateStepSummaryCommand] Step Summary file (D:\actions-runner\_work\_temp\_runner_file_commands\step_summary_58de985e-91ac-413b-b9be-e5a4ce9ea698) is empty; skipping attachment upload
[2026-08-27 01:22:58Z INFO StepsRunner] Step result: 
[2026-08-27 01:22:58Z INFO ExecutionContext] Publish step telemetry for current step {
  "action": "powershell",
  "type": "run",
  "stage": "Main",
  "stepId": "7eb344b5-2d9f-4abc-ae60-786c67109f38",
  "stepContextName": "__run",
  "result": "succeeded",
  "errorMessages": [],
  "executionTimeInSeconds": 10,
  "startTime": "2026-08-27T01:22:48.8914094Z",
  "finishTime": "2026-08-27T01:22:58.7700731Z"
}.
[2026-08-27 01:22:58Z INFO StepsRunner] No need for updating job result with current step result 'Succeeded'.
[2026-08-27 01:22:58Z INFO StepsRunner] Current state: job state = ''
[2026-08-27 01:22:58Z INFO StepsRunner] Processing step: DisplayName='Compilar (build de producción)'
[2026-08-27 01:22:58Z INFO StepsRunner] Evaluating: success()
[2026-08-27 01:22:58Z INFO StepsRunner] Result: true
[2026-08-27 01:22:58Z INFO StepsRunner] Starting the step.
[2026-08-27 01:22:58Z INFO HostContext] Well known directory 'Bin': 'D:\actions-runner\bin'
[2026-08-27 01:22:58Z INFO HostContext] Well known directory 'Root': 'D:\actions-runner'
[2026-08-27 01:22:58Z INFO HostContext] Well known directory 'Work': 'D:\actions-runner\_work'
[2026-08-27 01:22:58Z INFO StepsRunner] Which2: 'chcp'
[2026-08-27 01:22:58Z INFO StepsRunner] Location: 'C:\WINDOWS\system32\chcp.COM'
[2026-08-27 01:22:58Z INFO ProcessInvokerWrapper] Starting process:
[2026-08-27 01:22:58Z INFO ProcessInvokerWrapper]   File name: 'C:\WINDOWS\system32\chcp.COM'
[2026-08-27 01:22:58Z INFO ProcessInvokerWrapper]   Arguments: '65001'
[2026-08-27 01:22:58Z INFO ProcessInvokerWrapper]   Working directory: 'D:\actions-runner\_work'
[2026-08-27 01:22:58Z INFO ProcessInvokerWrapper]   Require exit code zero: 'False'
[2026-08-27 01:22:58Z INFO ProcessInvokerWrapper]   Encoding web name:  ; code page: ''
[2026-08-27 01:22:58Z INFO ProcessInvokerWrapper]   Force kill process on cancellation: 'False'
[2026-08-27 01:22:58Z INFO ProcessInvokerWrapper]   Redirected STDIN: 'False'
[2026-08-27 01:22:58Z INFO ProcessInvokerWrapper]   Persist current code page: 'True'
[2026-08-27 01:22:58Z INFO ProcessInvokerWrapper]   Keep redirected STDIN open: 'False'
[2026-08-27 01:22:58Z INFO ProcessInvokerWrapper]   High priority process: 'False'
[2026-08-27 01:22:58Z INFO ProcessInvokerWrapper] Process started with process id 9384, waiting for process exit.
[2026-08-27 01:22:58Z INFO ProcessInvokerWrapper] STDOUT/STDERR stream read finished.
[2026-08-27 01:22:58Z INFO ProcessInvokerWrapper] STDOUT/STDERR stream read finished.
[2026-08-27 01:22:58Z INFO ProcessInvokerWrapper] Finished process 9384 with exit code 0, and elapsed time 00:00:00.0107211.
[2026-08-27 01:22:58Z INFO StepsRunner] Successfully returned to code page 65001 (UTF8)
[2026-08-27 01:22:58Z INFO HostContext] Well known directory 'Bin': 'D:\actions-runner\bin'
[2026-08-27 01:22:58Z INFO HostContext] Well known directory 'Root': 'D:\actions-runner'
[2026-08-27 01:22:58Z INFO HostContext] Well known directory 'Work': 'D:\actions-runner\_work'
[2026-08-27 01:22:58Z INFO HostContext] Well known directory 'Temp': 'D:\actions-runner\_work\_temp'
[2026-08-27 01:22:58Z INFO ExecutionContext] Write event payload to D:\actions-runner\_work\_temp\_github_workflow\event.json
[2026-08-27 01:22:58Z INFO HostContext] Well known directory 'Bin': 'D:\actions-runner\bin'
[2026-08-27 01:22:58Z INFO HostContext] Well known directory 'Root': 'D:\actions-runner'
[2026-08-27 01:22:58Z INFO HostContext] Well known directory 'Work': 'D:\actions-runner\_work'
[2026-08-27 01:22:58Z INFO HostContext] Well known directory 'Temp': 'D:\actions-runner\_work\_temp'
[2026-08-27 01:22:58Z INFO ExtensionManager] Getting extensions for interface: 'GitHub.Runner.Worker.IFileCommandExtension'
[2026-08-27 01:22:58Z INFO ExtensionManager] Getting extensions for interface: 'GitHub.Runner.Worker.IActionCommandExtension'
[2026-08-27 01:22:58Z INFO ActionCommandManager] Register action command extension for command internal-set-repo-path
[2026-08-27 01:22:58Z INFO ActionCommandManager] Register action command extension for command set-env
[2026-08-27 01:22:58Z INFO ActionCommandManager] Register action command extension for command set-output
[2026-08-27 01:22:58Z INFO ActionCommandManager] Register action command extension for command save-state
[2026-08-27 01:22:58Z INFO ActionCommandManager] Register action command extension for command add-path
[2026-08-27 01:22:58Z INFO ActionCommandManager] Register action command extension for command add-mask
[2026-08-27 01:22:58Z INFO ActionCommandManager] Register action command extension for command add-matcher
[2026-08-27 01:22:58Z INFO ActionCommandManager] Register action command extension for command remove-matcher
[2026-08-27 01:22:58Z INFO ActionCommandManager] Register action command extension for command warning
[2026-08-27 01:22:58Z INFO ActionCommandManager] Register action command extension for command error
[2026-08-27 01:22:58Z INFO ActionCommandManager] Register action command extension for command notice
[2026-08-27 01:22:58Z INFO ActionCommandManager] Register action command extension for command debug
[2026-08-27 01:22:58Z INFO ActionCommandManager] Register action command extension for command group
[2026-08-27 01:22:58Z INFO ActionCommandManager] Register action command extension for command endgroup
[2026-08-27 01:22:58Z INFO ActionCommandManager] Register action command extension for command echo
[2026-08-27 01:22:58Z INFO ScriptHandler] Which2: 'pwsh'
[2026-08-27 01:22:58Z INFO ScriptHandler] pwsh: command not found. Make sure 'pwsh' is installed and its location included in the 'Path' environment variable.
[2026-08-27 01:22:58Z INFO ScriptHandler] Defaulting to powershell
[2026-08-27 01:22:58Z INFO ScriptHandler] Which2: 'powershell'
[2026-08-27 01:22:58Z INFO ScriptHandler] Location: 'C:\WINDOWS\System32\WindowsPowerShell\v1.0\powershell.EXE'
[2026-08-27 01:22:58Z INFO HostContext] Well known directory 'Bin': 'D:\actions-runner\bin'
[2026-08-27 01:22:58Z INFO HostContext] Well known directory 'Root': 'D:\actions-runner'
[2026-08-27 01:22:58Z INFO HostContext] Well known directory 'Work': 'D:\actions-runner\_work'
[2026-08-27 01:22:58Z INFO HostContext] Well known directory 'Temp': 'D:\actions-runner\_work\_temp'
[2026-08-27 01:22:58Z INFO ScriptHandler] Which2: 'pwsh'
[2026-08-27 01:22:58Z INFO ScriptHandler] pwsh: command not found. Make sure 'pwsh' is installed and its location included in the 'Path' environment variable.
[2026-08-27 01:22:58Z INFO ScriptHandler] Defaulting to powershell
[2026-08-27 01:22:58Z INFO ScriptHandler] Which2: 'powershell'
[2026-08-27 01:22:58Z INFO ScriptHandler] Location: 'C:\WINDOWS\System32\WindowsPowerShell\v1.0\powershell.EXE'
[2026-08-27 01:22:58Z INFO ProcessInvokerWrapper] Starting process:
[2026-08-27 01:22:58Z INFO ProcessInvokerWrapper]   File name: 'C:\WINDOWS\System32\WindowsPowerShell\v1.0\powershell.EXE'
[2026-08-27 01:22:58Z INFO ProcessInvokerWrapper]   Arguments: '-command ". 'D:\actions-runner\_work\_temp\e77e5cd9-189a-4aef-a624-b3942274c88d.ps1'"'
[2026-08-27 01:22:58Z INFO ProcessInvokerWrapper]   Working directory: 'D:\actions-runner\_work\SignServer\SignServer\signserver-web'
[2026-08-27 01:22:58Z INFO ProcessInvokerWrapper]   Require exit code zero: 'False'
[2026-08-27 01:22:58Z INFO ProcessInvokerWrapper]   Encoding web name:  ; code page: ''
[2026-08-27 01:22:58Z INFO ProcessInvokerWrapper]   Force kill process on cancellation: 'False'
[2026-08-27 01:22:58Z INFO ProcessInvokerWrapper]   Redirected STDIN: 'False'
[2026-08-27 01:22:58Z INFO ProcessInvokerWrapper]   Persist current code page: 'True'
[2026-08-27 01:22:58Z INFO ProcessInvokerWrapper]   Keep redirected STDIN open: 'False'
[2026-08-27 01:22:58Z INFO ProcessInvokerWrapper]   High priority process: 'False'
[2026-08-27 01:22:58Z INFO ProcessInvokerWrapper] Process started with process id 18044, waiting for process exit.
[2026-08-27 01:22:58Z INFO JobServerQueue] Try to append 1 batches web console lines for record '34e0d002-072b-45be-a687-0388715b70d6', success rate: 1/1.
[2026-08-27 01:22:59Z INFO JobServerQueue] Try to upload 1 log files or attachments, success rate: 1/1.
[2026-08-27 01:22:59Z INFO JobServerQueue] Got a step log file to send to results service.
[2026-08-27 01:22:59Z INFO JobServerQueue] Starting upload of step log file to results service ResultsLog, D:\actions-runner\_diag\blocks\1e6e2f9c-f40c-4701-ab89-ffaa8a4e172d_7eb344b5-2d9f-4abc-ae60-786c67109f38.1
[2026-08-27 01:22:59Z INFO JobServerQueue] Tried to upload 1 file(s) to results, success rate: 1/1.
[2026-08-27 01:22:59Z INFO JobServerQueue] Try to append 1 batches web console lines for record '34e0d002-072b-45be-a687-0388715b70d6', success rate: 1/1.
[2026-08-27 01:23:01Z INFO HostContext] Well known directory 'Bin': 'D:\actions-runner\bin'
[2026-08-27 01:23:01Z INFO HostContext] Well known directory 'Root': 'D:\actions-runner'
[2026-08-27 01:23:01Z INFO HostContext] Well known directory 'Work': 'D:\actions-runner\_work'
[2026-08-27 01:23:02Z INFO JobServerQueue] Try to append 1 batches web console lines for record '34e0d002-072b-45be-a687-0388715b70d6', success rate: 1/1.
[2026-08-27 01:23:06Z INFO JobServerQueue] Try to append 1 batches web console lines for record '34e0d002-072b-45be-a687-0388715b70d6', success rate: 1/1.
[2026-08-27 01:23:07Z INFO JobServerQueue] Try to append 1 batches web console lines for record '34e0d002-072b-45be-a687-0388715b70d6', success rate: 1/1.
[2026-08-27 01:23:08Z INFO ProcessInvokerWrapper] STDOUT/STDERR stream read finished.
[2026-08-27 01:23:08Z INFO ProcessInvokerWrapper] STDOUT/STDERR stream read finished.
[2026-08-27 01:23:08Z INFO ProcessInvokerWrapper] Finished process 18044 with exit code 0, and elapsed time 00:00:09.2496817.
[2026-08-27 01:23:08Z INFO CreateStepSummaryCommand] Step Summary file (D:\actions-runner\_work\_temp\_runner_file_commands\step_summary_6e2321fd-0f05-4076-80cc-da80b5492441) is empty; skipping attachment upload
[2026-08-27 01:23:08Z INFO StepsRunner] Step result: 
[2026-08-27 01:23:08Z INFO ExecutionContext] Publish step telemetry for current step {
  "action": "powershell",
  "type": "run",
  "stage": "Main",
  "stepId": "34e0d002-072b-45be-a687-0388715b70d6",
  "stepContextName": "__run_2",
  "result": "succeeded",
  "errorMessages": [],
  "executionTimeInSeconds": 10,
  "startTime": "2026-08-27T01:22:58.7707989Z",
  "finishTime": "2026-08-27T01:23:08.0954106Z"
}.
[2026-08-27 01:23:08Z INFO StepsRunner] No need for updating job result with current step result 'Succeeded'.
[2026-08-27 01:23:08Z INFO StepsRunner] Current state: job state = ''
[2026-08-27 01:23:08Z INFO StepsRunner] Processing step: DisplayName='Publicar en el volumen de nginx'
[2026-08-27 01:23:08Z INFO StepsRunner] Evaluating: success()
[2026-08-27 01:23:08Z INFO StepsRunner] Result: true
[2026-08-27 01:23:08Z INFO StepsRunner] Starting the step.
[2026-08-27 01:23:08Z INFO HostContext] Well known directory 'Bin': 'D:\actions-runner\bin'
[2026-08-27 01:23:08Z INFO HostContext] Well known directory 'Root': 'D:\actions-runner'
[2026-08-27 01:23:08Z INFO HostContext] Well known directory 'Work': 'D:\actions-runner\_work'
[2026-08-27 01:23:08Z INFO StepsRunner] Which2: 'chcp'
[2026-08-27 01:23:08Z INFO StepsRunner] Location: 'C:\WINDOWS\system32\chcp.COM'
[2026-08-27 01:23:08Z INFO ProcessInvokerWrapper] Starting process:
[2026-08-27 01:23:08Z INFO ProcessInvokerWrapper]   File name: 'C:\WINDOWS\system32\chcp.COM'
[2026-08-27 01:23:08Z INFO ProcessInvokerWrapper]   Arguments: '65001'
[2026-08-27 01:23:08Z INFO ProcessInvokerWrapper]   Working directory: 'D:\actions-runner\_work'
[2026-08-27 01:23:08Z INFO ProcessInvokerWrapper]   Require exit code zero: 'False'
[2026-08-27 01:23:08Z INFO ProcessInvokerWrapper]   Encoding web name:  ; code page: ''
[2026-08-27 01:23:08Z INFO ProcessInvokerWrapper]   Force kill process on cancellation: 'False'
[2026-08-27 01:23:08Z INFO ProcessInvokerWrapper]   Redirected STDIN: 'False'
[2026-08-27 01:23:08Z INFO ProcessInvokerWrapper]   Persist current code page: 'True'
[2026-08-27 01:23:08Z INFO ProcessInvokerWrapper]   Keep redirected STDIN open: 'False'
[2026-08-27 01:23:08Z INFO ProcessInvokerWrapper]   High priority process: 'False'
[2026-08-27 01:23:08Z INFO ProcessInvokerWrapper] Process started with process id 17332, waiting for process exit.
[2026-08-27 01:23:08Z INFO ProcessInvokerWrapper] STDOUT/STDERR stream read finished.
[2026-08-27 01:23:08Z INFO ProcessInvokerWrapper] STDOUT/STDERR stream read finished.
[2026-08-27 01:23:08Z INFO ProcessInvokerWrapper] Finished process 17332 with exit code 0, and elapsed time 00:00:00.0087521.
[2026-08-27 01:23:08Z INFO StepsRunner] Successfully returned to code page 65001 (UTF8)
[2026-08-27 01:23:08Z INFO HostContext] Well known directory 'Bin': 'D:\actions-runner\bin'
[2026-08-27 01:23:08Z INFO HostContext] Well known directory 'Root': 'D:\actions-runner'
[2026-08-27 01:23:08Z INFO HostContext] Well known directory 'Work': 'D:\actions-runner\_work'
[2026-08-27 01:23:08Z INFO HostContext] Well known directory 'Temp': 'D:\actions-runner\_work\_temp'
[2026-08-27 01:23:08Z INFO ExecutionContext] Write event payload to D:\actions-runner\_work\_temp\_github_workflow\event.json
[2026-08-27 01:23:08Z INFO HostContext] Well known directory 'Bin': 'D:\actions-runner\bin'
[2026-08-27 01:23:08Z INFO HostContext] Well known directory 'Root': 'D:\actions-runner'
[2026-08-27 01:23:08Z INFO HostContext] Well known directory 'Work': 'D:\actions-runner\_work'
[2026-08-27 01:23:08Z INFO HostContext] Well known directory 'Temp': 'D:\actions-runner\_work\_temp'
[2026-08-27 01:23:08Z INFO ExtensionManager] Getting extensions for interface: 'GitHub.Runner.Worker.IFileCommandExtension'
[2026-08-27 01:23:08Z INFO ExtensionManager] Getting extensions for interface: 'GitHub.Runner.Worker.IActionCommandExtension'
[2026-08-27 01:23:08Z INFO ActionCommandManager] Register action command extension for command internal-set-repo-path
[2026-08-27 01:23:08Z INFO ActionCommandManager] Register action command extension for command set-env
[2026-08-27 01:23:08Z INFO ActionCommandManager] Register action command extension for command set-output
[2026-08-27 01:23:08Z INFO ActionCommandManager] Register action command extension for command save-state
[2026-08-27 01:23:08Z INFO ActionCommandManager] Register action command extension for command add-path
[2026-08-27 01:23:08Z INFO ActionCommandManager] Register action command extension for command add-mask
[2026-08-27 01:23:08Z INFO ActionCommandManager] Register action command extension for command add-matcher
[2026-08-27 01:23:08Z INFO ActionCommandManager] Register action command extension for command remove-matcher
[2026-08-27 01:23:08Z INFO ActionCommandManager] Register action command extension for command warning
[2026-08-27 01:23:08Z INFO ActionCommandManager] Register action command extension for command error
[2026-08-27 01:23:08Z INFO ActionCommandManager] Register action command extension for command notice
[2026-08-27 01:23:08Z INFO ActionCommandManager] Register action command extension for command debug
[2026-08-27 01:23:08Z INFO ActionCommandManager] Register action command extension for command group
[2026-08-27 01:23:08Z INFO ActionCommandManager] Register action command extension for command endgroup
[2026-08-27 01:23:08Z INFO ActionCommandManager] Register action command extension for command echo
[2026-08-27 01:23:08Z INFO ScriptHandler] Which2: 'pwsh'
[2026-08-27 01:23:08Z INFO JobServerQueue] Try to upload 1 log files or attachments, success rate: 1/1.
[2026-08-27 01:23:08Z INFO ScriptHandler] pwsh: command not found. Make sure 'pwsh' is installed and its location included in the 'Path' environment variable.
[2026-08-27 01:23:08Z INFO ScriptHandler] Defaulting to powershell
[2026-08-27 01:23:08Z INFO ScriptHandler] Which2: 'powershell'
[2026-08-27 01:23:08Z INFO ScriptHandler] Location: 'C:\WINDOWS\System32\WindowsPowerShell\v1.0\powershell.EXE'
[2026-08-27 01:23:08Z INFO HostContext] Well known directory 'Bin': 'D:\actions-runner\bin'
[2026-08-27 01:23:08Z INFO HostContext] Well known directory 'Root': 'D:\actions-runner'
[2026-08-27 01:23:08Z INFO HostContext] Well known directory 'Work': 'D:\actions-runner\_work'
[2026-08-27 01:23:08Z INFO HostContext] Well known directory 'Temp': 'D:\actions-runner\_work\_temp'
[2026-08-27 01:23:08Z INFO ScriptHandler] Which2: 'pwsh'
[2026-08-27 01:23:08Z INFO ScriptHandler] pwsh: command not found. Make sure 'pwsh' is installed and its location included in the 'Path' environment variable.
[2026-08-27 01:23:08Z INFO ScriptHandler] Defaulting to powershell
[2026-08-27 01:23:08Z INFO ScriptHandler] Which2: 'powershell'
[2026-08-27 01:23:08Z INFO ScriptHandler] Location: 'C:\WINDOWS\System32\WindowsPowerShell\v1.0\powershell.EXE'
[2026-08-27 01:23:08Z INFO ProcessInvokerWrapper] Starting process:
[2026-08-27 01:23:08Z INFO ProcessInvokerWrapper]   File name: 'C:\WINDOWS\System32\WindowsPowerShell\v1.0\powershell.EXE'
[2026-08-27 01:23:08Z INFO ProcessInvokerWrapper]   Arguments: '-command ". 'D:\actions-runner\_work\_temp\d97b101d-833a-4d28-a92c-1987fde90065.ps1'"'
[2026-08-27 01:23:08Z INFO ProcessInvokerWrapper]   Working directory: 'D:\actions-runner\_work\SignServer\SignServer\signserver-web'
[2026-08-27 01:23:08Z INFO ProcessInvokerWrapper]   Require exit code zero: 'False'
[2026-08-27 01:23:08Z INFO ProcessInvokerWrapper]   Encoding web name:  ; code page: ''
[2026-08-27 01:23:08Z INFO ProcessInvokerWrapper]   Force kill process on cancellation: 'False'
[2026-08-27 01:23:08Z INFO ProcessInvokerWrapper]   Redirected STDIN: 'False'
[2026-08-27 01:23:08Z INFO ProcessInvokerWrapper]   Persist current code page: 'True'
[2026-08-27 01:23:08Z INFO ProcessInvokerWrapper]   Keep redirected STDIN open: 'False'
[2026-08-27 01:23:08Z INFO ProcessInvokerWrapper]   High priority process: 'False'
[2026-08-27 01:23:08Z INFO ProcessInvokerWrapper] Process started with process id 16168, waiting for process exit.
[2026-08-27 01:23:08Z INFO JobServerQueue] Try to append 1 batches web console lines for record '34e0d002-072b-45be-a687-0388715b70d6', success rate: 1/1.
[2026-08-27 01:23:08Z INFO JobServerQueue] Try to append 1 batches web console lines for record 'ab59282e-cb00-45b1-9bcd-94c9fa231149', success rate: 1/1.
[2026-08-27 01:23:08Z INFO JobServerQueue] Got a step log file to send to results service.
[2026-08-27 01:23:08Z INFO JobServerQueue] Starting upload of step log file to results service ResultsLog, D:\actions-runner\_diag\blocks\1e6e2f9c-f40c-4701-ab89-ffaa8a4e172d_34e0d002-072b-45be-a687-0388715b70d6.1
[2026-08-27 01:23:09Z INFO JobServerQueue] Tried to upload 1 file(s) to results, success rate: 1/1.
[2026-08-27 01:23:10Z INFO JobServerQueue] Try to append 1 batches web console lines for record 'ab59282e-cb00-45b1-9bcd-94c9fa231149', success rate: 1/1.
[2026-08-27 01:23:10Z INFO ProcessInvokerWrapper] STDOUT/STDERR stream read finished.
[2026-08-27 01:23:10Z INFO ProcessInvokerWrapper] STDOUT/STDERR stream read finished.
[2026-08-27 01:23:10Z INFO ProcessInvokerWrapper] Finished process 16168 with exit code 0, and elapsed time 00:00:01.8836253.
[2026-08-27 01:23:10Z INFO CreateStepSummaryCommand] Step Summary file (D:\actions-runner\_work\_temp\_runner_file_commands\step_summary_16a56d88-2b91-4218-bb26-4641637121bf) is empty; skipping attachment upload
[2026-08-27 01:23:10Z INFO StepsRunner] Step result: 
[2026-08-27 01:23:10Z INFO ExecutionContext] Publish step telemetry for current step {
  "action": "powershell",
  "type": "run",
  "stage": "Main",
  "stepId": "ab59282e-cb00-45b1-9bcd-94c9fa231149",
  "stepContextName": "__run_3",
  "result": "succeeded",
  "errorMessages": [],
  "executionTimeInSeconds": 2,
  "startTime": "2026-08-27T01:23:08.096154Z",
  "finishTime": "2026-08-27T01:23:10.0548222Z"
}.
[2026-08-27 01:23:10Z INFO StepsRunner] No need for updating job result with current step result 'Succeeded'.
[2026-08-27 01:23:10Z INFO StepsRunner] Current state: job state = ''
[2026-08-27 01:23:10Z INFO StepsRunner] Processing step: DisplayName='Post Instalar Node.js'
[2026-08-27 01:23:10Z INFO StepsRunner] Evaluating: success()
[2026-08-27 01:23:10Z INFO StepsRunner] Result: true
[2026-08-27 01:23:10Z INFO StepsRunner] Starting the step.
[2026-08-27 01:23:10Z INFO HostContext] Well known directory 'Bin': 'D:\actions-runner\bin'
[2026-08-27 01:23:10Z INFO HostContext] Well known directory 'Root': 'D:\actions-runner'
[2026-08-27 01:23:10Z INFO HostContext] Well known directory 'Work': 'D:\actions-runner\_work'
[2026-08-27 01:23:10Z INFO StepsRunner] Which2: 'chcp'
[2026-08-27 01:23:10Z INFO StepsRunner] Location: 'C:\WINDOWS\system32\chcp.COM'
[2026-08-27 01:23:10Z INFO ProcessInvokerWrapper] Starting process:
[2026-08-27 01:23:10Z INFO ProcessInvokerWrapper]   File name: 'C:\WINDOWS\system32\chcp.COM'
[2026-08-27 01:23:10Z INFO ProcessInvokerWrapper]   Arguments: '65001'
[2026-08-27 01:23:10Z INFO ProcessInvokerWrapper]   Working directory: 'D:\actions-runner\_work'
[2026-08-27 01:23:10Z INFO ProcessInvokerWrapper]   Require exit code zero: 'False'
[2026-08-27 01:23:10Z INFO ProcessInvokerWrapper]   Encoding web name:  ; code page: ''
[2026-08-27 01:23:10Z INFO ProcessInvokerWrapper]   Force kill process on cancellation: 'False'
[2026-08-27 01:23:10Z INFO ProcessInvokerWrapper]   Redirected STDIN: 'False'
[2026-08-27 01:23:10Z INFO ProcessInvokerWrapper]   Persist current code page: 'True'
[2026-08-27 01:23:10Z INFO ProcessInvokerWrapper]   Keep redirected STDIN open: 'False'
[2026-08-27 01:23:10Z INFO ProcessInvokerWrapper]   High priority process: 'False'
[2026-08-27 01:23:10Z INFO ProcessInvokerWrapper] Process started with process id 13888, waiting for process exit.
[2026-08-27 01:23:10Z INFO ProcessInvokerWrapper] STDOUT/STDERR stream read finished.
[2026-08-27 01:23:10Z INFO ProcessInvokerWrapper] STDOUT/STDERR stream read finished.
[2026-08-27 01:23:10Z INFO ProcessInvokerWrapper] Finished process 13888 with exit code 0, and elapsed time 00:00:00.0081488.
[2026-08-27 01:23:10Z INFO StepsRunner] Successfully returned to code page 65001 (UTF8)
[2026-08-27 01:23:10Z INFO HostContext] Well known directory 'Bin': 'D:\actions-runner\bin'
[2026-08-27 01:23:10Z INFO HostContext] Well known directory 'Root': 'D:\actions-runner'
[2026-08-27 01:23:10Z INFO HostContext] Well known directory 'Work': 'D:\actions-runner\_work'
[2026-08-27 01:23:10Z INFO HostContext] Well known directory 'Actions': 'D:\actions-runner\_work\_actions'
[2026-08-27 01:23:10Z INFO ActionManager] Load action that reference repository from 'D:\actions-runner\_work\_actions\actions\setup-node\v4'
[2026-08-27 01:23:10Z INFO HostContext] Well known directory 'Bin': 'D:\actions-runner\bin'
[2026-08-27 01:23:10Z INFO HostContext] Well known directory 'Root': 'D:\actions-runner'
[2026-08-27 01:23:10Z INFO HostContext] Well known directory 'Work': 'D:\actions-runner\_work'
[2026-08-27 01:23:10Z INFO HostContext] Well known directory 'Actions': 'D:\actions-runner\_work\_actions'
[2026-08-27 01:23:10Z INFO ActionManifestManagerLegacy] Ignore action property author.
[2026-08-27 01:23:10Z INFO ActionManifestManagerLegacy] Loaded action.yml file: {
  "name": "Setup Node.js environment",
  "description": "Setup a Node.js environment by adding problem matchers and optionally downloading and adding it to the PATH.",
  "inputs": {
    "type": 2,
    "map": [
      {
        "key": {
          "type": 0,
          "file": 3,
          "line": 5,
          "col": 3,
          "lit": "always-auth"
        },
        "value": {
          "type": 0,
          "file": 3,
          "line": 7,
          "col": 14,
          "lit": "false"
        }
      },
      {
        "key": {
          "type": 0,
          "file": 3,
          "line": 8,
          "col": 3,
          "lit": "node-version"
        },
        "value": ""
      },
      {
        "key": {
          "type": 0,
          "file": 3,
          "line": 10,
          "col": 3,
          "lit": "node-version-file"
        },
        "value": ""
      },
      {
        "key": {
          "type": 0,
          "file": 3,
          "line": 12,
          "col": 3,
          "lit": "architecture"
        },
        "value": ""
      },
      {
        "key": {
          "type": 0,
          "file": 3,
          "line": 14,
          "col": 3,
          "lit": "check-latest"
        },
        "value": {
          "type": 0,
          "file": 3,
          "line": 16,
          "col": 14,
          "lit": "false"
        }
      },
      {
        "key": {
          "type": 0,
          "file": 3,
          "line": 17,
          "col": 3,
          "lit": "registry-url"
        },
        "value": ""
      },
      {
        "key": {
          "type": 0,
          "file": 3,
          "line": 19,
          "col": 3,
          "lit": "scope"
        },
        "value": ""
      },
      {
        "key": {
          "type": 0,
          "file": 3,
          "line": 21,
          "col": 3,
          "lit": "token"
        },
        "value": {
          "type": 3,
          "file": 3,
          "line": 23,
          "col": 14,
          "expr": "github.server_url == 'https://github.com' && github.token || ''"
        }
      },
      {
        "key": {
          "type": 0,
          "file": 3,
          "line": 24,
          "col": 3,
          "lit": "cache"
        },
        "value": ""
      },
      {
        "key": {
          "type": 0,
          "file": 3,
          "line": 26,
          "col": 3,
          "lit": "cache-dependency-path"
        },
        "value": ""
      },
      {
        "key": {
          "type": 0,
          "file": 3,
          "line": 28,
          "col": 3,
          "lit": "mirror"
        },
        "value": ""
      },
      {
        "key": {
          "type": 0,
          "file": 3,
          "line": 30,
          "col": 3,
          "lit": "mirror-token"
        },
        "value": ""
      }
    ]
  },
  "execution": {
    "executionType": "nodeJS",
    "hasPre": false,
    "hasPost": true,
    "script": "dist/setup/index.js",
    "pre": null,
    "post": "dist/cache-save/index.js",
    "nodeVersion": "node20",
    "cleanupCondition": "success()",
    "initCondition": "always()"
  },
  "deprecated": null
}
[2026-08-27 01:23:10Z INFO ActionManager] Action pre node.js file: N/A.
[2026-08-27 01:23:10Z INFO ActionManager] Action node.js file: dist/setup/index.js.
[2026-08-27 01:23:10Z INFO ActionManager] Action post node.js file: dist/cache-save/index.js.
[2026-08-27 01:23:10Z INFO HostContext] Well known directory 'Bin': 'D:\actions-runner\bin'
[2026-08-27 01:23:10Z INFO HostContext] Well known directory 'Root': 'D:\actions-runner'
[2026-08-27 01:23:10Z INFO HostContext] Well known directory 'Work': 'D:\actions-runner\_work'
[2026-08-27 01:23:10Z INFO HostContext] Well known directory 'Temp': 'D:\actions-runner\_work\_temp'
[2026-08-27 01:23:10Z INFO ExecutionContext] Write event payload to D:\actions-runner\_work\_temp\_github_workflow\event.json
[2026-08-27 01:23:10Z INFO HostContext] Well known directory 'Bin': 'D:\actions-runner\bin'
[2026-08-27 01:23:10Z INFO HostContext] Well known directory 'Root': 'D:\actions-runner'
[2026-08-27 01:23:10Z INFO HostContext] Well known directory 'Work': 'D:\actions-runner\_work'
[2026-08-27 01:23:10Z INFO HostContext] Well known directory 'Temp': 'D:\actions-runner\_work\_temp'
[2026-08-27 01:23:10Z INFO ExtensionManager] Getting extensions for interface: 'GitHub.Runner.Worker.IFileCommandExtension'
[2026-08-27 01:23:10Z INFO ActionManifestManagerLegacy] Input 'always-auth': default value evaluate result: {
  "type": 0,
  "file": 3,
  "line": 7,
  "col": 14,
  "lit": "false"
}
[2026-08-27 01:23:10Z INFO ActionManifestManagerLegacy] Input 'node-version-file': default value evaluate result: ""
[2026-08-27 01:23:10Z INFO ActionManifestManagerLegacy] Input 'architecture': default value evaluate result: ""
[2026-08-27 01:23:10Z INFO ActionManifestManagerLegacy] Input 'check-latest': default value evaluate result: {
  "type": 0,
  "file": 3,
  "line": 16,
  "col": 14,
  "lit": "false"
}
[2026-08-27 01:23:10Z INFO ActionManifestManagerLegacy] Input 'registry-url': default value evaluate result: ""
[2026-08-27 01:23:10Z INFO ActionManifestManagerLegacy] Input 'scope': default value evaluate result: ""
[2026-08-27 01:23:10Z INFO ActionManifestManagerLegacy] Input 'token': default value evaluate result: {
  "type": 0,
  "file": 3,
  "line": 23,
  "col": 14,
  "lit": "***"
}
[2026-08-27 01:23:10Z INFO ActionManifestManagerLegacy] Input 'mirror': default value evaluate result: ""
[2026-08-27 01:23:10Z INFO ActionManifestManagerLegacy] Input 'mirror-token': default value evaluate result: ""
[2026-08-27 01:23:10Z INFO ExtensionManager] Getting extensions for interface: 'GitHub.Runner.Worker.IActionCommandExtension'
[2026-08-27 01:23:10Z INFO ActionCommandManager] Register action command extension for command internal-set-repo-path
[2026-08-27 01:23:10Z INFO ActionCommandManager] Register action command extension for command set-env
[2026-08-27 01:23:10Z INFO ActionCommandManager] Register action command extension for command set-output
[2026-08-27 01:23:10Z INFO ActionCommandManager] Register action command extension for command save-state
[2026-08-27 01:23:10Z INFO ActionCommandManager] Register action command extension for command add-path
[2026-08-27 01:23:10Z INFO ActionCommandManager] Register action command extension for command add-mask
[2026-08-27 01:23:10Z INFO ActionCommandManager] Register action command extension for command add-matcher
[2026-08-27 01:23:10Z INFO ActionCommandManager] Register action command extension for command remove-matcher
[2026-08-27 01:23:10Z INFO ActionCommandManager] Register action command extension for command warning
[2026-08-27 01:23:10Z INFO ActionCommandManager] Register action command extension for command error
[2026-08-27 01:23:10Z INFO ActionCommandManager] Register action command extension for command notice
[2026-08-27 01:23:10Z INFO ActionCommandManager] Register action command extension for command debug
[2026-08-27 01:23:10Z INFO ActionCommandManager] Register action command extension for command group
[2026-08-27 01:23:10Z INFO ActionCommandManager] Register action command extension for command endgroup
[2026-08-27 01:23:10Z INFO ActionCommandManager] Register action command extension for command echo
[2026-08-27 01:23:10Z INFO HostContext] Well known directory 'Bin': 'D:\actions-runner\bin'
[2026-08-27 01:23:10Z INFO HostContext] Well known directory 'Root': 'D:\actions-runner'
[2026-08-27 01:23:10Z INFO HostContext] Well known directory 'Externals': 'D:\actions-runner\externals'
[2026-08-27 01:23:10Z INFO ProcessInvokerWrapper] Starting process:
[2026-08-27 01:23:10Z INFO ProcessInvokerWrapper]   File name: 'D:\actions-runner\externals\node24\bin\node.exe'
[2026-08-27 01:23:10Z INFO ProcessInvokerWrapper]   Arguments: '"D:\actions-runner\_work\_actions\actions\setup-node\v4\dist/cache-save/index.js"'
[2026-08-27 01:23:10Z INFO ProcessInvokerWrapper]   Working directory: 'D:\actions-runner\_work\SignServer\SignServer'
[2026-08-27 01:23:10Z INFO ProcessInvokerWrapper]   Require exit code zero: 'False'
[2026-08-27 01:23:10Z INFO ProcessInvokerWrapper]   Encoding web name: utf-8 ; code page: '65001'
[2026-08-27 01:23:10Z INFO ProcessInvokerWrapper]   Force kill process on cancellation: 'False'
[2026-08-27 01:23:10Z INFO ProcessInvokerWrapper]   Redirected STDIN: 'False'
[2026-08-27 01:23:10Z INFO ProcessInvokerWrapper]   Persist current code page: 'True'
[2026-08-27 01:23:10Z INFO ProcessInvokerWrapper]   Keep redirected STDIN open: 'False'
[2026-08-27 01:23:10Z INFO ProcessInvokerWrapper]   High priority process: 'False'
[2026-08-27 01:23:10Z INFO ProcessInvokerWrapper] Process started with process id 6624, waiting for process exit.
[2026-08-27 01:23:10Z INFO JobServerQueue] Got a step log file to send to results service.
[2026-08-27 01:23:10Z INFO JobServerQueue] Starting upload of step log file to results service ResultsLog, D:\actions-runner\_diag\blocks\1e6e2f9c-f40c-4701-ab89-ffaa8a4e172d_ab59282e-cb00-45b1-9bcd-94c9fa231149.1
[2026-08-27 01:23:10Z INFO JobServerQueue] Try to upload 1 log files or attachments, success rate: 1/1.
[2026-08-27 01:23:10Z INFO JobServerQueue] Try to append 1 batches web console lines for record 'e9aa7f22-37f6-48a9-bece-96aada9447ff', success rate: 1/1.
[2026-08-27 01:23:10Z INFO JobServerQueue] Tried to upload 1 file(s) to results, success rate: 1/1.
[2026-08-27 01:23:10Z INFO ProcessInvokerWrapper] STDOUT/STDERR stream read finished.
[2026-08-27 01:23:10Z INFO ProcessInvokerWrapper] STDOUT/STDERR stream read finished.
[2026-08-27 01:23:10Z INFO ProcessInvokerWrapper] Finished process 6624 with exit code 0, and elapsed time 00:00:00.5952794.
[2026-08-27 01:23:10Z INFO CreateStepSummaryCommand] Step Summary file (D:\actions-runner\_work\_temp\_runner_file_commands\step_summary_20ccfc02-b783-4a95-a188-71792537274d) is empty; skipping attachment upload
[2026-08-27 01:23:10Z INFO StepsRunner] Step result: 
[2026-08-27 01:23:10Z INFO ExecutionContext] Publish step telemetry for current step {
  "action": "actions/setup-node",
  "ref": "v4",
  "type": "node24",
  "stage": "Post",
  "stepId": "e9aa7f22-37f6-48a9-bece-96aada9447ff",
  "result": "succeeded",
  "errorMessages": [
    "Failed to save: \"D:\\Program failed with error: The process 'D:\\Program Files\\Git\\usr\\bin\\tar.exe' failed with exit code 2"
  ],
  "executionTimeInSeconds": 1,
  "startTime": "2026-08-27T01:23:10.059038Z",
  "finishTime": "2026-08-27T01:23:10.6785542Z"
}.
[2026-08-27 01:23:10Z INFO StepsRunner] No need for updating job result with current step result 'Succeeded'.
[2026-08-27 01:23:10Z INFO StepsRunner] Current state: job state = ''
[2026-08-27 01:23:10Z INFO StepsRunner] Processing step: DisplayName='Post Checkout'
[2026-08-27 01:23:10Z INFO StepsRunner] Evaluating: always()
[2026-08-27 01:23:10Z INFO StepsRunner] Result: true
[2026-08-27 01:23:10Z INFO StepsRunner] Starting the step.
[2026-08-27 01:23:10Z INFO HostContext] Well known directory 'Bin': 'D:\actions-runner\bin'
[2026-08-27 01:23:10Z INFO HostContext] Well known directory 'Root': 'D:\actions-runner'
[2026-08-27 01:23:10Z INFO HostContext] Well known directory 'Work': 'D:\actions-runner\_work'
[2026-08-27 01:23:10Z INFO StepsRunner] Which2: 'chcp'
[2026-08-27 01:23:10Z INFO StepsRunner] Location: 'C:\WINDOWS\system32\chcp.COM'
[2026-08-27 01:23:10Z INFO ProcessInvokerWrapper] Starting process:
[2026-08-27 01:23:10Z INFO ProcessInvokerWrapper]   File name: 'C:\WINDOWS\system32\chcp.COM'
[2026-08-27 01:23:10Z INFO ProcessInvokerWrapper]   Arguments: '65001'
[2026-08-27 01:23:10Z INFO ProcessInvokerWrapper]   Working directory: 'D:\actions-runner\_work'
[2026-08-27 01:23:10Z INFO ProcessInvokerWrapper]   Require exit code zero: 'False'
[2026-08-27 01:23:10Z INFO ProcessInvokerWrapper]   Encoding web name:  ; code page: ''
[2026-08-27 01:23:10Z INFO ProcessInvokerWrapper]   Force kill process on cancellation: 'False'
[2026-08-27 01:23:10Z INFO ProcessInvokerWrapper]   Redirected STDIN: 'False'
[2026-08-27 01:23:10Z INFO ProcessInvokerWrapper]   Persist current code page: 'True'
[2026-08-27 01:23:10Z INFO ProcessInvokerWrapper]   Keep redirected STDIN open: 'False'
[2026-08-27 01:23:10Z INFO ProcessInvokerWrapper]   High priority process: 'False'
[2026-08-27 01:23:10Z INFO ProcessInvokerWrapper] Process started with process id 5936, waiting for process exit.
[2026-08-27 01:23:10Z INFO ProcessInvokerWrapper] STDOUT/STDERR stream read finished.
[2026-08-27 01:23:10Z INFO ProcessInvokerWrapper] STDOUT/STDERR stream read finished.
[2026-08-27 01:23:10Z INFO ProcessInvokerWrapper] Finished process 5936 with exit code 0, and elapsed time 00:00:00.0086989.
[2026-08-27 01:23:10Z INFO StepsRunner] Successfully returned to code page 65001 (UTF8)
[2026-08-27 01:23:10Z INFO HostContext] Well known directory 'Bin': 'D:\actions-runner\bin'
[2026-08-27 01:23:10Z INFO HostContext] Well known directory 'Root': 'D:\actions-runner'
[2026-08-27 01:23:10Z INFO HostContext] Well known directory 'Work': 'D:\actions-runner\_work'
[2026-08-27 01:23:10Z INFO HostContext] Well known directory 'Actions': 'D:\actions-runner\_work\_actions'
[2026-08-27 01:23:10Z INFO ActionManager] Load action that reference repository from 'D:\actions-runner\_work\_actions\actions\checkout\v4'
[2026-08-27 01:23:10Z INFO HostContext] Well known directory 'Bin': 'D:\actions-runner\bin'
[2026-08-27 01:23:10Z INFO HostContext] Well known directory 'Root': 'D:\actions-runner'
[2026-08-27 01:23:10Z INFO HostContext] Well known directory 'Work': 'D:\actions-runner\_work'
[2026-08-27 01:23:10Z INFO HostContext] Well known directory 'Actions': 'D:\actions-runner\_work\_actions'
[2026-08-27 01:23:10Z INFO ActionManifestManagerLegacy] Loaded action.yml file: {
  "name": "Checkout",
  "description": "Checkout a Git repository at a particular version",
  "inputs": {
    "type": 2,
    "map": [
      {
        "key": {
          "type": 0,
          "file": 2,
          "line": 4,
          "col": 3,
          "lit": "repository"
        },
        "value": {
          "type": 3,
          "file": 2,
          "line": 6,
          "col": 14,
          "expr": "github.repository"
        }
      },
      {
        "key": {
          "type": 0,
          "file": 2,
          "line": 7,
          "col": 3,
          "lit": "ref"
        },
        "value": ""
      },
      {
        "key": {
          "type": 0,
          "file": 2,
          "line": 12,
          "col": 3,
          "lit": "token"
        },
        "value": {
          "type": 3,
          "file": 2,
          "line": 24,
          "col": 14,
          "expr": "github.token"
        }
      },
      {
        "key": {
          "type": 0,
          "file": 2,
          "line": 25,
          "col": 3,
          "lit": "ssh-key"
        },
        "value": ""
      },
      {
        "key": {
          "type": 0,
          "file": 2,
          "line": 37,
          "col": 3,
          "lit": "ssh-known-hosts"
        },
        "value": ""
      },
      {
        "key": {
          "type": 0,
          "file": 2,
          "line": 42,
          "col": 3,
          "lit": "ssh-strict"
        },
        "value": {
          "type": 0,
          "file": 2,
          "line": 47,
          "col": 14,
          "lit": "true"
        }
      },
      {
        "key": {
          "type": 0,
          "file": 2,
          "line": 48,
          "col": 3,
          "lit": "ssh-user"
        },
        "value": {
          "type": 0,
          "file": 2,
          "line": 51,
          "col": 14,
          "lit": "git"
        }
      },
      {
        "key": {
          "type": 0,
          "file": 2,
          "line": 52,
          "col": 3,
          "lit": "persist-credentials"
        },
        "value": {
          "type": 0,
          "file": 2,
          "line": 54,
          "col": 14,
          "lit": "true"
        }
      },
      {
        "key": {
          "type": 0,
          "file": 2,
          "line": 55,
          "col": 3,
          "lit": "path"
        },
        "value": ""
      },
      {
        "key": {
          "type": 0,
          "file": 2,
          "line": 57,
          "col": 3,
          "lit": "clean"
        },
        "value": {
          "type": 0,
          "file": 2,
          "line": 59,
          "col": 14,
          "lit": "true"
        }
      },
      {
        "key": {
          "type": 0,
          "file": 2,
          "line": 60,
          "col": 3,
          "lit": "filter"
        },
        "value": {
          "type": 0,
          "file": 2,
          "line": 64,
          "col": 14,
          "lit": ""
        }
      },
      {
        "key": {
          "type": 0,
          "file": 2,
          "line": 65,
          "col": 3,
          "lit": "sparse-checkout"
        },
        "value": {
          "type": 0,
          "file": 2,
          "line": 69,
          "col": 14,
          "lit": ""
        }
      },
      {
        "key": {
          "type": 0,
          "file": 2,
          "line": 70,
          "col": 3,
          "lit": "sparse-checkout-cone-mode"
        },
        "value": {
          "type": 0,
          "file": 2,
          "line": 73,
          "col": 14,
          "lit": "true"
        }
      },
      {
        "key": {
          "type": 0,
          "file": 2,
          "line": 74,
          "col": 3,
          "lit": "fetch-depth"
        },
        "value": {
          "type": 0,
          "file": 2,
          "line": 76,
          "col": 14,
          "lit": "1"
        }
      },
      {
        "key": {
          "type": 0,
          "file": 2,
          "line": 77,
          "col": 3,
          "lit": "fetch-tags"
        },
        "value": {
          "type": 0,
          "file": 2,
          "line": 79,
          "col": 14,
          "lit": "false"
        }
      },
      {
        "key": {
          "type": 0,
          "file": 2,
          "line": 80,
          "col": 3,
          "lit": "show-progress"
        },
        "value": {
          "type": 0,
          "file": 2,
          "line": 82,
          "col": 14,
          "lit": "true"
        }
      },
      {
        "key": {
          "type": 0,
          "file": 2,
          "line": 83,
          "col": 3,
          "lit": "lfs"
        },
        "value": {
          "type": 0,
          "file": 2,
          "line": 85,
          "col": 14,
          "lit": "false"
        }
      },
      {
        "key": {
          "type": 0,
          "file": 2,
          "line": 86,
          "col": 3,
          "lit": "submodules"
        },
        "value": {
          "type": 0,
          "file": 2,
          "line": 94,
          "col": 14,
          "lit": "false"
        }
      },
      {
        "key": {
          "type": 0,
          "file": 2,
          "line": 95,
          "col": 3,
          "lit": "set-safe-directory"
        },
        "value": {
          "type": 0,
          "file": 2,
          "line": 97,
          "col": 14,
          "lit": "true"
        }
      },
      {
        "key": {
          "type": 0,
          "file": 2,
          "line": 98,
          "col": 3,
          "lit": "github-server-url"
        },
        "value": ""
      },
      {
        "key": {
          "type": 0,
          "file": 2,
          "line": 101,
          "col": 3,
          "lit": "allow-unsafe-pr-checkout"
        },
        "value": {
          "type": 0,
          "file": 2,
          "line": 109,
          "col": 14,
          "lit": "false"
        }
      }
    ]
  },
  "execution": {
    "executionType": "nodeJS",
    "hasPre": false,
    "hasPost": true,
    "script": "dist/index.js",
    "pre": null,
    "post": "dist/index.js",
    "nodeVersion": "node20",
    "cleanupCondition": "always()",
    "initCondition": "always()"
  },
  "deprecated": null
}
[2026-08-27 01:23:10Z INFO ActionManager] Action pre node.js file: N/A.
[2026-08-27 01:23:10Z INFO ActionManager] Action node.js file: dist/index.js.
[2026-08-27 01:23:10Z INFO ActionManager] Action post node.js file: dist/index.js.
[2026-08-27 01:23:10Z INFO HostContext] Well known directory 'Bin': 'D:\actions-runner\bin'
[2026-08-27 01:23:10Z INFO HostContext] Well known directory 'Root': 'D:\actions-runner'
[2026-08-27 01:23:10Z INFO HostContext] Well known directory 'Work': 'D:\actions-runner\_work'
[2026-08-27 01:23:10Z INFO HostContext] Well known directory 'Temp': 'D:\actions-runner\_work\_temp'
[2026-08-27 01:23:10Z INFO ExecutionContext] Write event payload to D:\actions-runner\_work\_temp\_github_workflow\event.json
[2026-08-27 01:23:10Z INFO HostContext] Well known directory 'Bin': 'D:\actions-runner\bin'
[2026-08-27 01:23:10Z INFO HostContext] Well known directory 'Root': 'D:\actions-runner'
[2026-08-27 01:23:10Z INFO HostContext] Well known directory 'Work': 'D:\actions-runner\_work'
[2026-08-27 01:23:10Z INFO HostContext] Well known directory 'Temp': 'D:\actions-runner\_work\_temp'
[2026-08-27 01:23:10Z INFO ExtensionManager] Getting extensions for interface: 'GitHub.Runner.Worker.IFileCommandExtension'
[2026-08-27 01:23:10Z INFO ActionManifestManagerLegacy] Input 'repository': default value evaluate result: {
  "type": 0,
  "file": 2,
  "line": 6,
  "col": 14,
  "lit": "ElAlecs69/SignServer"
}
[2026-08-27 01:23:10Z INFO ActionManifestManagerLegacy] Input 'ref': default value evaluate result: ""
[2026-08-27 01:23:10Z INFO ActionManifestManagerLegacy] Input 'token': default value evaluate result: {
  "type": 0,
  "file": 2,
  "line": 24,
  "col": 14,
  "lit": "***"
}
[2026-08-27 01:23:10Z INFO ActionManifestManagerLegacy] Input 'ssh-key': default value evaluate result: ""
[2026-08-27 01:23:10Z INFO ActionManifestManagerLegacy] Input 'ssh-known-hosts': default value evaluate result: ""
[2026-08-27 01:23:10Z INFO ActionManifestManagerLegacy] Input 'ssh-strict': default value evaluate result: {
  "type": 0,
  "file": 2,
  "line": 47,
  "col": 14,
  "lit": "true"
}
[2026-08-27 01:23:10Z INFO ActionManifestManagerLegacy] Input 'ssh-user': default value evaluate result: {
  "type": 0,
  "file": 2,
  "line": 51,
  "col": 14,
  "lit": "git"
}
[2026-08-27 01:23:10Z INFO ActionManifestManagerLegacy] Input 'persist-credentials': default value evaluate result: {
  "type": 0,
  "file": 2,
  "line": 54,
  "col": 14,
  "lit": "true"
}
[2026-08-27 01:23:10Z INFO ActionManifestManagerLegacy] Input 'path': default value evaluate result: ""
[2026-08-27 01:23:10Z INFO ActionManifestManagerLegacy] Input 'clean': default value evaluate result: {
  "type": 0,
  "file": 2,
  "line": 59,
  "col": 14,
  "lit": "true"
}
[2026-08-27 01:23:10Z INFO ActionManifestManagerLegacy] Input 'filter': default value evaluate result: {
  "type": 0,
  "file": 2,
  "line": 64,
  "col": 14,
  "lit": ""
}
[2026-08-27 01:23:10Z INFO ActionManifestManagerLegacy] Input 'sparse-checkout': default value evaluate result: {
  "type": 0,
  "file": 2,
  "line": 69,
  "col": 14,
  "lit": ""
}
[2026-08-27 01:23:10Z INFO ActionManifestManagerLegacy] Input 'sparse-checkout-cone-mode': default value evaluate result: {
  "type": 0,
  "file": 2,
  "line": 73,
  "col": 14,
  "lit": "true"
}
[2026-08-27 01:23:10Z INFO ActionManifestManagerLegacy] Input 'fetch-depth': default value evaluate result: {
  "type": 0,
  "file": 2,
  "line": 76,
  "col": 14,
  "lit": "1"
}
[2026-08-27 01:23:10Z INFO ActionManifestManagerLegacy] Input 'fetch-tags': default value evaluate result: {
  "type": 0,
  "file": 2,
  "line": 79,
  "col": 14,
  "lit": "false"
}
[2026-08-27 01:23:10Z INFO ActionManifestManagerLegacy] Input 'show-progress': default value evaluate result: {
  "type": 0,
  "file": 2,
  "line": 82,
  "col": 14,
  "lit": "true"
}
[2026-08-27 01:23:10Z INFO ActionManifestManagerLegacy] Input 'lfs': default value evaluate result: {
  "type": 0,
  "file": 2,
  "line": 85,
  "col": 14,
  "lit": "false"
}
[2026-08-27 01:23:10Z INFO ActionManifestManagerLegacy] Input 'submodules': default value evaluate result: {
  "type": 0,
  "file": 2,
  "line": 94,
  "col": 14,
  "lit": "false"
}
[2026-08-27 01:23:10Z INFO ActionManifestManagerLegacy] Input 'set-safe-directory': default value evaluate result: {
  "type": 0,
  "file": 2,
  "line": 97,
  "col": 14,
  "lit": "true"
}
[2026-08-27 01:23:10Z INFO ActionManifestManagerLegacy] Input 'github-server-url': default value evaluate result: ""
[2026-08-27 01:23:10Z INFO ActionManifestManagerLegacy] Input 'allow-unsafe-pr-checkout': default value evaluate result: {
  "type": 0,
  "file": 2,
  "line": 109,
  "col": 14,
  "lit": "false"
}
[2026-08-27 01:23:10Z INFO ExtensionManager] Getting extensions for interface: 'GitHub.Runner.Worker.IActionCommandExtension'
[2026-08-27 01:23:10Z INFO ActionCommandManager] Register action command extension for command internal-set-repo-path
[2026-08-27 01:23:10Z INFO ActionCommandManager] Register action command extension for command set-env
[2026-08-27 01:23:10Z INFO ActionCommandManager] Register action command extension for command set-output
[2026-08-27 01:23:10Z INFO ActionCommandManager] Register action command extension for command save-state
[2026-08-27 01:23:10Z INFO ActionCommandManager] Register action command extension for command add-path
[2026-08-27 01:23:10Z INFO ActionCommandManager] Register action command extension for command add-mask
[2026-08-27 01:23:10Z INFO ActionCommandManager] Register action command extension for command add-matcher
[2026-08-27 01:23:10Z INFO ActionCommandManager] Register action command extension for command remove-matcher
[2026-08-27 01:23:10Z INFO ActionCommandManager] Register action command extension for command warning
[2026-08-27 01:23:10Z INFO ActionCommandManager] Register action command extension for command error
[2026-08-27 01:23:10Z INFO ActionCommandManager] Register action command extension for command notice
[2026-08-27 01:23:10Z INFO ActionCommandManager] Register action command extension for command debug
[2026-08-27 01:23:10Z INFO ActionCommandManager] Register action command extension for command group
[2026-08-27 01:23:10Z INFO ActionCommandManager] Register action command extension for command endgroup
[2026-08-27 01:23:10Z INFO ActionCommandManager] Register action command extension for command echo
[2026-08-27 01:23:10Z INFO HostContext] Well known directory 'Bin': 'D:\actions-runner\bin'
[2026-08-27 01:23:10Z INFO HostContext] Well known directory 'Root': 'D:\actions-runner'
[2026-08-27 01:23:10Z INFO HostContext] Well known directory 'Externals': 'D:\actions-runner\externals'
[2026-08-27 01:23:10Z INFO ProcessInvokerWrapper] Starting process:
[2026-08-27 01:23:10Z INFO ProcessInvokerWrapper]   File name: 'D:\actions-runner\externals\node24\bin\node.exe'
[2026-08-27 01:23:10Z INFO ProcessInvokerWrapper]   Arguments: '"D:\actions-runner\_work\_actions\actions\checkout\v4\dist/index.js"'
[2026-08-27 01:23:10Z INFO ProcessInvokerWrapper]   Working directory: 'D:\actions-runner\_work\SignServer\SignServer'
[2026-08-27 01:23:10Z INFO ProcessInvokerWrapper]   Require exit code zero: 'False'
[2026-08-27 01:23:10Z INFO ProcessInvokerWrapper]   Encoding web name: utf-8 ; code page: '65001'
[2026-08-27 01:23:10Z INFO ProcessInvokerWrapper]   Force kill process on cancellation: 'False'
[2026-08-27 01:23:10Z INFO ProcessInvokerWrapper]   Redirected STDIN: 'False'
[2026-08-27 01:23:10Z INFO ProcessInvokerWrapper]   Persist current code page: 'True'
[2026-08-27 01:23:10Z INFO ProcessInvokerWrapper]   Keep redirected STDIN open: 'False'
[2026-08-27 01:23:10Z INFO ProcessInvokerWrapper]   High priority process: 'False'
[2026-08-27 01:23:10Z INFO ProcessInvokerWrapper] Process started with process id 15088, waiting for process exit.
[2026-08-27 01:23:10Z INFO JobServerQueue] Try to append 1 batches web console lines for record 'e9aa7f22-37f6-48a9-bece-96aada9447ff', success rate: 1/1.
[2026-08-27 01:23:10Z INFO JobServerQueue] Try to append 1 batches web console lines for record 'c1397c98-6eb2-4c45-b57c-36d4a72f7436', success rate: 1/1.
[2026-08-27 01:23:10Z INFO AddMaskCommandExtension] Add new secret mask with length of 32
[2026-08-27 01:23:11Z INFO JobServerQueue] Try to append 1 batches web console lines for record 'c1397c98-6eb2-4c45-b57c-36d4a72f7436', success rate: 1/1.
[2026-08-27 01:23:11Z INFO HostContext] Well known directory 'Bin': 'D:\actions-runner\bin'
[2026-08-27 01:23:11Z INFO HostContext] Well known directory 'Root': 'D:\actions-runner'
[2026-08-27 01:23:11Z INFO HostContext] Well known directory 'Work': 'D:\actions-runner\_work'
[2026-08-27 01:23:11Z INFO JobServerQueue] Try to upload 1 log files or attachments, success rate: 1/1.
[2026-08-27 01:23:11Z INFO JobServerQueue] Got a step log file to send to results service.
[2026-08-27 01:23:11Z INFO JobServerQueue] Starting upload of step log file to results service ResultsLog, D:\actions-runner\_diag\blocks\1e6e2f9c-f40c-4701-ab89-ffaa8a4e172d_e9aa7f22-37f6-48a9-bece-96aada9447ff.1
[2026-08-27 01:23:11Z INFO JobServerQueue] Tried to upload 1 file(s) to results, success rate: 1/1.
[2026-08-27 01:23:11Z INFO JobServerQueue] Try to append 1 batches web console lines for record 'c1397c98-6eb2-4c45-b57c-36d4a72f7436', success rate: 1/1.
[2026-08-27 01:23:12Z INFO JobServerQueue] Try to append 1 batches web console lines for record 'c1397c98-6eb2-4c45-b57c-36d4a72f7436', success rate: 1/1.
[2026-08-27 01:23:13Z INFO ProcessInvokerWrapper] STDOUT/STDERR stream read finished.
[2026-08-27 01:23:13Z INFO ProcessInvokerWrapper] STDOUT/STDERR stream read finished.
[2026-08-27 01:23:13Z INFO ProcessInvokerWrapper] Finished process 15088 with exit code 0, and elapsed time 00:00:02.3647298.
[2026-08-27 01:23:13Z INFO CreateStepSummaryCommand] Step Summary file (D:\actions-runner\_work\_temp\_runner_file_commands\step_summary_d3379b98-2efb-4ffc-a4fd-82c87ed70afa) is empty; skipping attachment upload
[2026-08-27 01:23:13Z INFO StepsRunner] Step result: 
[2026-08-27 01:23:13Z INFO ExecutionContext] Publish step telemetry for current step {
  "action": "actions/checkout",
  "ref": "v4",
  "type": "node24",
  "stage": "Post",
  "stepId": "c1397c98-6eb2-4c45-b57c-36d4a72f7436",
  "result": "succeeded",
  "errorMessages": [],
  "executionTimeInSeconds": 3,
  "startTime": "2026-08-27T01:23:10.6803002Z",
  "finishTime": "2026-08-27T01:23:13.070927Z"
}.
[2026-08-27 01:23:13Z INFO StepsRunner] No need for updating job result with current step result 'Succeeded'.
[2026-08-27 01:23:13Z INFO StepsRunner] Current state: job state = ''
[2026-08-27 01:23:13Z INFO JobRunner] Finalize job.
[2026-08-27 01:23:13Z INFO HostContext] Well known directory 'Bin': 'D:\actions-runner\bin'
[2026-08-27 01:23:13Z INFO HostContext] Well known directory 'Root': 'D:\actions-runner'
[2026-08-27 01:23:13Z INFO HostContext] Well known directory 'Diag': 'D:\actions-runner\_diag'
[2026-08-27 01:23:13Z INFO HostContext] Well known directory 'Bin': 'D:\actions-runner\bin'
[2026-08-27 01:23:13Z INFO HostContext] Well known directory 'Root': 'D:\actions-runner'
[2026-08-27 01:23:13Z INFO HostContext] Well known directory 'Diag': 'D:\actions-runner\_diag'
[2026-08-27 01:23:13Z INFO JobExtension] Initialize Env context
[2026-08-27 01:23:13Z INFO JobExtension] Initialize steps context
[2026-08-27 01:23:13Z INFO JobExtension] Total accessible running process: 171.
[2026-08-27 01:23:13Z INFO JobExtension] Wait for all connectivity checks to finish.
[2026-08-27 01:23:13Z INFO JobExtension] Connectivity check result: {
  "endpointUrl": "https://broker.actions.githubusercontent.com/health",
  "endpointIPs": null,
  "startTime": "2026-08-27T01:22:41.0968981Z",
  "statusCode": "http_OK",
  "requestId": "0E66:7449F:1681D2E:16DC2F9:6A8F9154",
  "httpRequestDurationInMs": 555,
  "dnsResolutionDurationInMs": 0,
  "dnsError": null
}
[2026-08-27 01:23:13Z INFO JobExtension] Connectivity check result: {
  "endpointUrl": "https://token.actions.githubusercontent.com/ready",
  "endpointIPs": null,
  "startTime": "2026-08-27T01:22:41.098283Z",
  "statusCode": "http_NoContent",
  "requestId": "0E68:2101A8:11F56D0:1485C0A:6A8F9154",
  "httpRequestDurationInMs": 269,
  "dnsResolutionDurationInMs": 0,
  "dnsError": null
}
[2026-08-27 01:23:13Z INFO JobExtension] Connectivity check result: {
  "endpointUrl": "https://run.actions.githubusercontent.com/health",
  "endpointIPs": null,
  "startTime": "2026-08-27T01:22:41.0986146Z",
  "statusCode": "http_OK",
  "requestId": "0E67:324E28:192E178:1A0C244:6A8F9154",
  "httpRequestDurationInMs": 298,
  "dnsResolutionDurationInMs": 0,
  "dnsError": null
}
[2026-08-27 01:23:13Z INFO ExecutionContext] Publish step telemetry for current step {
  "action": "complete_job",
  "type": "runner",
  "stage": "Post",
  "stepId": "4b443521-e01f-44ea-8956-1396d3f03a73",
  "result": "succeeded",
  "errorMessages": [
    "Node.js 20 is deprecated. The following actions target Node.js 20 but are being forced to run on Node.js 24: actions/checkout@v4, actions/setup-node@v4. For more information see: https://github.blog/changelog/2025-09-19-deprecation-of-node-20-on-github-act"
  ],
  "executionTimeInSeconds": 1,
  "startTime": "2026-08-27T01:23:13.0789038Z",
  "finishTime": "2026-08-27T01:23:13.0872473Z"
}.
[2026-08-27 01:23:13Z INFO JobRunner] Job result after all job steps finish: Succeeded
[2026-08-27 01:23:13Z INFO JobRunner] Completing the job execution context.
[2026-08-27 01:23:13Z INFO JobRunner] Shutting down the job server queue.
[2026-08-27 01:23:13Z INFO JobServerQueue] Fire signal to shutdown all queues.
[2026-08-27 01:23:13Z INFO JobServerQueue] All queue process task stopped.
[2026-08-27 01:23:13Z INFO JobServerQueue] Try to append 1 batches web console lines for record '4b443521-e01f-44ea-8956-1396d3f03a73', success rate: 1/1.
[2026-08-27 01:23:13Z INFO JobServerQueue] Web console line queue drained.
[2026-08-27 01:23:13Z INFO JobServerQueue] Uploading 3 files in one shot.
[2026-08-27 01:23:13Z INFO JobServerQueue] Try to upload 3 log files or attachments, success rate: 3/3.
[2026-08-27 01:23:13Z INFO JobServerQueue] File upload queue drained.
[2026-08-27 01:23:13Z INFO JobServerQueue] Starting results-based upload queue...
[2026-08-27 01:23:13Z INFO JobServerQueue] Uploading 3 file(s) in one shot through results service.
[2026-08-27 01:23:13Z INFO JobServerQueue] Got a step log file to send to results service.
[2026-08-27 01:23:13Z INFO JobServerQueue] Starting upload of step log file to results service ResultsLog, D:\actions-runner\_diag\blocks\1e6e2f9c-f40c-4701-ab89-ffaa8a4e172d_c1397c98-6eb2-4c45-b57c-36d4a72f7436.1
[2026-08-27 01:23:14Z INFO JobServerQueue] Got a step log file to send to results service.
[2026-08-27 01:23:14Z INFO JobServerQueue] Starting upload of step log file to results service ResultsLog, D:\actions-runner\_diag\blocks\1e6e2f9c-f40c-4701-ab89-ffaa8a4e172d_4b443521-e01f-44ea-8956-1396d3f03a73.1
[2026-08-27 01:23:14Z INFO JobServerQueue] Got a job log file to send to results service.
[2026-08-27 01:23:14Z INFO JobServerQueue] Starting upload of job log file to results service ResultsLog, D:\actions-runner\_diag\blocks\1e6e2f9c-f40c-4701-ab89-ffaa8a4e172d_dc6b4a9f-da71-5600-8247-ba28d7a1c063.1
[2026-08-27 01:23:14Z INFO JobServerQueue] Tried to upload 3 file(s) to results, success rate: 3/3.
[2026-08-27 01:23:14Z INFO JobServerQueue] Results upload queue drained.
[2026-08-27 01:23:14Z INFO JobServerQueue] Timeline update queue drained.
[2026-08-27 01:23:14Z INFO JobServerQueue] Disposing job server ...
[2026-08-27 01:23:14Z INFO JobServerQueue] Disposing results server ...
[2026-08-27 01:23:14Z INFO JobServerQueue] All queue process tasks have been stopped, and all queues are drained.
[2026-08-27 01:23:14Z INFO TempDirectoryManager] Cleaning runner temp folder: D:\actions-runner\_work\_temp
[2026-08-27 01:23:14Z INFO HostContext] Well known directory 'Bin': 'D:\actions-runner\bin'
[2026-08-27 01:23:14Z INFO HostContext] Well known directory 'Root': 'D:\actions-runner'
[2026-08-27 01:23:14Z INFO HostContext] Well known directory 'Diag': 'D:\actions-runner\_diag'
[2026-08-27 01:23:14Z INFO HostContext] Well known config file 'Telemetry': 'D:\actions-runner\_diag\.telemetry'
[2026-08-27 01:23:14Z INFO JobRunner] Raising job completed against run service
[2026-08-27 01:23:15Z INFO Worker] Job completed.
